signal,referee,dataset,label_pct,threshold,n_total,n_admitted,n_correct
M,high_order,AGR_a,5,0.7,150000,78409,56218
M,high_order,AGR_a,5,0.7025,150000,78251,56120
M,high_order,AGR_a,5,0.705,150000,78090,56025
M,high_order,AGR_a,5,0.7075,150000,77900,55909
M,high_order,AGR_a,5,0.71,150000,77721,55788
M,high_order,AGR_a,5,0.7125,150000,77545,55686
M,high_order,AGR_a,5,0.715,150000,77388,55586
M,high_order,AGR_a,5,0.7175,150000,77221,55482
M,high_order,AGR_a,5,0.72,150000,77039,55364
M,high_order,AGR_a,5,0.7225,150000,76874,55255
M,high_order,AGR_a,5,0.725,150000,76699,55130
M,high_order,AGR_a,5,0.7275,150000,76505,55014
M,high_order,AGR_a,5,0.73,150000,76315,54914
M,high_order,AGR_a,5,0.7325,150000,76163,54839
M,high_order,AGR_a,5,0.735,150000,76008,54747
M,high_order,AGR_a,5,0.7375,150000,75838,54644
M,high_order,AGR_a,5,0.74,150000,75664,54528
M,high_order,AGR_a,5,0.7425,150000,75489,54433
M,high_order,AGR_a,5,0.745,150000,75290,54309
M,high_order,AGR_a,5,0.7475,150000,75114,54202
M,high_order,AGR_a,5,0.75,150000,74940,54088
M,high_order,AGR_a,5,0.7525,150000,74740,53958
M,high_order,AGR_a,5,0.755,150000,74551,53834
M,high_order,AGR_a,5,0.7575,150000,74405,53738
M,high_order,AGR_a,5,0.76,150000,74233,53628
M,high_order,AGR_a,5,0.7625,150000,74047,53501
M,high_order,AGR_a,5,0.765,150000,73855,53372
M,high_order,AGR_a,5,0.7675,150000,73680,53254
M,high_order,AGR_a,5,0.77,150000,73489,53144
M,high_order,AGR_a,5,0.7725,150000,73310,53043
M,high_order,AGR_a,5,0.775,150000,73133,52940
M,high_order,AGR_a,5,0.7775,150000,72962,52832
M,high_order,AGR_a,5,0.78,150000,72744,52693
M,high_order,AGR_a,5,0.7825,150000,72553,52574
M,high_order,AGR_a,5,0.785,150000,72361,52444
M,high_order,AGR_a,5,0.7875,150000,72174,52322
M,high_order,AGR_a,5,0.79,150000,71966,52195
M,high_order,AGR_a,5,0.7925,150000,71770,52073
M,high_order,AGR_a,5,0.795,150000,71568,51943
M,high_order,AGR_a,5,0.7975,150000,71376,51816
M,high_order,AGR_a,5,0.8,150000,71200,51703
M,high_order,AGR_a,5,0.8025,150000,71044,51597
M,high_order,AGR_a,5,0.805,150000,70859,51472
M,high_order,AGR_a,5,0.8075,150000,70678,51358
M,high_order,AGR_a,5,0.81,150000,70520,51263
M,high_order,AGR_a,5,0.8125,150000,70366,51162
M,high_order,AGR_a,5,0.815,150000,70167,51041
M,high_order,AGR_a,5,0.8175,150000,69973,50929
M,high_order,AGR_a,5,0.82,150000,69802,50811
M,high_order,AGR_a,5,0.8225,150000,69600,50683
M,high_order,AGR_a,5,0.825,150000,69420,50563
M,high_order,AGR_a,5,0.8275,150000,69249,50458
M,high_order,AGR_a,5,0.83,150000,69068,50351
M,high_order,AGR_a,5,0.8325,150000,68862,50217
M,high_order,AGR_a,5,0.835,150000,68676,50098
M,high_order,AGR_a,5,0.8375,150000,68521,49996
M,high_order,AGR_a,5,0.84,150000,68362,49895
M,high_order,AGR_a,5,0.8425,150000,68189,49792
M,high_order,AGR_a,5,0.845,150000,68024,49688
M,high_order,AGR_a,5,0.8475,150000,67873,49589
M,high_order,AGR_a,5,0.85,150000,67692,49473
M,high_order,AGR_a,5,0.8525,150000,67505,49347
M,high_order,AGR_a,5,0.855,150000,67337,49241
M,high_order,AGR_a,5,0.8575,150000,67182,49136
M,high_order,AGR_a,5,0.86,150000,66994,49016
M,high_order,AGR_a,5,0.8625,150000,66814,48907
M,high_order,AGR_a,5,0.865,150000,66622,48775
M,high_order,AGR_a,5,0.8675,150000,66406,48645
M,high_order,AGR_a,5,0.87,150000,66215,48512
M,high_order,AGR_a,5,0.8725,150000,66021,48386
M,high_order,AGR_a,5,0.875,150000,65807,48244
M,high_order,AGR_a,5,0.8775,150000,65625,48121
M,high_order,AGR_a,5,0.88,150000,65434,47981
M,high_order,AGR_a,5,0.8825,150000,65199,47820
M,high_order,AGR_a,5,0.885,150000,65018,47696
M,high_order,AGR_a,5,0.8875,150000,64818,47561
M,high_order,AGR_a,5,0.89,150000,64635,47437
M,high_order,AGR_a,5,0.8925,150000,64436,47304
M,high_order,AGR_a,5,0.895,150000,64229,47166
M,high_order,AGR_a,5,0.8975,150000,64006,47026
M,high_order,AGR_a,5,0.9,150000,63782,46881
M,high_order,AGR_a,5,0.9025,150000,63591,46758
M,high_order,AGR_a,5,0.905,150000,63370,46611
M,high_order,AGR_a,5,0.9075,150000,63172,46466
M,high_order,AGR_a,5,0.91,150000,62911,46285
M,high_order,AGR_a,5,0.9125,150000,62688,46137
M,high_order,AGR_a,5,0.915,150000,62487,46008
M,high_order,AGR_a,5,0.9175,150000,62251,45858
M,high_order,AGR_a,5,0.92,150000,61997,45672
M,high_order,AGR_a,5,0.9225,150000,61776,45502
M,high_order,AGR_a,5,0.925,150000,61533,45336
M,high_order,AGR_a,5,0.9275,150000,61269,45145
M,high_order,AGR_a,5,0.93,150000,60983,44936
M,high_order,AGR_a,5,0.9325,150000,60695,44718
M,high_order,AGR_a,5,0.935,150000,60444,44549
M,high_order,AGR_a,5,0.9375,150000,60177,44374
M,high_order,AGR_a,5,0.94,150000,59947,44214
M,high_order,AGR_a,5,0.9425,150000,59681,44014
M,high_order,AGR_a,5,0.945,150000,59418,43835
M,high_order,AGR_a,5,0.9475,150000,59149,43663
M,high_order,AGR_a,5,0.95,150000,58868,43473
M,high_order,AGR_a,5,0.9525,150000,58590,43284
M,high_order,AGR_a,5,0.955,150000,58349,43113
M,high_order,AGR_a,5,0.9575,150000,58078,42923
M,high_order,AGR_a,5,0.96,150000,57774,42713
M,high_order,AGR_a,5,0.9625,150000,57468,42497
M,high_order,AGR_a,5,0.965,150000,57092,42209
M,high_order,AGR_a,5,0.9675,150000,56698,41896
M,high_order,AGR_a,5,0.97,150000,56360,41654
M,high_order,AGR_a,5,0.9725,150000,55978,41348
M,high_order,AGR_a,5,0.975,150000,55550,41035
M,high_order,AGR_a,5,0.9775,150000,55132,40718
M,high_order,AGR_a,5,0.98,150000,54665,40367
M,high_order,AGR_a,5,0.9825,150000,54208,40020
M,high_order,AGR_a,5,0.985,150000,53757,39671
M,high_order,AGR_a,5,0.9875,150000,53295,39359
M,high_order,AGR_a,5,0.99,150000,52888,39080
M,high_order,AGR_a,5,0.9925,150000,52408,38745
M,high_order,AGR_a,5,0.995,150000,51835,38403
M,high_order,AGR_a,5,0.9975,150000,51036,37910
M,high_order,AGR_a,5,1.0,150000,46664,35261
c,high_order,AGR_a,5,0.7,150000,53262,46518
c,high_order,AGR_a,5,0.7025,150000,53262,46518
c,high_order,AGR_a,5,0.705,150000,53262,46518
c,high_order,AGR_a,5,0.7075,150000,53262,46518
c,high_order,AGR_a,5,0.71,150000,53262,46518
c,high_order,AGR_a,5,0.7125,150000,53262,46518
c,high_order,AGR_a,5,0.715,150000,53262,46518
c,high_order,AGR_a,5,0.7175,150000,53262,46518
c,high_order,AGR_a,5,0.72,150000,53262,46518
c,high_order,AGR_a,5,0.7225,150000,53262,46518
c,high_order,AGR_a,5,0.725,150000,43679,38966
c,high_order,AGR_a,5,0.7275,150000,43679,38966
c,high_order,AGR_a,5,0.73,150000,43679,38966
c,high_order,AGR_a,5,0.7325,150000,43679,38966
c,high_order,AGR_a,5,0.735,150000,43679,38966
c,high_order,AGR_a,5,0.7375,150000,43679,38966
c,high_order,AGR_a,5,0.74,150000,43679,38966
c,high_order,AGR_a,5,0.7425,150000,43679,38966
c,high_order,AGR_a,5,0.745,150000,43679,38966
c,high_order,AGR_a,5,0.7475,150000,43679,38966
c,high_order,AGR_a,5,0.75,150000,43679,38966
c,high_order,AGR_a,5,0.7525,150000,43679,38966
c,high_order,AGR_a,5,0.755,150000,43679,38966
c,high_order,AGR_a,5,0.7575,150000,43679,38966
c,high_order,AGR_a,5,0.76,150000,35697,32489
c,high_order,AGR_a,5,0.7625,150000,35697,32489
c,high_order,AGR_a,5,0.765,150000,35697,32489
c,high_order,AGR_a,5,0.7675,150000,35697,32489
c,high_order,AGR_a,5,0.77,150000,35697,32489
c,high_order,AGR_a,5,0.7725,150000,35697,32489
c,high_order,AGR_a,5,0.775,150000,35697,32489
c,high_order,AGR_a,5,0.7775,150000,35697,32489
c,high_order,AGR_a,5,0.78,150000,35697,32489
c,high_order,AGR_a,5,0.7825,150000,35697,32489
c,high_order,AGR_a,5,0.785,150000,35697,32489
c,high_order,AGR_a,5,0.7875,150000,35697,32489
c,high_order,AGR_a,5,0.79,150000,35697,32489
c,high_order,AGR_a,5,0.7925,150000,35697,32489
c,high_order,AGR_a,5,0.795,150000,28838,26805
c,high_order,AGR_a,5,0.7975,150000,28838,26805
c,high_order,AGR_a,5,0.8,150000,28838,26805
c,high_order,AGR_a,5,0.8025,150000,28838,26805
c,high_order,AGR_a,5,0.805,150000,28838,26805
c,high_order,AGR_a,5,0.8075,150000,28838,26805
c,high_order,AGR_a,5,0.81,150000,28838,26805
c,high_order,AGR_a,5,0.8125,150000,28838,26805
c,high_order,AGR_a,5,0.815,150000,28838,26805
c,high_order,AGR_a,5,0.8175,150000,28838,26805
c,high_order,AGR_a,5,0.82,150000,28838,26805
c,high_order,AGR_a,5,0.8225,150000,28838,26805
c,high_order,AGR_a,5,0.825,150000,28838,26805
c,high_order,AGR_a,5,0.8275,150000,28838,26805
c,high_order,AGR_a,5,0.83,150000,22909,21710
c,high_order,AGR_a,5,0.8325,150000,22909,21710
c,high_order,AGR_a,5,0.835,150000,22909,21710
c,high_order,AGR_a,5,0.8375,150000,22909,21710
c,high_order,AGR_a,5,0.84,150000,22909,21710
c,high_order,AGR_a,5,0.8425,150000,22909,21710
c,high_order,AGR_a,5,0.845,150000,22909,21710
c,high_order,AGR_a,5,0.8475,150000,22909,21710
c,high_order,AGR_a,5,0.85,150000,22909,21710
c,high_order,AGR_a,5,0.8525,150000,22909,21710
c,high_order,AGR_a,5,0.855,150000,22909,21710
c,high_order,AGR_a,5,0.8575,150000,22909,21710
c,high_order,AGR_a,5,0.86,150000,22909,21710
c,high_order,AGR_a,5,0.8625,150000,17754,17083
c,high_order,AGR_a,5,0.865,150000,17754,17083
c,high_order,AGR_a,5,0.8675,150000,17754,17083
c,high_order,AGR_a,5,0.87,150000,17754,17083
c,high_order,AGR_a,5,0.8725,150000,17754,17083
c,high_order,AGR_a,5,0.875,150000,17754,17083
c,high_order,AGR_a,5,0.8775,150000,17754,17083
c,high_order,AGR_a,5,0.88,150000,17754,17083
c,high_order,AGR_a,5,0.8825,150000,17754,17083
c,high_order,AGR_a,5,0.885,150000,17754,17083
c,high_order,AGR_a,5,0.8875,150000,17754,17083
c,high_order,AGR_a,5,0.89,150000,17754,17083
c,high_order,AGR_a,5,0.8925,150000,17754,17083
c,high_order,AGR_a,5,0.895,150000,17754,17083
c,high_order,AGR_a,5,0.8975,150000,12720,12378
c,high_order,AGR_a,5,0.9,150000,12720,12378
c,high_order,AGR_a,5,0.9025,150000,12720,12378
c,high_order,AGR_a,5,0.905,150000,12720,12378
c,high_order,AGR_a,5,0.9075,150000,12720,12378
c,high_order,AGR_a,5,0.91,150000,12720,12378
c,high_order,AGR_a,5,0.9125,150000,12720,12378
c,high_order,AGR_a,5,0.915,150000,12720,12378
c,high_order,AGR_a,5,0.9175,150000,12720,12378
c,high_order,AGR_a,5,0.92,150000,12720,12378
c,high_order,AGR_a,5,0.9225,150000,12720,12378
c,high_order,AGR_a,5,0.925,150000,12720,12378
c,high_order,AGR_a,5,0.9275,150000,12720,12378
c,high_order,AGR_a,5,0.93,150000,12720,12378
c,high_order,AGR_a,5,0.9325,150000,7786,7634
c,high_order,AGR_a,5,0.935,150000,7786,7634
c,high_order,AGR_a,5,0.9375,150000,7786,7634
c,high_order,AGR_a,5,0.94,150000,7786,7634
c,high_order,AGR_a,5,0.9425,150000,7786,7634
c,high_order,AGR_a,5,0.945,150000,7786,7634
c,high_order,AGR_a,5,0.9475,150000,7786,7634
c,high_order,AGR_a,5,0.95,150000,7786,7634
c,high_order,AGR_a,5,0.9525,150000,7786,7634
c,high_order,AGR_a,5,0.955,150000,7786,7634
c,high_order,AGR_a,5,0.9575,150000,7786,7634
c,high_order,AGR_a,5,0.96,150000,7786,7634
c,high_order,AGR_a,5,0.9625,150000,7786,7634
c,high_order,AGR_a,5,0.965,150000,7786,7634
c,high_order,AGR_a,5,0.9675,150000,2952,2909
c,high_order,AGR_a,5,0.97,150000,2952,2909
c,high_order,AGR_a,5,0.9725,150000,2952,2909
c,high_order,AGR_a,5,0.975,150000,2952,2909
c,high_order,AGR_a,5,0.9775,150000,2952,2909
c,high_order,AGR_a,5,0.98,150000,2952,2909
c,high_order,AGR_a,5,0.9825,150000,2952,2909
c,high_order,AGR_a,5,0.985,150000,2952,2909
c,high_order,AGR_a,5,0.9875,150000,2952,2909
c,high_order,AGR_a,5,0.99,150000,2952,2909
c,high_order,AGR_a,5,0.9925,150000,2952,2909
c,high_order,AGR_a,5,0.995,150000,2952,2909
c,high_order,AGR_a,5,0.9975,150000,2952,2909
c,high_order,AGR_a,5,1.0,150000,2952,2909
A_hat,high_order,AGR_a,5,0.7,150000,66867,45794
A_hat,high_order,AGR_a,5,0.7025,150000,65642,45053
A_hat,high_order,AGR_a,5,0.705,150000,65609,45034
A_hat,high_order,AGR_a,5,0.7075,150000,65580,45019
A_hat,high_order,AGR_a,5,0.71,150000,65540,44997
A_hat,high_order,AGR_a,5,0.7125,150000,65416,44924
A_hat,high_order,AGR_a,5,0.715,150000,65339,44877
A_hat,high_order,AGR_a,5,0.7175,150000,65309,44860
A_hat,high_order,AGR_a,5,0.72,150000,65265,44835
A_hat,high_order,AGR_a,5,0.7225,150000,65203,44796
A_hat,high_order,AGR_a,5,0.725,150000,65142,44756
A_hat,high_order,AGR_a,5,0.7275,150000,65089,44721
A_hat,high_order,AGR_a,5,0.73,150000,65058,44701
A_hat,high_order,AGR_a,5,0.7325,150000,64989,44660
A_hat,high_order,AGR_a,5,0.735,150000,64924,44625
A_hat,high_order,AGR_a,5,0.7375,150000,64889,44605
A_hat,high_order,AGR_a,5,0.74,150000,64852,44578
A_hat,high_order,AGR_a,5,0.7425,150000,64808,44551
A_hat,high_order,AGR_a,5,0.745,150000,64607,44429
A_hat,high_order,AGR_a,5,0.7475,150000,64548,44400
A_hat,high_order,AGR_a,5,0.75,150000,62722,43265
A_hat,high_order,AGR_a,5,0.7525,150000,60901,42134
A_hat,high_order,AGR_a,5,0.755,150000,60841,42096
A_hat,high_order,AGR_a,5,0.7575,150000,60563,41944
A_hat,high_order,AGR_a,5,0.76,150000,60525,41924
A_hat,high_order,AGR_a,5,0.7625,150000,60495,41902
A_hat,high_order,AGR_a,5,0.765,150000,60456,41882
A_hat,high_order,AGR_a,5,0.7675,150000,60404,41847
A_hat,high_order,AGR_a,5,0.77,150000,60287,41776
A_hat,high_order,AGR_a,5,0.7725,150000,60256,41756
A_hat,high_order,AGR_a,5,0.775,150000,60214,41728
A_hat,high_order,AGR_a,5,0.7775,150000,60153,41689
A_hat,high_order,AGR_a,5,0.78,150000,60121,41667
A_hat,high_order,AGR_a,5,0.7825,150000,60081,41643
A_hat,high_order,AGR_a,5,0.785,150000,60048,41622
A_hat,high_order,AGR_a,5,0.7875,150000,59987,41586
A_hat,high_order,AGR_a,5,0.79,150000,59860,41510
A_hat,high_order,AGR_a,5,0.7925,150000,59814,41478
A_hat,high_order,AGR_a,5,0.795,150000,59780,41459
A_hat,high_order,AGR_a,5,0.7975,150000,59762,41448
A_hat,high_order,AGR_a,5,0.8,150000,58606,40716
A_hat,high_order,AGR_a,5,0.8025,150000,49378,35131
A_hat,high_order,AGR_a,5,0.805,150000,49347,35106
A_hat,high_order,AGR_a,5,0.8075,150000,49306,35081
A_hat,high_order,AGR_a,5,0.81,150000,49276,35063
A_hat,high_order,AGR_a,5,0.8125,150000,49149,34994
A_hat,high_order,AGR_a,5,0.815,150000,49077,34957
A_hat,high_order,AGR_a,5,0.8175,150000,49049,34948
A_hat,high_order,AGR_a,5,0.82,150000,49013,34921
A_hat,high_order,AGR_a,5,0.8225,150000,48990,34909
A_hat,high_order,AGR_a,5,0.825,150000,48933,34877
A_hat,high_order,AGR_a,5,0.8275,150000,48887,34848
A_hat,high_order,AGR_a,5,0.83,150000,48871,34838
A_hat,high_order,AGR_a,5,0.8325,150000,48797,34795
A_hat,high_order,AGR_a,5,0.835,150000,48738,34757
A_hat,high_order,AGR_a,5,0.8375,150000,48709,34741
A_hat,high_order,AGR_a,5,0.84,150000,48666,34711
A_hat,high_order,AGR_a,5,0.8425,150000,48617,34674
A_hat,high_order,AGR_a,5,0.845,150000,48364,34512
A_hat,high_order,AGR_a,5,0.8475,150000,48323,34486
A_hat,high_order,AGR_a,5,0.85,150000,46392,33282
A_hat,high_order,AGR_a,5,0.8525,150000,44308,31921
A_hat,high_order,AGR_a,5,0.855,150000,44245,31875
A_hat,high_order,AGR_a,5,0.8575,150000,43974,31713
A_hat,high_order,AGR_a,5,0.86,150000,43934,31689
A_hat,high_order,AGR_a,5,0.8625,150000,43901,31665
A_hat,high_order,AGR_a,5,0.865,150000,43878,31652
A_hat,high_order,AGR_a,5,0.8675,150000,43836,31622
A_hat,high_order,AGR_a,5,0.87,150000,43764,31580
A_hat,high_order,AGR_a,5,0.8725,150000,43737,31564
A_hat,high_order,AGR_a,5,0.875,150000,43708,31548
A_hat,high_order,AGR_a,5,0.8775,150000,43679,31526
A_hat,high_order,AGR_a,5,0.88,150000,43656,31510
A_hat,high_order,AGR_a,5,0.8825,150000,43622,31485
A_hat,high_order,AGR_a,5,0.885,150000,43574,31449
A_hat,high_order,AGR_a,5,0.8875,150000,43522,31416
A_hat,high_order,AGR_a,5,0.89,150000,43346,31308
A_hat,high_order,AGR_a,5,0.8925,150000,43294,31267
A_hat,high_order,AGR_a,5,0.895,150000,43265,31247
A_hat,high_order,AGR_a,5,0.8975,150000,43238,31228
A_hat,high_order,AGR_a,5,0.9,150000,32507,24384
A_hat,high_order,AGR_a,5,0.9025,150000,31201,23500
A_hat,high_order,AGR_a,5,0.905,150000,31180,23484
A_hat,high_order,AGR_a,5,0.9075,150000,31165,23473
A_hat,high_order,AGR_a,5,0.91,150000,31132,23451
A_hat,high_order,AGR_a,5,0.9125,150000,30985,23361
A_hat,high_order,AGR_a,5,0.915,150000,30912,23317
A_hat,high_order,AGR_a,5,0.9175,150000,30901,23312
A_hat,high_order,AGR_a,5,0.92,150000,30886,23302
A_hat,high_order,AGR_a,5,0.9225,150000,30881,23298
A_hat,high_order,AGR_a,5,0.925,150000,30871,23291
A_hat,high_order,AGR_a,5,0.9275,150000,30863,23287
A_hat,high_order,AGR_a,5,0.93,150000,30854,23281
A_hat,high_order,AGR_a,5,0.9325,150000,30848,23276
A_hat,high_order,AGR_a,5,0.935,150000,30847,23275
A_hat,high_order,AGR_a,5,0.9375,150000,30844,23273
A_hat,high_order,AGR_a,5,0.94,150000,30828,23268
A_hat,high_order,AGR_a,5,0.9425,150000,30811,23256
A_hat,high_order,AGR_a,5,0.945,150000,30489,23030
A_hat,high_order,AGR_a,5,0.9475,150000,30436,22997
A_hat,high_order,AGR_a,5,0.95,150000,27602,20955
A_hat,high_order,AGR_a,5,0.9525,150000,24656,18863
A_hat,high_order,AGR_a,5,0.955,150000,24585,18821
A_hat,high_order,AGR_a,5,0.9575,150000,24135,18530
A_hat,high_order,AGR_a,5,0.96,150000,24106,18510
A_hat,high_order,AGR_a,5,0.9625,150000,24101,18506
A_hat,high_order,AGR_a,5,0.965,150000,24100,18505
A_hat,high_order,AGR_a,5,0.9675,150000,24100,18505
A_hat,high_order,AGR_a,5,0.97,150000,24100,18505
A_hat,high_order,AGR_a,5,0.9725,150000,24100,18505
A_hat,high_order,AGR_a,5,0.975,150000,24100,18505
A_hat,high_order,AGR_a,5,0.9775,150000,24100,18505
A_hat,high_order,AGR_a,5,0.98,150000,24100,18505
A_hat,high_order,AGR_a,5,0.9825,150000,24100,18505
A_hat,high_order,AGR_a,5,0.985,150000,24100,18505
A_hat,high_order,AGR_a,5,0.9875,150000,24100,18505
A_hat,high_order,AGR_a,5,0.99,150000,24099,18505
A_hat,high_order,AGR_a,5,0.9925,150000,24099,18505
A_hat,high_order,AGR_a,5,0.995,150000,24099,18505
A_hat,high_order,AGR_a,5,0.9975,150000,24099,18505
A_hat,high_order,AGR_a,5,1.0,150000,24099,18505
C,high_order,AGR_a,5,0.7,150000,58713,43252
C,high_order,AGR_a,5,0.7025,150000,58425,43072
C,high_order,AGR_a,5,0.705,150000,58119,42900
C,high_order,AGR_a,5,0.7075,150000,56528,41887
C,high_order,AGR_a,5,0.71,150000,55935,41500
C,high_order,AGR_a,5,0.7125,150000,55687,41370
C,high_order,AGR_a,5,0.715,150000,55423,41214
C,high_order,AGR_a,5,0.7175,150000,55189,41073
C,high_order,AGR_a,5,0.72,150000,54912,40892
C,high_order,AGR_a,5,0.7225,150000,54682,40745
C,high_order,AGR_a,5,0.725,150000,54436,40588
C,high_order,AGR_a,5,0.7275,150000,54209,40442
C,high_order,AGR_a,5,0.73,150000,53976,40294
C,high_order,AGR_a,5,0.7325,150000,53727,40155
C,high_order,AGR_a,5,0.735,150000,53437,39963
C,high_order,AGR_a,5,0.7375,150000,53176,39802
C,high_order,AGR_a,5,0.74,150000,52834,39588
C,high_order,AGR_a,5,0.7425,150000,50947,38366
C,high_order,AGR_a,5,0.745,150000,50622,38164
C,high_order,AGR_a,5,0.7475,150000,50402,38021
C,high_order,AGR_a,5,0.75,150000,50141,37849
C,high_order,AGR_a,5,0.7525,150000,49936,37714
C,high_order,AGR_a,5,0.755,150000,49715,37581
C,high_order,AGR_a,5,0.7575,150000,49493,37439
C,high_order,AGR_a,5,0.76,150000,49234,37266
C,high_order,AGR_a,5,0.7625,150000,49000,37133
C,high_order,AGR_a,5,0.765,150000,48760,36987
C,high_order,AGR_a,5,0.7675,150000,48490,36813
C,high_order,AGR_a,5,0.77,150000,48218,36647
C,high_order,AGR_a,5,0.7725,150000,47955,36480
C,high_order,AGR_a,5,0.775,150000,46182,35307
C,high_order,AGR_a,5,0.7775,150000,45649,34955
C,high_order,AGR_a,5,0.78,150000,45452,34817
C,high_order,AGR_a,5,0.7825,150000,45263,34707
C,high_order,AGR_a,5,0.785,150000,45048,34566
C,high_order,AGR_a,5,0.7875,150000,44822,34421
C,high_order,AGR_a,5,0.79,150000,44591,34279
C,high_order,AGR_a,5,0.7925,150000,44371,34142
C,high_order,AGR_a,5,0.795,150000,44162,34010
C,high_order,AGR_a,5,0.7975,150000,43915,33857
C,high_order,AGR_a,5,0.8,150000,43655,33696
C,high_order,AGR_a,5,0.8025,150000,43386,33527
C,high_order,AGR_a,5,0.805,150000,43052,33309
C,high_order,AGR_a,5,0.8075,150000,41008,31930
C,high_order,AGR_a,5,0.81,150000,40776,31777
C,high_order,AGR_a,5,0.8125,150000,40586,31660
C,high_order,AGR_a,5,0.815,150000,40371,31524
C,high_order,AGR_a,5,0.8175,150000,40143,31374
C,high_order,AGR_a,5,0.82,150000,39952,31258
C,high_order,AGR_a,5,0.8225,150000,39761,31134
C,high_order,AGR_a,5,0.825,150000,39565,31005
C,high_order,AGR_a,5,0.8275,150000,39372,30872
C,high_order,AGR_a,5,0.83,150000,39163,30737
C,high_order,AGR_a,5,0.8325,150000,38934,30590
C,high_order,AGR_a,5,0.835,150000,38684,30419
C,high_order,AGR_a,5,0.8375,150000,36479,28922
C,high_order,AGR_a,5,0.84,150000,36261,28779
C,high_order,AGR_a,5,0.8425,150000,36082,28661
C,high_order,AGR_a,5,0.845,150000,35901,28551
C,high_order,AGR_a,5,0.8475,150000,35724,28427
C,high_order,AGR_a,5,0.85,150000,35559,28321
C,high_order,AGR_a,5,0.8525,150000,35380,28196
C,high_order,AGR_a,5,0.855,150000,35162,28047
C,high_order,AGR_a,5,0.8575,150000,34930,27906
C,high_order,AGR_a,5,0.86,150000,34723,27774
C,high_order,AGR_a,5,0.8625,150000,34503,27630
C,high_order,AGR_a,5,0.865,150000,34206,27432
C,high_order,AGR_a,5,0.8675,150000,31913,25875
C,high_order,AGR_a,5,0.87,150000,31753,25758
C,high_order,AGR_a,5,0.8725,150000,31601,25652
C,high_order,AGR_a,5,0.875,150000,31450,25555
C,high_order,AGR_a,5,0.8775,150000,31279,25429
C,high_order,AGR_a,5,0.88,150000,31113,25305
C,high_order,AGR_a,5,0.8825,150000,30933,25179
C,high_order,AGR_a,5,0.885,150000,30734,25037
C,high_order,AGR_a,5,0.8875,150000,30509,24878
C,high_order,AGR_a,5,0.89,150000,30319,24739
C,high_order,AGR_a,5,0.8925,150000,30123,24608
C,high_order,AGR_a,5,0.895,150000,27674,22874
C,high_order,AGR_a,5,0.8975,150000,27412,22684
C,high_order,AGR_a,5,0.9,150000,27244,22561
C,high_order,AGR_a,5,0.9025,150000,27090,22449
C,high_order,AGR_a,5,0.905,150000,26951,22337
C,high_order,AGR_a,5,0.9075,150000,26809,22226
C,high_order,AGR_a,5,0.91,150000,26610,22071
C,high_order,AGR_a,5,0.9125,150000,26421,21927
C,high_order,AGR_a,5,0.915,150000,26248,21797
C,high_order,AGR_a,5,0.9175,150000,26081,21673
C,high_order,AGR_a,5,0.92,150000,25848,21505
C,high_order,AGR_a,5,0.9225,150000,23050,19487
C,high_order,AGR_a,5,0.925,150000,22803,19309
C,high_order,AGR_a,5,0.9275,150000,22669,19220
C,high_order,AGR_a,5,0.93,150000,22510,19102
C,high_order,AGR_a,5,0.9325,150000,22345,18985
C,high_order,AGR_a,5,0.935,150000,22204,18870
C,high_order,AGR_a,5,0.9375,150000,22052,18759
C,high_order,AGR_a,5,0.94,150000,21855,18605
C,high_order,AGR_a,5,0.9425,150000,21654,18446
C,high_order,AGR_a,5,0.945,150000,21469,18308
C,high_order,AGR_a,5,0.9475,150000,21273,18166
C,high_order,AGR_a,5,0.95,150000,18060,15717
C,high_order,AGR_a,5,0.9525,150000,17936,15612
C,high_order,AGR_a,5,0.955,150000,17817,15524
C,high_order,AGR_a,5,0.9575,150000,17706,15432
C,high_order,AGR_a,5,0.96,150000,17582,15334
C,high_order,AGR_a,5,0.9625,150000,17439,15221
C,high_order,AGR_a,5,0.965,150000,17293,15108
C,high_order,AGR_a,5,0.9675,150000,17150,14986
C,high_order,AGR_a,5,0.97,150000,16994,14865
C,high_order,AGR_a,5,0.9725,150000,16820,14738
C,high_order,AGR_a,5,0.975,150000,12604,11365
C,high_order,AGR_a,5,0.9775,150000,12440,11224
C,high_order,AGR_a,5,0.98,150000,12367,11161
C,high_order,AGR_a,5,0.9825,150000,12285,11092
C,high_order,AGR_a,5,0.985,150000,12198,11021
C,high_order,AGR_a,5,0.9875,150000,12115,10946
C,high_order,AGR_a,5,0.99,150000,11989,10834
C,high_order,AGR_a,5,0.9925,150000,11824,10692
C,high_order,AGR_a,5,0.995,150000,11659,10550
C,high_order,AGR_a,5,0.9975,150000,11490,10405
C,high_order,AGR_a,5,1.0,150000,11037,10104
C,binary_relevance,AGR_a,5,0.7,150000,75560,55831
C,binary_relevance,AGR_a,5,0.7025,150000,75087,55539
C,binary_relevance,AGR_a,5,0.705,150000,74594,55231
C,binary_relevance,AGR_a,5,0.7075,150000,74124,54961
C,binary_relevance,AGR_a,5,0.71,150000,73639,54664
C,binary_relevance,AGR_a,5,0.7125,150000,73146,54385
C,binary_relevance,AGR_a,5,0.715,150000,72616,54065
C,binary_relevance,AGR_a,5,0.7175,150000,72080,53742
C,binary_relevance,AGR_a,5,0.72,150000,71555,53447
C,binary_relevance,AGR_a,5,0.7225,150000,71059,53140
C,binary_relevance,AGR_a,5,0.725,150000,70544,52819
C,binary_relevance,AGR_a,5,0.7275,150000,69974,52475
C,binary_relevance,AGR_a,5,0.73,150000,69386,52130
C,binary_relevance,AGR_a,5,0.7325,150000,68745,51740
C,binary_relevance,AGR_a,5,0.735,150000,68151,51368
C,binary_relevance,AGR_a,5,0.7375,150000,67620,51018
C,binary_relevance,AGR_a,5,0.74,150000,67081,50678
C,binary_relevance,AGR_a,5,0.7425,150000,66402,50256
C,binary_relevance,AGR_a,5,0.745,150000,65715,49837
C,binary_relevance,AGR_a,5,0.7475,150000,64987,49385
C,binary_relevance,AGR_a,5,0.75,150000,64275,48934
C,binary_relevance,AGR_a,5,0.7525,150000,63429,48397
C,binary_relevance,AGR_a,5,0.755,150000,62367,47712
C,binary_relevance,AGR_a,5,0.7575,150000,61158,46927
C,binary_relevance,AGR_a,5,0.76,150000,60047,46177
C,binary_relevance,AGR_a,5,0.7625,150000,59053,45522
C,binary_relevance,AGR_a,5,0.765,150000,58017,44847
C,binary_relevance,AGR_a,5,0.7675,150000,57022,44169
C,binary_relevance,AGR_a,5,0.77,150000,55940,43447
C,binary_relevance,AGR_a,5,0.7725,150000,55055,42847
C,binary_relevance,AGR_a,5,0.775,150000,53876,42059
C,binary_relevance,AGR_a,5,0.7775,150000,52502,41113
C,binary_relevance,AGR_a,5,0.78,150000,51062,40163
C,binary_relevance,AGR_a,5,0.7825,150000,50033,39474
C,binary_relevance,AGR_a,5,0.785,150000,48838,38685
C,binary_relevance,AGR_a,5,0.7875,150000,47747,37952
C,binary_relevance,AGR_a,5,0.79,150000,46720,37256
C,binary_relevance,AGR_a,5,0.7925,150000,45516,36437
C,binary_relevance,AGR_a,5,0.795,150000,44443,35681
C,binary_relevance,AGR_a,5,0.7975,150000,43516,35025
C,binary_relevance,AGR_a,5,0.8,150000,42560,34364
C,binary_relevance,AGR_a,5,0.8025,150000,41663,33719
C,binary_relevance,AGR_a,5,0.805,150000,40716,33063
C,binary_relevance,AGR_a,5,0.8075,150000,39813,32418
C,binary_relevance,AGR_a,5,0.81,150000,39108,31902
C,binary_relevance,AGR_a,5,0.8125,150000,38287,31326
C,binary_relevance,AGR_a,5,0.815,150000,37684,30896
C,binary_relevance,AGR_a,5,0.8175,150000,36960,30392
C,binary_relevance,AGR_a,5,0.82,150000,36239,29874
C,binary_relevance,AGR_a,5,0.8225,150000,35461,29310
C,binary_relevance,AGR_a,5,0.825,150000,34744,28791
C,binary_relevance,AGR_a,5,0.8275,150000,34027,28277
C,binary_relevance,AGR_a,5,0.83,150000,33227,27684
C,binary_relevance,AGR_a,5,0.8325,150000,32525,27158
C,binary_relevance,AGR_a,5,0.835,150000,31905,26669
C,binary_relevance,AGR_a,5,0.8375,150000,31360,26242
C,binary_relevance,AGR_a,5,0.84,150000,30875,25902
C,binary_relevance,AGR_a,5,0.8425,150000,30326,25495
C,binary_relevance,AGR_a,5,0.845,150000,29854,25160
C,binary_relevance,AGR_a,5,0.8475,150000,29450,24858
C,binary_relevance,AGR_a,5,0.85,150000,29071,24575
C,binary_relevance,AGR_a,5,0.8525,150000,28684,24301
C,binary_relevance,AGR_a,5,0.855,150000,28247,23983
C,binary_relevance,AGR_a,5,0.8575,150000,27760,23606
C,binary_relevance,AGR_a,5,0.86,150000,27262,23236
C,binary_relevance,AGR_a,5,0.8625,150000,26805,22895
C,binary_relevance,AGR_a,5,0.865,150000,26334,22525
C,binary_relevance,AGR_a,5,0.8675,150000,25940,22224
C,binary_relevance,AGR_a,5,0.87,150000,25606,21968
C,binary_relevance,AGR_a,5,0.8725,150000,25155,21624
C,binary_relevance,AGR_a,5,0.875,150000,24791,21352
C,binary_relevance,AGR_a,5,0.8775,150000,24426,21082
C,binary_relevance,AGR_a,5,0.88,150000,23943,20687
C,binary_relevance,AGR_a,5,0.8825,150000,23521,20353
C,binary_relevance,AGR_a,5,0.885,150000,23144,20051
C,binary_relevance,AGR_a,5,0.8875,150000,22762,19756
C,binary_relevance,AGR_a,5,0.89,150000,22355,19420
C,binary_relevance,AGR_a,5,0.8925,150000,21982,19119
C,binary_relevance,AGR_a,5,0.895,150000,21704,18906
C,binary_relevance,AGR_a,5,0.8975,150000,21467,18716
C,binary_relevance,AGR_a,5,0.9,150000,21158,18487
C,binary_relevance,AGR_a,5,0.9025,150000,20877,18280
C,binary_relevance,AGR_a,5,0.905,150000,20587,18061
C,binary_relevance,AGR_a,5,0.9075,150000,20195,17733
C,binary_relevance,AGR_a,5,0.91,150000,19901,17511
C,binary_relevance,AGR_a,5,0.9125,150000,19634,17308
C,binary_relevance,AGR_a,5,0.915,150000,19380,17111
C,binary_relevance,AGR_a,5,0.9175,150000,18965,16804
C,binary_relevance,AGR_a,5,0.92,150000,18546,16478
C,binary_relevance,AGR_a,5,0.9225,150000,18095,16105
C,binary_relevance,AGR_a,5,0.925,150000,17588,15692
C,binary_relevance,AGR_a,5,0.9275,150000,17130,15328
C,binary_relevance,AGR_a,5,0.93,150000,16709,14978
C,binary_relevance,AGR_a,5,0.9325,150000,16227,14586
C,binary_relevance,AGR_a,5,0.935,150000,15617,14088
C,binary_relevance,AGR_a,5,0.9375,150000,14835,13430
C,binary_relevance,AGR_a,5,0.94,150000,13938,12641
C,binary_relevance,AGR_a,5,0.9425,150000,13138,11945
C,binary_relevance,AGR_a,5,0.945,150000,12301,11201
C,binary_relevance,AGR_a,5,0.9475,150000,11771,10769
C,binary_relevance,AGR_a,5,0.95,150000,11342,10405
C,binary_relevance,AGR_a,5,0.9525,150000,10802,9925
C,binary_relevance,AGR_a,5,0.955,150000,9776,8992
C,binary_relevance,AGR_a,5,0.9575,150000,7145,6493
C,binary_relevance,AGR_a,5,0.96,150000,4983,4436
C,binary_relevance,AGR_a,5,0.9625,150000,2920,2456
C,binary_relevance,AGR_a,5,0.965,150000,1543,1155
C,binary_relevance,AGR_a,5,0.9675,150000,1449,1083
C,binary_relevance,AGR_a,5,0.97,150000,1368,1023
C,binary_relevance,AGR_a,5,0.9725,150000,1259,930
C,binary_relevance,AGR_a,5,0.975,150000,1122,812
C,binary_relevance,AGR_a,5,0.9775,150000,1078,781
C,binary_relevance,AGR_a,5,0.98,150000,1043,757
C,binary_relevance,AGR_a,5,0.9825,150000,1002,729
C,binary_relevance,AGR_a,5,0.985,150000,959,699
C,binary_relevance,AGR_a,5,0.9875,150000,918,664
C,binary_relevance,AGR_a,5,0.99,150000,871,630
C,binary_relevance,AGR_a,5,0.9925,150000,808,581
C,binary_relevance,AGR_a,5,0.995,150000,730,530
C,binary_relevance,AGR_a,5,0.9975,150000,498,376
C,binary_relevance,AGR_a,5,1.0,150000,166,131
w,high_order,AGR_a,5,0.7,150000,66032,55985
w,high_order,AGR_a,5,0.7025,150000,65098,55291
w,high_order,AGR_a,5,0.705,150000,64183,54620
w,high_order,AGR_a,5,0.7075,150000,63266,53949
w,high_order,AGR_a,5,0.71,150000,62326,53239
w,high_order,AGR_a,5,0.7125,150000,61415,52554
w,high_order,AGR_a,5,0.715,150000,60490,51862
w,high_order,AGR_a,5,0.7175,150000,59590,51186
w,high_order,AGR_a,5,0.72,150000,58707,50549
w,high_order,AGR_a,5,0.7225,150000,57798,49826
w,high_order,AGR_a,5,0.725,150000,56864,49119
w,high_order,AGR_a,5,0.7275,150000,55999,48470
w,high_order,AGR_a,5,0.73,150000,55081,47756
w,high_order,AGR_a,5,0.7325,150000,54151,47033
w,high_order,AGR_a,5,0.735,150000,53345,46423
w,high_order,AGR_a,5,0.7375,150000,52477,45761
w,high_order,AGR_a,5,0.74,150000,51581,45062
w,high_order,AGR_a,5,0.7425,150000,50668,44358
w,high_order,AGR_a,5,0.745,150000,49794,43652
w,high_order,AGR_a,5,0.7475,150000,48893,42955
w,high_order,AGR_a,5,0.75,150000,48066,42304
w,high_order,AGR_a,5,0.7525,150000,47222,41633
w,high_order,AGR_a,5,0.755,150000,46389,40957
w,high_order,AGR_a,5,0.7575,150000,45528,40288
w,high_order,AGR_a,5,0.76,150000,44728,39637
w,high_order,AGR_a,5,0.7625,150000,43930,38998
w,high_order,AGR_a,5,0.765,150000,43053,38295
w,high_order,AGR_a,5,0.7675,150000,42256,37639
w,high_order,AGR_a,5,0.77,150000,41463,36994
w,high_order,AGR_a,5,0.7725,150000,40614,36327
w,high_order,AGR_a,5,0.775,150000,39844,35722
w,high_order,AGR_a,5,0.7775,150000,39076,35080
w,high_order,AGR_a,5,0.78,150000,38289,34438
w,high_order,AGR_a,5,0.7825,150000,37557,33829
w,high_order,AGR_a,5,0.785,150000,36831,33215
w,high_order,AGR_a,5,0.7875,150000,36090,32608
w,high_order,AGR_a,5,0.79,150000,35353,32006
w,high_order,AGR_a,5,0.7925,150000,34622,31391
w,high_order,AGR_a,5,0.795,150000,33877,30765
w,high_order,AGR_a,5,0.7975,150000,33119,30122
w,high_order,AGR_a,5,0.8,150000,32420,29558
w,high_order,AGR_a,5,0.8025,150000,31714,28973
w,high_order,AGR_a,5,0.805,150000,31059,28421
w,high_order,AGR_a,5,0.8075,150000,30412,27859
w,high_order,AGR_a,5,0.81,150000,29776,27320
w,high_order,AGR_a,5,0.8125,150000,29045,26673
w,high_order,AGR_a,5,0.815,150000,28329,26063
w,high_order,AGR_a,5,0.8175,150000,27701,25504
w,high_order,AGR_a,5,0.82,150000,27111,24986
w,high_order,AGR_a,5,0.8225,150000,26487,24439
w,high_order,AGR_a,5,0.825,150000,25858,23890
w,high_order,AGR_a,5,0.8275,150000,25229,23331
w,high_order,AGR_a,5,0.83,150000,24616,22806
w,high_order,AGR_a,5,0.8325,150000,24027,22291
w,high_order,AGR_a,5,0.835,150000,23463,21786
w,high_order,AGR_a,5,0.8375,150000,22850,21266
w,high_order,AGR_a,5,0.84,150000,22286,20760
w,high_order,AGR_a,5,0.8425,150000,21723,20254
w,high_order,AGR_a,5,0.845,150000,21148,19751
w,high_order,AGR_a,5,0.8475,150000,20631,19305
w,high_order,AGR_a,5,0.85,150000,20089,18829
w,high_order,AGR_a,5,0.8525,150000,19593,18382
w,high_order,AGR_a,5,0.855,150000,19090,17938
w,high_order,AGR_a,5,0.8575,150000,18565,17469
w,high_order,AGR_a,5,0.86,150000,18087,17033
w,high_order,AGR_a,5,0.8625,150000,17658,16647
w,high_order,AGR_a,5,0.865,150000,17195,16221
w,high_order,AGR_a,5,0.8675,150000,16727,15793
w,high_order,AGR_a,5,0.87,150000,16288,15408
w,high_order,AGR_a,5,0.8725,150000,15827,14994
w,high_order,AGR_a,5,0.875,150000,15422,14619
w,high_order,AGR_a,5,0.8775,150000,15000,14237
w,high_order,AGR_a,5,0.88,150000,14571,13840
w,high_order,AGR_a,5,0.8825,150000,14189,13490
w,high_order,AGR_a,5,0.885,150000,13795,13126
w,high_order,AGR_a,5,0.8875,150000,13412,12773
w,high_order,AGR_a,5,0.89,150000,13003,12399
w,high_order,AGR_a,5,0.8925,150000,12602,12037
w,high_order,AGR_a,5,0.895,150000,12201,11656
w,high_order,AGR_a,5,0.8975,150000,11818,11298
w,high_order,AGR_a,5,0.9,150000,11445,10968
w,high_order,AGR_a,5,0.9025,150000,11110,10658
w,high_order,AGR_a,5,0.905,150000,10735,10318
w,high_order,AGR_a,5,0.9075,150000,10387,9986
w,high_order,AGR_a,5,0.91,150000,10047,9675
w,high_order,AGR_a,5,0.9125,150000,9675,9320
w,high_order,AGR_a,5,0.915,150000,9349,9017
w,high_order,AGR_a,5,0.9175,150000,9038,8718
w,high_order,AGR_a,5,0.92,150000,8690,8388
w,high_order,AGR_a,5,0.9225,150000,8349,8067
w,high_order,AGR_a,5,0.925,150000,8029,7759
w,high_order,AGR_a,5,0.9275,150000,7696,7443
w,high_order,AGR_a,5,0.93,150000,7384,7146
w,high_order,AGR_a,5,0.9325,150000,7056,6836
w,high_order,AGR_a,5,0.935,150000,6760,6552
w,high_order,AGR_a,5,0.9375,150000,6473,6282
w,high_order,AGR_a,5,0.94,150000,6171,5992
w,high_order,AGR_a,5,0.9425,150000,5862,5700
w,high_order,AGR_a,5,0.945,150000,5555,5405
w,high_order,AGR_a,5,0.9475,150000,5236,5096
w,high_order,AGR_a,5,0.95,150000,4938,4811
w,high_order,AGR_a,5,0.9525,150000,4598,4484
w,high_order,AGR_a,5,0.955,150000,4308,4204
w,high_order,AGR_a,5,0.9575,150000,4050,3956
w,high_order,AGR_a,5,0.96,150000,3818,3733
w,high_order,AGR_a,5,0.9625,150000,3594,3516
w,high_order,AGR_a,5,0.965,150000,3353,3284
w,high_order,AGR_a,5,0.9675,150000,3103,3046
w,high_order,AGR_a,5,0.97,150000,2804,2756
w,high_order,AGR_a,5,0.9725,150000,2422,2383
w,high_order,AGR_a,5,0.975,150000,2027,1994
w,high_order,AGR_a,5,0.9775,150000,1691,1660
w,high_order,AGR_a,5,0.98,150000,1529,1499
w,high_order,AGR_a,5,0.9825,150000,1433,1406
w,high_order,AGR_a,5,0.985,150000,1306,1283
w,high_order,AGR_a,5,0.9875,150000,1184,1163
w,high_order,AGR_a,5,0.99,150000,1033,1017
w,high_order,AGR_a,5,0.9925,150000,821,807
w,high_order,AGR_a,5,0.995,150000,551,542
w,high_order,AGR_a,5,0.9975,150000,257,252
w,high_order,AGR_a,5,1.0,150000,0,0
A_hat,binary_relevance_probe,AGR_a,5,0.7,600000,203157,148977
A_hat,binary_relevance_probe,AGR_a,5,0.7025,600000,201076,147620
A_hat,binary_relevance_probe,AGR_a,5,0.705,600000,198804,146236
A_hat,binary_relevance_probe,AGR_a,5,0.7075,600000,196893,145024
A_hat,binary_relevance_probe,AGR_a,5,0.71,600000,194963,143761
A_hat,binary_relevance_probe,AGR_a,5,0.7125,600000,192963,142490
A_hat,binary_relevance_probe,AGR_a,5,0.715,600000,191016,141222
A_hat,binary_relevance_probe,AGR_a,5,0.7175,600000,189262,140085
A_hat,binary_relevance_probe,AGR_a,5,0.72,600000,187764,139132
A_hat,binary_relevance_probe,AGR_a,5,0.7225,600000,186194,138087
A_hat,binary_relevance_probe,AGR_a,5,0.725,600000,184459,136989
A_hat,binary_relevance_probe,AGR_a,5,0.7275,600000,182617,135799
A_hat,binary_relevance_probe,AGR_a,5,0.73,600000,180854,134643
A_hat,binary_relevance_probe,AGR_a,5,0.7325,600000,178922,133424
A_hat,binary_relevance_probe,AGR_a,5,0.735,600000,176840,132039
A_hat,binary_relevance_probe,AGR_a,5,0.7375,600000,174830,130682
A_hat,binary_relevance_probe,AGR_a,5,0.74,600000,173168,129578
A_hat,binary_relevance_probe,AGR_a,5,0.7425,600000,171521,128515
A_hat,binary_relevance_probe,AGR_a,5,0.745,600000,170252,127673
A_hat,binary_relevance_probe,AGR_a,5,0.7475,600000,168542,126570
A_hat,binary_relevance_probe,AGR_a,5,0.75,600000,167084,125621
A_hat,binary_relevance_probe,AGR_a,5,0.7525,600000,165860,124828
A_hat,binary_relevance_probe,AGR_a,5,0.755,600000,164481,123941
A_hat,binary_relevance_probe,AGR_a,5,0.7575,600000,163154,123039
A_hat,binary_relevance_probe,AGR_a,5,0.76,600000,161975,122275
A_hat,binary_relevance_probe,AGR_a,5,0.7625,600000,160829,121501
A_hat,binary_relevance_probe,AGR_a,5,0.765,600000,159658,120717
A_hat,binary_relevance_probe,AGR_a,5,0.7675,600000,158489,119932
A_hat,binary_relevance_probe,AGR_a,5,0.77,600000,157101,119025
A_hat,binary_relevance_probe,AGR_a,5,0.7725,600000,155794,118143
A_hat,binary_relevance_probe,AGR_a,5,0.775,600000,154703,117411
A_hat,binary_relevance_probe,AGR_a,5,0.7775,600000,153569,116629
A_hat,binary_relevance_probe,AGR_a,5,0.78,600000,152636,116018
A_hat,binary_relevance_probe,AGR_a,5,0.7825,600000,151564,115286
A_hat,binary_relevance_probe,AGR_a,5,0.785,600000,150350,114487
A_hat,binary_relevance_probe,AGR_a,5,0.7875,600000,149110,113716
A_hat,binary_relevance_probe,AGR_a,5,0.79,600000,148088,113065
A_hat,binary_relevance_probe,AGR_a,5,0.7925,600000,147170,112446
A_hat,binary_relevance_probe,AGR_a,5,0.795,600000,146241,111838
A_hat,binary_relevance_probe,AGR_a,5,0.7975,600000,145140,111117
A_hat,binary_relevance_probe,AGR_a,5,0.8,600000,144028,110380
A_hat,binary_relevance_probe,AGR_a,5,0.8025,600000,142946,109626
A_hat,binary_relevance_probe,AGR_a,5,0.805,600000,141781,108815
A_hat,binary_relevance_probe,AGR_a,5,0.8075,600000,140553,108008
A_hat,binary_relevance_probe,AGR_a,5,0.81,600000,139100,107064
A_hat,binary_relevance_probe,AGR_a,5,0.8125,600000,137572,106095
A_hat,binary_relevance_probe,AGR_a,5,0.815,600000,136407,105360
A_hat,binary_relevance_probe,AGR_a,5,0.8175,600000,134977,104431
A_hat,binary_relevance_probe,AGR_a,5,0.82,600000,133569,103507
A_hat,binary_relevance_probe,AGR_a,5,0.8225,600000,132253,102669
A_hat,binary_relevance_probe,AGR_a,5,0.825,600000,130769,101664
A_hat,binary_relevance_probe,AGR_a,5,0.8275,600000,129215,100717
A_hat,binary_relevance_probe,AGR_a,5,0.83,600000,127729,99791
A_hat,binary_relevance_probe,AGR_a,5,0.8325,600000,126418,98924
A_hat,binary_relevance_probe,AGR_a,5,0.835,600000,124947,97978
A_hat,binary_relevance_probe,AGR_a,5,0.8375,600000,123466,97029
A_hat,binary_relevance_probe,AGR_a,5,0.84,600000,121865,95972
A_hat,binary_relevance_probe,AGR_a,5,0.8425,600000,120160,94819
A_hat,binary_relevance_probe,AGR_a,5,0.845,600000,118630,93774
A_hat,binary_relevance_probe,AGR_a,5,0.8475,600000,116447,92249
A_hat,binary_relevance_probe,AGR_a,5,0.85,600000,113175,89856
A_hat,binary_relevance_probe,AGR_a,5,0.8525,600000,110852,88221
A_hat,binary_relevance_probe,AGR_a,5,0.855,600000,108943,86872
A_hat,binary_relevance_probe,AGR_a,5,0.8575,600000,107119,85505
A_hat,binary_relevance_probe,AGR_a,5,0.86,600000,105127,84161
A_hat,binary_relevance_probe,AGR_a,5,0.8625,600000,103349,82895
A_hat,binary_relevance_probe,AGR_a,5,0.865,600000,101054,81309
A_hat,binary_relevance_probe,AGR_a,5,0.8675,600000,98731,79597
A_hat,binary_relevance_probe,AGR_a,5,0.87,600000,95728,77456
A_hat,binary_relevance_probe,AGR_a,5,0.8725,600000,92481,74945
A_hat,binary_relevance_probe,AGR_a,5,0.875,600000,88692,72021
A_hat,binary_relevance_probe,AGR_a,5,0.8775,600000,85867,69833
A_hat,binary_relevance_probe,AGR_a,5,0.88,600000,84215,68670
A_hat,binary_relevance_probe,AGR_a,5,0.8825,600000,82138,67186
A_hat,binary_relevance_probe,AGR_a,5,0.885,600000,79710,65438
A_hat,binary_relevance_probe,AGR_a,5,0.8875,600000,76976,63294
A_hat,binary_relevance_probe,AGR_a,5,0.89,600000,73596,60628
A_hat,binary_relevance_probe,AGR_a,5,0.8925,600000,71341,58963
A_hat,binary_relevance_probe,AGR_a,5,0.895,600000,69603,57760
A_hat,binary_relevance_probe,AGR_a,5,0.8975,600000,67672,56360
A_hat,binary_relevance_probe,AGR_a,5,0.9,600000,65563,54717
A_hat,binary_relevance_probe,AGR_a,5,0.9025,600000,63866,53436
A_hat,binary_relevance_probe,AGR_a,5,0.905,600000,61741,51832
A_hat,binary_relevance_probe,AGR_a,5,0.9075,600000,60080,50531
A_hat,binary_relevance_probe,AGR_a,5,0.91,600000,58564,49390
A_hat,binary_relevance_probe,AGR_a,5,0.9125,600000,54263,45720
A_hat,binary_relevance_probe,AGR_a,5,0.915,600000,48184,40289
A_hat,binary_relevance_probe,AGR_a,5,0.9175,600000,43038,35757
A_hat,binary_relevance_probe,AGR_a,5,0.92,600000,35613,29129
A_hat,binary_relevance_probe,AGR_a,5,0.9225,600000,28880,23010
A_hat,binary_relevance_probe,AGR_a,5,0.925,600000,20519,15381
A_hat,binary_relevance_probe,AGR_a,5,0.9275,600000,14324,9638
A_hat,binary_relevance_probe,AGR_a,5,0.93,600000,13918,9331
A_hat,binary_relevance_probe,AGR_a,5,0.9325,600000,13705,9208
A_hat,binary_relevance_probe,AGR_a,5,0.935,600000,13427,9043
A_hat,binary_relevance_probe,AGR_a,5,0.9375,600000,13047,8758
A_hat,binary_relevance_probe,AGR_a,5,0.94,600000,12559,8368
A_hat,binary_relevance_probe,AGR_a,5,0.9425,600000,11974,7886
A_hat,binary_relevance_probe,AGR_a,5,0.945,600000,11315,7363
A_hat,binary_relevance_probe,AGR_a,5,0.9475,600000,10797,6940
A_hat,binary_relevance_probe,AGR_a,5,0.95,600000,10249,6484
A_hat,binary_relevance_probe,AGR_a,5,0.9525,600000,9973,6270
A_hat,binary_relevance_probe,AGR_a,5,0.955,600000,9571,5931
A_hat,binary_relevance_probe,AGR_a,5,0.9575,600000,9383,5813
A_hat,binary_relevance_probe,AGR_a,5,0.96,600000,9220,5720
A_hat,binary_relevance_probe,AGR_a,5,0.9625,600000,9047,5615
A_hat,binary_relevance_probe,AGR_a,5,0.965,600000,8891,5518
A_hat,binary_relevance_probe,AGR_a,5,0.9675,600000,8698,5399
A_hat,binary_relevance_probe,AGR_a,5,0.97,600000,8516,5289
A_hat,binary_relevance_probe,AGR_a,5,0.9725,600000,8349,5181
A_hat,binary_relevance_probe,AGR_a,5,0.975,600000,8202,5092
A_hat,binary_relevance_probe,AGR_a,5,0.9775,600000,8029,4981
A_hat,binary_relevance_probe,AGR_a,5,0.98,600000,7838,4853
A_hat,binary_relevance_probe,AGR_a,5,0.9825,600000,7646,4730
A_hat,binary_relevance_probe,AGR_a,5,0.985,600000,7464,4619
A_hat,binary_relevance_probe,AGR_a,5,0.9875,600000,7271,4500
A_hat,binary_relevance_probe,AGR_a,5,0.99,600000,7073,4370
A_hat,binary_relevance_probe,AGR_a,5,0.9925,600000,6844,4221
A_hat,binary_relevance_probe,AGR_a,5,0.995,600000,6529,4027
A_hat,binary_relevance_probe,AGR_a,5,0.9975,600000,6075,3761
A_hat,binary_relevance_probe,AGR_a,5,1.0,600000,2011,1245
M,high_order,AGR_g,5,0.7,150000,81076,62946
M,high_order,AGR_g,5,0.7025,150000,80957,62874
M,high_order,AGR_g,5,0.705,150000,80845,62798
M,high_order,AGR_g,5,0.7075,150000,80693,62708
M,high_order,AGR_g,5,0.71,150000,80567,62639
M,high_order,AGR_g,5,0.7125,150000,80413,62560
M,high_order,AGR_g,5,0.715,150000,80289,62486
M,high_order,AGR_g,5,0.7175,150000,80146,62399
M,high_order,AGR_g,5,0.72,150000,79989,62303
M,high_order,AGR_g,5,0.7225,150000,79814,62203
M,high_order,AGR_g,5,0.725,150000,79652,62103
M,high_order,AGR_g,5,0.7275,150000,79499,62023
M,high_order,AGR_g,5,0.73,150000,79393,61970
M,high_order,AGR_g,5,0.7325,150000,79278,61903
M,high_order,AGR_g,5,0.735,150000,79136,61811
M,high_order,AGR_g,5,0.7375,150000,78985,61726
M,high_order,AGR_g,5,0.74,150000,78839,61638
M,high_order,AGR_g,5,0.7425,150000,78699,61549
M,high_order,AGR_g,5,0.745,150000,78561,61464
M,high_order,AGR_g,5,0.7475,150000,78419,61389
M,high_order,AGR_g,5,0.75,150000,78266,61300
M,high_order,AGR_g,5,0.7525,150000,78133,61215
M,high_order,AGR_g,5,0.755,150000,77990,61125
M,high_order,AGR_g,5,0.7575,150000,77885,61058
M,high_order,AGR_g,5,0.76,150000,77750,60983
M,high_order,AGR_g,5,0.7625,150000,77635,60916
M,high_order,AGR_g,5,0.765,150000,77476,60830
M,high_order,AGR_g,5,0.7675,150000,77347,60753
M,high_order,AGR_g,5,0.77,150000,77205,60677
M,high_order,AGR_g,5,0.7725,150000,77078,60605
M,high_order,AGR_g,5,0.775,150000,76963,60536
M,high_order,AGR_g,5,0.7775,150000,76846,60461
M,high_order,AGR_g,5,0.78,150000,76705,60374
M,high_order,AGR_g,5,0.7825,150000,76563,60292
M,high_order,AGR_g,5,0.785,150000,76402,60201
M,high_order,AGR_g,5,0.7875,150000,76252,60106
M,high_order,AGR_g,5,0.79,150000,76131,60040
M,high_order,AGR_g,5,0.7925,150000,75996,59956
M,high_order,AGR_g,5,0.795,150000,75851,59861
M,high_order,AGR_g,5,0.7975,150000,75716,59787
M,high_order,AGR_g,5,0.8,150000,75576,59703
M,high_order,AGR_g,5,0.8025,150000,75453,59624
M,high_order,AGR_g,5,0.805,150000,75334,59545
M,high_order,AGR_g,5,0.8075,150000,75196,59467
M,high_order,AGR_g,5,0.81,150000,75111,59414
M,high_order,AGR_g,5,0.8125,150000,74978,59331
M,high_order,AGR_g,5,0.815,150000,74846,59256
M,high_order,AGR_g,5,0.8175,150000,74718,59174
M,high_order,AGR_g,5,0.82,150000,74592,59089
M,high_order,AGR_g,5,0.8225,150000,74469,59008
M,high_order,AGR_g,5,0.825,150000,74345,58922
M,high_order,AGR_g,5,0.8275,150000,74240,58848
M,high_order,AGR_g,5,0.83,150000,74128,58778
M,high_order,AGR_g,5,0.8325,150000,74012,58707
M,high_order,AGR_g,5,0.835,150000,73883,58625
M,high_order,AGR_g,5,0.8375,150000,73765,58561
M,high_order,AGR_g,5,0.84,150000,73668,58500
M,high_order,AGR_g,5,0.8425,150000,73553,58431
M,high_order,AGR_g,5,0.845,150000,73445,58365
M,high_order,AGR_g,5,0.8475,150000,73327,58286
M,high_order,AGR_g,5,0.85,150000,73212,58217
M,high_order,AGR_g,5,0.8525,150000,73083,58128
M,high_order,AGR_g,5,0.855,150000,72954,58043
M,high_order,AGR_g,5,0.8575,150000,72822,57957
M,high_order,AGR_g,5,0.86,150000,72681,57859
M,high_order,AGR_g,5,0.8625,150000,72535,57750
M,high_order,AGR_g,5,0.865,150000,72408,57677
M,high_order,AGR_g,5,0.8675,150000,72265,57597
M,high_order,AGR_g,5,0.87,150000,72127,57509
M,high_order,AGR_g,5,0.8725,150000,72009,57438
M,high_order,AGR_g,5,0.875,150000,71890,57368
M,high_order,AGR_g,5,0.8775,150000,71762,57289
M,high_order,AGR_g,5,0.88,150000,71632,57197
M,high_order,AGR_g,5,0.8825,150000,71493,57111
M,high_order,AGR_g,5,0.885,150000,71380,57037
M,high_order,AGR_g,5,0.8875,150000,71236,56934
M,high_order,AGR_g,5,0.89,150000,71111,56854
M,high_order,AGR_g,5,0.8925,150000,70969,56760
M,high_order,AGR_g,5,0.895,150000,70825,56659
M,high_order,AGR_g,5,0.8975,150000,70687,56563
M,high_order,AGR_g,5,0.9,150000,70558,56475
M,high_order,AGR_g,5,0.9025,150000,70394,56372
M,high_order,AGR_g,5,0.905,150000,70245,56272
M,high_order,AGR_g,5,0.9075,150000,70080,56167
M,high_order,AGR_g,5,0.91,150000,69952,56082
M,high_order,AGR_g,5,0.9125,150000,69814,55976
M,high_order,AGR_g,5,0.915,150000,69682,55892
M,high_order,AGR_g,5,0.9175,150000,69533,55792
M,high_order,AGR_g,5,0.92,150000,69358,55670
M,high_order,AGR_g,5,0.9225,150000,69197,55554
M,high_order,AGR_g,5,0.925,150000,69065,55464
M,high_order,AGR_g,5,0.9275,150000,68919,55365
M,high_order,AGR_g,5,0.93,150000,68759,55252
M,high_order,AGR_g,5,0.9325,150000,68580,55125
M,high_order,AGR_g,5,0.935,150000,68426,55020
M,high_order,AGR_g,5,0.9375,150000,68241,54902
M,high_order,AGR_g,5,0.94,150000,68056,54759
M,high_order,AGR_g,5,0.9425,150000,67908,54661
M,high_order,AGR_g,5,0.945,150000,67750,54552
M,high_order,AGR_g,5,0.9475,150000,67584,54445
M,high_order,AGR_g,5,0.95,150000,67421,54335
M,high_order,AGR_g,5,0.9525,150000,67274,54247
M,high_order,AGR_g,5,0.955,150000,67116,54139
M,high_order,AGR_g,5,0.9575,150000,66958,54033
M,high_order,AGR_g,5,0.96,150000,66797,53932
M,high_order,AGR_g,5,0.9625,150000,66576,53783
M,high_order,AGR_g,5,0.965,150000,66412,53671
M,high_order,AGR_g,5,0.9675,150000,66200,53522
M,high_order,AGR_g,5,0.97,150000,65998,53388
M,high_order,AGR_g,5,0.9725,150000,65761,53225
M,high_order,AGR_g,5,0.975,150000,65555,53071
M,high_order,AGR_g,5,0.9775,150000,65323,52932
M,high_order,AGR_g,5,0.98,150000,65065,52751
M,high_order,AGR_g,5,0.9825,150000,64823,52599
M,high_order,AGR_g,5,0.985,150000,64555,52420
M,high_order,AGR_g,5,0.9875,150000,64300,52249
M,high_order,AGR_g,5,0.99,150000,63944,52020
M,high_order,AGR_g,5,0.9925,150000,63599,51811
M,high_order,AGR_g,5,0.995,150000,63104,51511
M,high_order,AGR_g,5,0.9975,150000,62351,51061
M,high_order,AGR_g,5,1.0,150000,58240,48626
c,high_order,AGR_g,5,0.7,150000,70336,63610
c,high_order,AGR_g,5,0.7025,150000,70336,63610
c,high_order,AGR_g,5,0.705,150000,70336,63610
c,high_order,AGR_g,5,0.7075,150000,70336,63610
c,high_order,AGR_g,5,0.71,150000,70336,63610
c,high_order,AGR_g,5,0.7125,150000,70336,63610
c,high_order,AGR_g,5,0.715,150000,70336,63610
c,high_order,AGR_g,5,0.7175,150000,70336,63610
c,high_order,AGR_g,5,0.72,150000,70336,63610
c,high_order,AGR_g,5,0.7225,150000,70336,63610
c,high_order,AGR_g,5,0.725,150000,62668,57847
c,high_order,AGR_g,5,0.7275,150000,62668,57847
c,high_order,AGR_g,5,0.73,150000,62668,57847
c,high_order,AGR_g,5,0.7325,150000,62668,57847
c,high_order,AGR_g,5,0.735,150000,62668,57847
c,high_order,AGR_g,5,0.7375,150000,62668,57847
c,high_order,AGR_g,5,0.74,150000,62668,57847
c,high_order,AGR_g,5,0.7425,150000,62668,57847
c,high_order,AGR_g,5,0.745,150000,62668,57847
c,high_order,AGR_g,5,0.7475,150000,62668,57847
c,high_order,AGR_g,5,0.75,150000,62668,57847
c,high_order,AGR_g,5,0.7525,150000,62668,57847
c,high_order,AGR_g,5,0.755,150000,62668,57847
c,high_order,AGR_g,5,0.7575,150000,62668,57847
c,high_order,AGR_g,5,0.76,150000,56294,52809
c,high_order,AGR_g,5,0.7625,150000,56294,52809
c,high_order,AGR_g,5,0.765,150000,56294,52809
c,high_order,AGR_g,5,0.7675,150000,56294,52809
c,high_order,AGR_g,5,0.77,150000,56294,52809
c,high_order,AGR_g,5,0.7725,150000,56294,52809
c,high_order,AGR_g,5,0.775,150000,56294,52809
c,high_order,AGR_g,5,0.7775,150000,56294,52809
c,high_order,AGR_g,5,0.78,150000,56294,52809
c,high_order,AGR_g,5,0.7825,150000,56294,52809
c,high_order,AGR_g,5,0.785,150000,56294,52809
c,high_order,AGR_g,5,0.7875,150000,56294,52809
c,high_order,AGR_g,5,0.79,150000,56294,52809
c,high_order,AGR_g,5,0.7925,150000,56294,52809
c,high_order,AGR_g,5,0.795,150000,51154,48600
c,high_order,AGR_g,5,0.7975,150000,51154,48600
c,high_order,AGR_g,5,0.8,150000,51154,48600
c,high_order,AGR_g,5,0.8025,150000,51154,48600
c,high_order,AGR_g,5,0.805,150000,51154,48600
c,high_order,AGR_g,5,0.8075,150000,51154,48600
c,high_order,AGR_g,5,0.81,150000,51154,48600
c,high_order,AGR_g,5,0.8125,150000,51154,48600
c,high_order,AGR_g,5,0.815,150000,51154,48600
c,high_order,AGR_g,5,0.8175,150000,51154,48600
c,high_order,AGR_g,5,0.82,150000,51154,48600
c,high_order,AGR_g,5,0.8225,150000,51154,48600
c,high_order,AGR_g,5,0.825,150000,51154,48600
c,high_order,AGR_g,5,0.8275,150000,51154,48600
c,high_order,AGR_g,5,0.83,150000,46653,44807
c,high_order,AGR_g,5,0.8325,150000,46653,44807
c,high_order,AGR_g,5,0.835,150000,46653,44807
c,high_order,AGR_g,5,0.8375,150000,46653,44807
c,high_order,AGR_g,5,0.84,150000,46653,44807
c,high_order,AGR_g,5,0.8425,150000,46653,44807
c,high_order,AGR_g,5,0.845,150000,46653,44807
c,high_order,AGR_g,5,0.8475,150000,46653,44807
c,high_order,AGR_g,5,0.85,150000,46653,44807
c,high_order,AGR_g,5,0.8525,150000,46653,44807
c,high_order,AGR_g,5,0.855,150000,46653,44807
c,high_order,AGR_g,5,0.8575,150000,46653,44807
c,high_order,AGR_g,5,0.86,150000,46653,44807
c,high_order,AGR_g,5,0.8625,150000,42439,41130
c,high_order,AGR_g,5,0.865,150000,42439,41130
c,high_order,AGR_g,5,0.8675,150000,42439,41130
c,high_order,AGR_g,5,0.87,150000,42439,41130
c,high_order,AGR_g,5,0.8725,150000,42439,41130
c,high_order,AGR_g,5,0.875,150000,42439,41130
c,high_order,AGR_g,5,0.8775,150000,42439,41130
c,high_order,AGR_g,5,0.88,150000,42439,41130
c,high_order,AGR_g,5,0.8825,150000,42439,41130
c,high_order,AGR_g,5,0.885,150000,42439,41130
c,high_order,AGR_g,5,0.8875,150000,42439,41130
c,high_order,AGR_g,5,0.89,150000,42439,41130
c,high_order,AGR_g,5,0.8925,150000,42439,41130
c,high_order,AGR_g,5,0.895,150000,42439,41130
c,high_order,AGR_g,5,0.8975,150000,37668,36804
c,high_order,AGR_g,5,0.9,150000,37668,36804
c,high_order,AGR_g,5,0.9025,150000,37668,36804
c,high_order,AGR_g,5,0.905,150000,37668,36804
c,high_order,AGR_g,5,0.9075,150000,37668,36804
c,high_order,AGR_g,5,0.91,150000,37668,36804
c,high_order,AGR_g,5,0.9125,150000,37668,36804
c,high_order,AGR_g,5,0.915,150000,37668,36804
c,high_order,AGR_g,5,0.9175,150000,37668,36804
c,high_order,AGR_g,5,0.92,150000,37668,36804
c,high_order,AGR_g,5,0.9225,150000,37668,36804
c,high_order,AGR_g,5,0.925,150000,37668,36804
c,high_order,AGR_g,5,0.9275,150000,37668,36804
c,high_order,AGR_g,5,0.93,150000,37668,36804
c,high_order,AGR_g,5,0.9325,150000,32098,31598
c,high_order,AGR_g,5,0.935,150000,32098,31598
c,high_order,AGR_g,5,0.9375,150000,32098,31598
c,high_order,AGR_g,5,0.94,150000,32098,31598
c,high_order,AGR_g,5,0.9425,150000,32098,31598
c,high_order,AGR_g,5,0.945,150000,32098,31598
c,high_order,AGR_g,5,0.9475,150000,32098,31598
c,high_order,AGR_g,5,0.95,150000,32098,31598
c,high_order,AGR_g,5,0.9525,150000,32098,31598
c,high_order,AGR_g,5,0.955,150000,32098,31598
c,high_order,AGR_g,5,0.9575,150000,32098,31598
c,high_order,AGR_g,5,0.96,150000,32098,31598
c,high_order,AGR_g,5,0.9625,150000,32098,31598
c,high_order,AGR_g,5,0.965,150000,32098,31598
c,high_order,AGR_g,5,0.9675,150000,24128,23950
c,high_order,AGR_g,5,0.97,150000,24128,23950
c,high_order,AGR_g,5,0.9725,150000,24128,23950
c,high_order,AGR_g,5,0.975,150000,24128,23950
c,high_order,AGR_g,5,0.9775,150000,24128,23950
c,high_order,AGR_g,5,0.98,150000,24128,23950
c,high_order,AGR_g,5,0.9825,150000,24128,23950
c,high_order,AGR_g,5,0.985,150000,24128,23950
c,high_order,AGR_g,5,0.9875,150000,24128,23950
c,high_order,AGR_g,5,0.99,150000,24128,23950
c,high_order,AGR_g,5,0.9925,150000,24128,23950
c,high_order,AGR_g,5,0.995,150000,24128,23950
c,high_order,AGR_g,5,0.9975,150000,24128,23950
c,high_order,AGR_g,5,1.0,150000,24128,23950
A_hat,high_order,AGR_g,5,0.7,150000,79356,61686
A_hat,high_order,AGR_g,5,0.7025,150000,78025,60902
A_hat,high_order,AGR_g,5,0.705,150000,77996,60886
A_hat,high_order,AGR_g,5,0.7075,150000,77966,60870
A_hat,high_order,AGR_g,5,0.71,150000,77932,60848
A_hat,high_order,AGR_g,5,0.7125,150000,77897,60824
A_hat,high_order,AGR_g,5,0.715,150000,77871,60806
A_hat,high_order,AGR_g,5,0.7175,150000,77840,60782
A_hat,high_order,AGR_g,5,0.72,150000,77812,60766
A_hat,high_order,AGR_g,5,0.7225,150000,77783,60748
A_hat,high_order,AGR_g,5,0.725,150000,77760,60734
A_hat,high_order,AGR_g,5,0.7275,150000,77733,60721
A_hat,high_order,AGR_g,5,0.73,150000,77707,60711
A_hat,high_order,AGR_g,5,0.7325,150000,77681,60698
A_hat,high_order,AGR_g,5,0.735,150000,77652,60683
A_hat,high_order,AGR_g,5,0.7375,150000,77625,60666
A_hat,high_order,AGR_g,5,0.74,150000,77600,60651
A_hat,high_order,AGR_g,5,0.7425,150000,77578,60639
A_hat,high_order,AGR_g,5,0.745,150000,77551,60625
A_hat,high_order,AGR_g,5,0.7475,150000,77520,60604
A_hat,high_order,AGR_g,5,0.75,150000,75714,59548
A_hat,high_order,AGR_g,5,0.7525,150000,73703,58323
A_hat,high_order,AGR_g,5,0.755,150000,73679,58312
A_hat,high_order,AGR_g,5,0.7575,150000,73650,58290
A_hat,high_order,AGR_g,5,0.76,150000,73618,58272
A_hat,high_order,AGR_g,5,0.7625,150000,73591,58255
A_hat,high_order,AGR_g,5,0.765,150000,73571,58242
A_hat,high_order,AGR_g,5,0.7675,150000,73538,58220
A_hat,high_order,AGR_g,5,0.77,150000,73513,58202
A_hat,high_order,AGR_g,5,0.7725,150000,73488,58186
A_hat,high_order,AGR_g,5,0.775,150000,73465,58173
A_hat,high_order,AGR_g,5,0.7775,150000,73435,58154
A_hat,high_order,AGR_g,5,0.78,150000,73409,58139
A_hat,high_order,AGR_g,5,0.7825,150000,73387,58126
A_hat,high_order,AGR_g,5,0.785,150000,73351,58104
A_hat,high_order,AGR_g,5,0.7875,150000,73336,58095
A_hat,high_order,AGR_g,5,0.79,150000,73305,58076
A_hat,high_order,AGR_g,5,0.7925,150000,73285,58062
A_hat,high_order,AGR_g,5,0.795,150000,73249,58041
A_hat,high_order,AGR_g,5,0.7975,150000,73217,58015
A_hat,high_order,AGR_g,5,0.8,150000,72017,57285
A_hat,high_order,AGR_g,5,0.8025,150000,64318,52270
A_hat,high_order,AGR_g,5,0.805,150000,64287,52246
A_hat,high_order,AGR_g,5,0.8075,150000,64266,52232
A_hat,high_order,AGR_g,5,0.81,150000,64254,52227
A_hat,high_order,AGR_g,5,0.8125,150000,64232,52216
A_hat,high_order,AGR_g,5,0.815,150000,64216,52204
A_hat,high_order,AGR_g,5,0.8175,150000,64198,52191
A_hat,high_order,AGR_g,5,0.82,150000,64184,52187
A_hat,high_order,AGR_g,5,0.8225,150000,64175,52181
A_hat,high_order,AGR_g,5,0.825,150000,64144,52161
A_hat,high_order,AGR_g,5,0.8275,150000,64122,52145
A_hat,high_order,AGR_g,5,0.83,150000,64106,52131
A_hat,high_order,AGR_g,5,0.8325,150000,64089,52120
A_hat,high_order,AGR_g,5,0.835,150000,64069,52108
A_hat,high_order,AGR_g,5,0.8375,150000,64041,52089
A_hat,high_order,AGR_g,5,0.84,150000,64019,52075
A_hat,high_order,AGR_g,5,0.8425,150000,63980,52046
A_hat,high_order,AGR_g,5,0.845,150000,63961,52032
A_hat,high_order,AGR_g,5,0.8475,150000,63936,52017
A_hat,high_order,AGR_g,5,0.85,150000,61889,50687
A_hat,high_order,AGR_g,5,0.8525,150000,59713,49277
A_hat,high_order,AGR_g,5,0.855,150000,59687,49261
A_hat,high_order,AGR_g,5,0.8575,150000,59668,49247
A_hat,high_order,AGR_g,5,0.86,150000,59654,49238
A_hat,high_order,AGR_g,5,0.8625,150000,59638,49225
A_hat,high_order,AGR_g,5,0.865,150000,59618,49209
A_hat,high_order,AGR_g,5,0.8675,150000,59601,49197
A_hat,high_order,AGR_g,5,0.87,150000,59591,49191
A_hat,high_order,AGR_g,5,0.8725,150000,59570,49179
A_hat,high_order,AGR_g,5,0.875,150000,59540,49159
A_hat,high_order,AGR_g,5,0.8775,150000,59509,49137
A_hat,high_order,AGR_g,5,0.88,150000,59490,49123
A_hat,high_order,AGR_g,5,0.8825,150000,59457,49100
A_hat,high_order,AGR_g,5,0.885,150000,59423,49075
A_hat,high_order,AGR_g,5,0.8875,150000,59394,49056
A_hat,high_order,AGR_g,5,0.89,150000,59362,49034
A_hat,high_order,AGR_g,5,0.8925,150000,59336,49016
A_hat,high_order,AGR_g,5,0.895,150000,59320,49003
A_hat,high_order,AGR_g,5,0.8975,150000,59293,48982
A_hat,high_order,AGR_g,5,0.9,150000,49030,41781
A_hat,high_order,AGR_g,5,0.9025,150000,47669,40845
A_hat,high_order,AGR_g,5,0.905,150000,47654,40835
A_hat,high_order,AGR_g,5,0.9075,150000,47641,40822
A_hat,high_order,AGR_g,5,0.91,150000,47627,40814
A_hat,high_order,AGR_g,5,0.9125,150000,47611,40800
A_hat,high_order,AGR_g,5,0.915,150000,47607,40797
A_hat,high_order,AGR_g,5,0.9175,150000,47600,40795
A_hat,high_order,AGR_g,5,0.92,150000,47593,40789
A_hat,high_order,AGR_g,5,0.9225,150000,47588,40786
A_hat,high_order,AGR_g,5,0.925,150000,47583,40782
A_hat,high_order,AGR_g,5,0.9275,150000,47578,40778
A_hat,high_order,AGR_g,5,0.93,150000,47572,40773
A_hat,high_order,AGR_g,5,0.9325,150000,47568,40769
A_hat,high_order,AGR_g,5,0.935,150000,47567,40768
A_hat,high_order,AGR_g,5,0.9375,150000,47567,40768
A_hat,high_order,AGR_g,5,0.94,150000,47567,40768
A_hat,high_order,AGR_g,5,0.9425,150000,47565,40766
A_hat,high_order,AGR_g,5,0.945,150000,47564,40765
A_hat,high_order,AGR_g,5,0.9475,150000,47564,40765
A_hat,high_order,AGR_g,5,0.95,150000,44486,38577
A_hat,high_order,AGR_g,5,0.9525,150000,41489,36464
A_hat,high_order,AGR_g,5,0.955,150000,41488,36463
A_hat,high_order,AGR_g,5,0.9575,150000,41487,36462
A_hat,high_order,AGR_g,5,0.96,150000,41486,36461
A_hat,high_order,AGR_g,5,0.9625,150000,41485,36461
A_hat,high_order,AGR_g,5,0.965,150000,41485,36461
A_hat,high_order,AGR_g,5,0.9675,150000,41485,36461
A_hat,high_order,AGR_g,5,0.97,150000,41485,36461
A_hat,high_order,AGR_g,5,0.9725,150000,41485,36461
A_hat,high_order,AGR_g,5,0.975,150000,41485,36461
A_hat,high_order,AGR_g,5,0.9775,150000,41485,36461
A_hat,high_order,AGR_g,5,0.98,150000,41485,36461
A_hat,high_order,AGR_g,5,0.9825,150000,41485,36461
A_hat,high_order,AGR_g,5,0.985,150000,41485,36461
A_hat,high_order,AGR_g,5,0.9875,150000,41485,36461
A_hat,high_order,AGR_g,5,0.99,150000,41483,36460
A_hat,high_order,AGR_g,5,0.9925,150000,41483,36460
A_hat,high_order,AGR_g,5,0.995,150000,41483,36460
A_hat,high_order,AGR_g,5,0.9975,150000,41483,36460
A_hat,high_order,AGR_g,5,1.0,150000,41483,36460
C,high_order,AGR_g,5,0.7,150000,67840,56205
C,high_order,AGR_g,5,0.7025,150000,67625,56076
C,high_order,AGR_g,5,0.705,150000,67388,55922
C,high_order,AGR_g,5,0.7075,150000,65480,54654
C,high_order,AGR_g,5,0.71,150000,65189,54469
C,high_order,AGR_g,5,0.7125,150000,64999,54353
C,high_order,AGR_g,5,0.715,150000,64823,54243
C,high_order,AGR_g,5,0.7175,150000,64652,54141
C,high_order,AGR_g,5,0.72,150000,64518,54057
C,high_order,AGR_g,5,0.7225,150000,64376,53964
C,high_order,AGR_g,5,0.725,150000,64200,53865
C,high_order,AGR_g,5,0.7275,150000,64024,53752
C,high_order,AGR_g,5,0.73,150000,63852,53638
C,high_order,AGR_g,5,0.7325,150000,63678,53533
C,high_order,AGR_g,5,0.735,150000,63494,53422
C,high_order,AGR_g,5,0.7375,150000,63331,53311
C,high_order,AGR_g,5,0.74,150000,63166,53217
C,high_order,AGR_g,5,0.7425,150000,62104,52546
C,high_order,AGR_g,5,0.745,150000,61932,52440
C,high_order,AGR_g,5,0.7475,150000,61772,52340
C,high_order,AGR_g,5,0.75,150000,61603,52244
C,high_order,AGR_g,5,0.7525,150000,61455,52151
C,high_order,AGR_g,5,0.755,150000,61305,52044
C,high_order,AGR_g,5,0.7575,150000,61147,51939
C,high_order,AGR_g,5,0.76,150000,60979,51832
C,high_order,AGR_g,5,0.7625,150000,60817,51733
C,high_order,AGR_g,5,0.765,150000,60664,51622
C,high_order,AGR_g,5,0.7675,150000,60463,51492
C,high_order,AGR_g,5,0.77,150000,60277,51383
C,high_order,AGR_g,5,0.7725,150000,60045,51244
C,high_order,AGR_g,5,0.775,150000,57957,49807
C,high_order,AGR_g,5,0.7775,150000,57690,49633
C,high_order,AGR_g,5,0.78,150000,57548,49532
C,high_order,AGR_g,5,0.7825,150000,57419,49454
C,high_order,AGR_g,5,0.785,150000,57251,49353
C,high_order,AGR_g,5,0.7875,150000,57096,49254
C,high_order,AGR_g,5,0.79,150000,56954,49167
C,high_order,AGR_g,5,0.7925,150000,56816,49075
C,high_order,AGR_g,5,0.795,150000,56674,48985
C,high_order,AGR_g,5,0.7975,150000,56507,48868
C,high_order,AGR_g,5,0.8,150000,56357,48777
C,high_order,AGR_g,5,0.8025,150000,56215,48683
C,high_order,AGR_g,5,0.805,150000,56025,48558
C,high_order,AGR_g,5,0.8075,150000,54882,47783
C,high_order,AGR_g,5,0.81,150000,54729,47679
C,high_order,AGR_g,5,0.8125,150000,54589,47575
C,high_order,AGR_g,5,0.815,150000,54466,47490
C,high_order,AGR_g,5,0.8175,150000,54332,47396
C,high_order,AGR_g,5,0.82,150000,54189,47306
C,high_order,AGR_g,5,0.8225,150000,54061,47215
C,high_order,AGR_g,5,0.825,150000,53917,47119
C,high_order,AGR_g,5,0.8275,150000,53761,47008
C,high_order,AGR_g,5,0.83,150000,53570,46879
C,high_order,AGR_g,5,0.8325,150000,53396,46776
C,high_order,AGR_g,5,0.835,150000,53206,46657
C,high_order,AGR_g,5,0.8375,150000,50631,44801
C,high_order,AGR_g,5,0.84,150000,50500,44709
C,high_order,AGR_g,5,0.8425,150000,50396,44633
C,high_order,AGR_g,5,0.845,150000,50274,44555
C,high_order,AGR_g,5,0.8475,150000,50173,44490
C,high_order,AGR_g,5,0.85,150000,50038,44392
C,high_order,AGR_g,5,0.8525,150000,49917,44312
C,high_order,AGR_g,5,0.855,150000,49805,44241
C,high_order,AGR_g,5,0.8575,150000,49672,44138
C,high_order,AGR_g,5,0.86,150000,49553,44057
C,high_order,AGR_g,5,0.8625,150000,49410,43953
C,high_order,AGR_g,5,0.865,150000,49246,43846
C,high_order,AGR_g,5,0.8675,150000,47950,42936
C,high_order,AGR_g,5,0.87,150000,47840,42851
C,high_order,AGR_g,5,0.8725,150000,47715,42759
C,high_order,AGR_g,5,0.875,150000,47588,42663
C,high_order,AGR_g,5,0.8775,150000,47464,42567
C,high_order,AGR_g,5,0.88,150000,47352,42483
C,high_order,AGR_g,5,0.8825,150000,47216,42385
C,high_order,AGR_g,5,0.885,150000,47069,42276
C,high_order,AGR_g,5,0.8875,150000,46936,42183
C,high_order,AGR_g,5,0.89,150000,46811,42104
C,high_order,AGR_g,5,0.8925,150000,46625,41971
C,high_order,AGR_g,5,0.895,150000,43554,39614
C,high_order,AGR_g,5,0.8975,150000,43423,39528
C,high_order,AGR_g,5,0.9,150000,43304,39433
C,high_order,AGR_g,5,0.9025,150000,43196,39347
C,high_order,AGR_g,5,0.905,150000,43096,39274
C,high_order,AGR_g,5,0.9075,150000,42986,39187
C,high_order,AGR_g,5,0.91,150000,42866,39099
C,high_order,AGR_g,5,0.9125,150000,42763,39028
C,high_order,AGR_g,5,0.915,150000,42659,38944
C,high_order,AGR_g,5,0.9175,150000,42527,38853
C,high_order,AGR_g,5,0.92,150000,42385,38752
C,high_order,AGR_g,5,0.9225,150000,40795,37569
C,high_order,AGR_g,5,0.925,150000,40654,37448
C,high_order,AGR_g,5,0.9275,150000,40532,37347
C,high_order,AGR_g,5,0.93,150000,40372,37209
C,high_order,AGR_g,5,0.9325,150000,40245,37106
C,high_order,AGR_g,5,0.935,150000,40109,37002
C,high_order,AGR_g,5,0.9375,150000,39980,36892
C,high_order,AGR_g,5,0.94,150000,39838,36770
C,high_order,AGR_g,5,0.9425,150000,39689,36663
C,high_order,AGR_g,5,0.945,150000,39519,36533
C,high_order,AGR_g,5,0.9475,150000,39338,36409
C,high_order,AGR_g,5,0.95,150000,34616,32532
C,high_order,AGR_g,5,0.9525,150000,34537,32473
C,high_order,AGR_g,5,0.955,150000,34460,32411
C,high_order,AGR_g,5,0.9575,150000,34386,32349
C,high_order,AGR_g,5,0.96,150000,34313,32288
C,high_order,AGR_g,5,0.9625,150000,34237,32225
C,high_order,AGR_g,5,0.965,150000,34156,32157
C,high_order,AGR_g,5,0.9675,150000,34036,32058
C,high_order,AGR_g,5,0.97,150000,33946,31981
C,high_order,AGR_g,5,0.9725,150000,33854,31905
C,high_order,AGR_g,5,0.975,150000,31018,29543
C,high_order,AGR_g,5,0.9775,150000,30943,29478
C,high_order,AGR_g,5,0.98,150000,30870,29417
C,high_order,AGR_g,5,0.9825,150000,30785,29342
C,high_order,AGR_g,5,0.985,150000,30717,29285
C,high_order,AGR_g,5,0.9875,150000,30622,29205
C,high_order,AGR_g,5,0.99,150000,30505,29108
C,high_order,AGR_g,5,0.9925,150000,30394,29022
C,high_order,AGR_g,5,0.995,150000,30273,28922
C,high_order,AGR_g,5,0.9975,150000,30140,28825
C,high_order,AGR_g,5,1.0,150000,29503,28354
C,binary_relevance,AGR_g,5,0.7,150000,71307,57004
C,binary_relevance,AGR_g,5,0.7025,150000,70874,56734
C,binary_relevance,AGR_g,5,0.705,150000,70423,56465
C,binary_relevance,AGR_g,5,0.7075,150000,70007,56213
C,binary_relevance,AGR_g,5,0.71,150000,69595,55972
C,binary_relevance,AGR_g,5,0.7125,150000,69184,55704
C,binary_relevance,AGR_g,5,0.715,150000,68691,55406
C,binary_relevance,AGR_g,5,0.7175,150000,68217,55141
C,binary_relevance,AGR_g,5,0.72,150000,67645,54794
C,binary_relevance,AGR_g,5,0.7225,150000,66997,54417
C,binary_relevance,AGR_g,5,0.725,150000,66282,53975
C,binary_relevance,AGR_g,5,0.7275,150000,65547,53490
C,binary_relevance,AGR_g,5,0.73,150000,64577,52882
C,binary_relevance,AGR_g,5,0.7325,150000,63842,52404
C,binary_relevance,AGR_g,5,0.735,150000,63022,51863
C,binary_relevance,AGR_g,5,0.7375,150000,62187,51282
C,binary_relevance,AGR_g,5,0.74,150000,61187,50594
C,binary_relevance,AGR_g,5,0.7425,150000,60143,49891
C,binary_relevance,AGR_g,5,0.745,150000,59137,49171
C,binary_relevance,AGR_g,5,0.7475,150000,58128,48464
C,binary_relevance,AGR_g,5,0.75,150000,57097,47709
C,binary_relevance,AGR_g,5,0.7525,150000,56042,46938
C,binary_relevance,AGR_g,5,0.755,150000,55095,46276
C,binary_relevance,AGR_g,5,0.7575,150000,54180,45607
C,binary_relevance,AGR_g,5,0.76,150000,53178,44842
C,binary_relevance,AGR_g,5,0.7625,150000,52178,44083
C,binary_relevance,AGR_g,5,0.765,150000,51140,43288
C,binary_relevance,AGR_g,5,0.7675,150000,50171,42513
C,binary_relevance,AGR_g,5,0.77,150000,49272,41812
C,binary_relevance,AGR_g,5,0.7725,150000,48383,41086
C,binary_relevance,AGR_g,5,0.775,150000,47395,40283
C,binary_relevance,AGR_g,5,0.7775,150000,46395,39452
C,binary_relevance,AGR_g,5,0.78,150000,45367,38622
C,binary_relevance,AGR_g,5,0.7825,150000,44406,37807
C,binary_relevance,AGR_g,5,0.785,150000,43430,36989
C,binary_relevance,AGR_g,5,0.7875,150000,42535,36244
C,binary_relevance,AGR_g,5,0.79,150000,41665,35526
C,binary_relevance,AGR_g,5,0.7925,150000,40880,34889
C,binary_relevance,AGR_g,5,0.795,150000,40060,34200
C,binary_relevance,AGR_g,5,0.7975,150000,39297,33559
C,binary_relevance,AGR_g,5,0.8,150000,38544,32940
C,binary_relevance,AGR_g,5,0.8025,150000,37786,32269
C,binary_relevance,AGR_g,5,0.805,150000,37091,31675
C,binary_relevance,AGR_g,5,0.8075,150000,36316,31018
C,binary_relevance,AGR_g,5,0.81,150000,35539,30355
C,binary_relevance,AGR_g,5,0.8125,150000,34798,29739
C,binary_relevance,AGR_g,5,0.815,150000,34081,29142
C,binary_relevance,AGR_g,5,0.8175,150000,33438,28613
C,binary_relevance,AGR_g,5,0.82,150000,32805,28067
C,binary_relevance,AGR_g,5,0.8225,150000,32179,27546
C,binary_relevance,AGR_g,5,0.825,150000,31626,27084
C,binary_relevance,AGR_g,5,0.8275,150000,31042,26575
C,binary_relevance,AGR_g,5,0.83,150000,30484,26105
C,binary_relevance,AGR_g,5,0.8325,150000,29968,25665
C,binary_relevance,AGR_g,5,0.835,150000,29493,25274
C,binary_relevance,AGR_g,5,0.8375,150000,29068,24915
C,binary_relevance,AGR_g,5,0.84,150000,28665,24564
C,binary_relevance,AGR_g,5,0.8425,150000,28278,24254
C,binary_relevance,AGR_g,5,0.845,150000,27892,23941
C,binary_relevance,AGR_g,5,0.8475,150000,27428,23553
C,binary_relevance,AGR_g,5,0.85,150000,27017,23203
C,binary_relevance,AGR_g,5,0.8525,150000,26647,22911
C,binary_relevance,AGR_g,5,0.855,150000,26240,22582
C,binary_relevance,AGR_g,5,0.8575,150000,25902,22326
C,binary_relevance,AGR_g,5,0.86,150000,25608,22091
C,binary_relevance,AGR_g,5,0.8625,150000,25283,21837
C,binary_relevance,AGR_g,5,0.865,150000,24916,21530
C,binary_relevance,AGR_g,5,0.8675,150000,24593,21273
C,binary_relevance,AGR_g,5,0.87,150000,24268,21020
C,binary_relevance,AGR_g,5,0.8725,150000,23994,20803
C,binary_relevance,AGR_g,5,0.875,150000,23654,20525
C,binary_relevance,AGR_g,5,0.8775,150000,23381,20315
C,binary_relevance,AGR_g,5,0.88,150000,23050,20040
C,binary_relevance,AGR_g,5,0.8825,150000,22774,19822
C,binary_relevance,AGR_g,5,0.885,150000,22478,19594
C,binary_relevance,AGR_g,5,0.8875,150000,22198,19364
C,binary_relevance,AGR_g,5,0.89,150000,21901,19136
C,binary_relevance,AGR_g,5,0.8925,150000,21606,18899
C,binary_relevance,AGR_g,5,0.895,150000,21346,18703
C,binary_relevance,AGR_g,5,0.8975,150000,21042,18452
C,binary_relevance,AGR_g,5,0.9,150000,20794,18253
C,binary_relevance,AGR_g,5,0.9025,150000,20583,18093
C,binary_relevance,AGR_g,5,0.905,150000,20294,17862
C,binary_relevance,AGR_g,5,0.9075,150000,19944,17566
C,binary_relevance,AGR_g,5,0.91,150000,19618,17315
C,binary_relevance,AGR_g,5,0.9125,150000,19297,17079
C,binary_relevance,AGR_g,5,0.915,150000,18885,16750
C,binary_relevance,AGR_g,5,0.9175,150000,18508,16456
C,binary_relevance,AGR_g,5,0.92,150000,18185,16207
C,binary_relevance,AGR_g,5,0.9225,150000,17713,15822
C,binary_relevance,AGR_g,5,0.925,150000,17377,15558
C,binary_relevance,AGR_g,5,0.9275,150000,16937,15196
C,binary_relevance,AGR_g,5,0.93,150000,16541,14872
C,binary_relevance,AGR_g,5,0.9325,150000,16158,14557
C,binary_relevance,AGR_g,5,0.935,150000,15674,14162
C,binary_relevance,AGR_g,5,0.9375,150000,14996,13567
C,binary_relevance,AGR_g,5,0.94,150000,14103,12782
C,binary_relevance,AGR_g,5,0.9425,150000,13419,12194
C,binary_relevance,AGR_g,5,0.945,150000,12589,11480
C,binary_relevance,AGR_g,5,0.9475,150000,12065,11053
C,binary_relevance,AGR_g,5,0.95,150000,11578,10659
C,binary_relevance,AGR_g,5,0.9525,150000,11007,10158
C,binary_relevance,AGR_g,5,0.955,150000,10009,9249
C,binary_relevance,AGR_g,5,0.9575,150000,7376,6754
C,binary_relevance,AGR_g,5,0.96,150000,5164,4644
C,binary_relevance,AGR_g,5,0.9625,150000,3154,2728
C,binary_relevance,AGR_g,5,0.965,150000,1826,1476
C,binary_relevance,AGR_g,5,0.9675,150000,1613,1272
C,binary_relevance,AGR_g,5,0.97,150000,1527,1198
C,binary_relevance,AGR_g,5,0.9725,150000,1487,1174
C,binary_relevance,AGR_g,5,0.975,150000,1459,1155
C,binary_relevance,AGR_g,5,0.9775,150000,1407,1116
C,binary_relevance,AGR_g,5,0.98,150000,1338,1057
C,binary_relevance,AGR_g,5,0.9825,150000,1200,931
C,binary_relevance,AGR_g,5,0.985,150000,958,702
C,binary_relevance,AGR_g,5,0.9875,150000,925,679
C,binary_relevance,AGR_g,5,0.99,150000,895,651
C,binary_relevance,AGR_g,5,0.9925,150000,865,632
C,binary_relevance,AGR_g,5,0.995,150000,812,603
C,binary_relevance,AGR_g,5,0.9975,150000,752,571
C,binary_relevance,AGR_g,5,1.0,150000,454,409
w,high_order,AGR_g,5,0.7,150000,72982,64510
w,high_order,AGR_g,5,0.7025,150000,72252,63980
w,high_order,AGR_g,5,0.705,150000,71542,63485
w,high_order,AGR_g,5,0.7075,150000,70835,62981
w,high_order,AGR_g,5,0.71,150000,70132,62478
w,high_order,AGR_g,5,0.7125,150000,69454,61990
w,high_order,AGR_g,5,0.715,150000,68742,61475
w,high_order,AGR_g,5,0.7175,150000,68019,60970
w,high_order,AGR_g,5,0.72,150000,67332,60482
w,high_order,AGR_g,5,0.7225,150000,66616,59957
w,high_order,AGR_g,5,0.725,150000,65933,59441
w,high_order,AGR_g,5,0.7275,150000,65221,58914
w,high_order,AGR_g,5,0.73,150000,64535,58407
w,high_order,AGR_g,5,0.7325,150000,63894,57930
w,high_order,AGR_g,5,0.735,150000,63201,57399
w,high_order,AGR_g,5,0.7375,150000,62513,56907
w,high_order,AGR_g,5,0.74,150000,61842,56407
w,high_order,AGR_g,5,0.7425,150000,61229,55948
w,high_order,AGR_g,5,0.745,150000,60565,55443
w,high_order,AGR_g,5,0.7475,150000,59980,55000
w,high_order,AGR_g,5,0.75,150000,59344,54489
w,high_order,AGR_g,5,0.7525,150000,58733,54021
w,high_order,AGR_g,5,0.755,150000,58111,53536
w,high_order,AGR_g,5,0.7575,150000,57495,53046
w,high_order,AGR_g,5,0.76,150000,56906,52583
w,high_order,AGR_g,5,0.7625,150000,56318,52133
w,high_order,AGR_g,5,0.765,150000,55738,51672
w,high_order,AGR_g,5,0.7675,150000,55179,51228
w,high_order,AGR_g,5,0.77,150000,54590,50752
w,high_order,AGR_g,5,0.7725,150000,54081,50348
w,high_order,AGR_g,5,0.775,150000,53484,49859
w,high_order,AGR_g,5,0.7775,150000,52922,49410
w,high_order,AGR_g,5,0.78,150000,52342,48938
w,high_order,AGR_g,5,0.7825,150000,51778,48478
w,high_order,AGR_g,5,0.785,150000,51262,48064
w,high_order,AGR_g,5,0.7875,150000,50676,47577
w,high_order,AGR_g,5,0.79,150000,50164,47147
w,high_order,AGR_g,5,0.7925,150000,49684,46766
w,high_order,AGR_g,5,0.795,150000,49146,46324
w,high_order,AGR_g,5,0.7975,150000,48637,45896
w,high_order,AGR_g,5,0.8,150000,48159,45520
w,high_order,AGR_g,5,0.8025,150000,47627,45082
w,high_order,AGR_g,5,0.805,150000,47150,44674
w,high_order,AGR_g,5,0.8075,150000,46671,44279
w,high_order,AGR_g,5,0.81,150000,46206,43891
w,high_order,AGR_g,5,0.8125,150000,45751,43506
w,high_order,AGR_g,5,0.815,150000,45253,43093
w,high_order,AGR_g,5,0.8175,150000,44827,42732
w,high_order,AGR_g,5,0.82,150000,44391,42361
w,high_order,AGR_g,5,0.8225,150000,43947,41965
w,high_order,AGR_g,5,0.825,150000,43497,41574
w,high_order,AGR_g,5,0.8275,150000,43062,41194
w,high_order,AGR_g,5,0.83,150000,42639,40825
w,high_order,AGR_g,5,0.8325,150000,42201,40457
w,high_order,AGR_g,5,0.835,150000,41791,40094
w,high_order,AGR_g,5,0.8375,150000,41391,39745
w,high_order,AGR_g,5,0.84,150000,40986,39390
w,high_order,AGR_g,5,0.8425,150000,40600,39059
w,high_order,AGR_g,5,0.845,150000,40205,38710
w,high_order,AGR_g,5,0.8475,150000,39837,38398
w,high_order,AGR_g,5,0.85,150000,39502,38096
w,high_order,AGR_g,5,0.8525,150000,39127,37771
w,high_order,AGR_g,5,0.855,150000,38781,37466
w,high_order,AGR_g,5,0.8575,150000,38434,37162
w,high_order,AGR_g,5,0.86,150000,38100,36865
w,high_order,AGR_g,5,0.8625,150000,37753,36564
w,high_order,AGR_g,5,0.865,150000,37389,36243
w,high_order,AGR_g,5,0.8675,150000,37049,35937
w,high_order,AGR_g,5,0.87,150000,36714,35638
w,high_order,AGR_g,5,0.8725,150000,36345,35307
w,high_order,AGR_g,5,0.875,150000,36038,35037
w,high_order,AGR_g,5,0.8775,150000,35713,34736
w,high_order,AGR_g,5,0.88,150000,35392,34451
w,high_order,AGR_g,5,0.8825,150000,35064,34144
w,high_order,AGR_g,5,0.885,150000,34774,33875
w,high_order,AGR_g,5,0.8875,150000,34444,33577
w,high_order,AGR_g,5,0.89,150000,34105,33260
w,high_order,AGR_g,5,0.8925,150000,33793,32978
w,high_order,AGR_g,5,0.895,150000,33453,32664
w,high_order,AGR_g,5,0.8975,150000,33153,32389
w,high_order,AGR_g,5,0.9,150000,32854,32103
w,high_order,AGR_g,5,0.9025,150000,32552,31823
w,high_order,AGR_g,5,0.905,150000,32230,31524
w,high_order,AGR_g,5,0.9075,150000,31937,31250
w,high_order,AGR_g,5,0.91,150000,31617,30950
w,high_order,AGR_g,5,0.9125,150000,31289,30641
w,high_order,AGR_g,5,0.915,150000,30942,30307
w,high_order,AGR_g,5,0.9175,150000,30605,29987
w,high_order,AGR_g,5,0.92,150000,30275,29679
w,high_order,AGR_g,5,0.9225,150000,29900,29330
w,high_order,AGR_g,5,0.925,150000,29525,28981
w,high_order,AGR_g,5,0.9275,150000,29175,28647
w,high_order,AGR_g,5,0.93,150000,28795,28286
w,high_order,AGR_g,5,0.9325,150000,28452,27963
w,high_order,AGR_g,5,0.935,150000,28073,27605
w,high_order,AGR_g,5,0.9375,150000,27683,27236
w,high_order,AGR_g,5,0.94,150000,27270,26846
w,high_order,AGR_g,5,0.9425,150000,26839,26433
w,high_order,AGR_g,5,0.945,150000,26345,25970
w,high_order,AGR_g,5,0.9475,150000,25841,25483
w,high_order,AGR_g,5,0.95,150000,25332,24986
w,high_order,AGR_g,5,0.9525,150000,24784,24452
w,high_order,AGR_g,5,0.955,150000,24222,23908
w,high_order,AGR_g,5,0.9575,150000,23657,23353
w,high_order,AGR_g,5,0.96,150000,23111,22825
w,high_order,AGR_g,5,0.9625,150000,22487,22220
w,high_order,AGR_g,5,0.965,150000,21790,21541
w,high_order,AGR_g,5,0.9675,150000,20972,20743
w,high_order,AGR_g,5,0.97,150000,20050,19843
w,high_order,AGR_g,5,0.9725,150000,18996,18802
w,high_order,AGR_g,5,0.975,150000,17867,17693
w,high_order,AGR_g,5,0.9775,150000,16669,16512
w,high_order,AGR_g,5,0.98,150000,15384,15248
w,high_order,AGR_g,5,0.9825,150000,13972,13847
w,high_order,AGR_g,5,0.985,150000,12334,12219
w,high_order,AGR_g,5,0.9875,150000,10402,10305
w,high_order,AGR_g,5,0.99,150000,8255,8186
w,high_order,AGR_g,5,0.9925,150000,5976,5928
w,high_order,AGR_g,5,0.995,150000,3792,3763
w,high_order,AGR_g,5,0.9975,150000,1983,1969
w,high_order,AGR_g,5,1.0,150000,151,151
A_hat,binary_relevance_probe,AGR_g,5,0.7,600000,212259,158833
A_hat,binary_relevance_probe,AGR_g,5,0.7025,600000,210097,157330
A_hat,binary_relevance_probe,AGR_g,5,0.705,600000,207723,155578
A_hat,binary_relevance_probe,AGR_g,5,0.7075,600000,205657,154088
A_hat,binary_relevance_probe,AGR_g,5,0.71,600000,203586,152616
A_hat,binary_relevance_probe,AGR_g,5,0.7125,600000,201617,151218
A_hat,binary_relevance_probe,AGR_g,5,0.715,600000,199554,149723
A_hat,binary_relevance_probe,AGR_g,5,0.7175,600000,197632,148413
A_hat,binary_relevance_probe,AGR_g,5,0.72,600000,195440,146882
A_hat,binary_relevance_probe,AGR_g,5,0.7225,600000,193619,145609
A_hat,binary_relevance_probe,AGR_g,5,0.725,600000,191594,144207
A_hat,binary_relevance_probe,AGR_g,5,0.7275,600000,189704,142930
A_hat,binary_relevance_probe,AGR_g,5,0.73,600000,187816,141709
A_hat,binary_relevance_probe,AGR_g,5,0.7325,600000,186017,140447
A_hat,binary_relevance_probe,AGR_g,5,0.735,600000,184369,139309
A_hat,binary_relevance_probe,AGR_g,5,0.7375,600000,182497,137925
A_hat,binary_relevance_probe,AGR_g,5,0.74,600000,180543,136592
A_hat,binary_relevance_probe,AGR_g,5,0.7425,600000,178988,135511
A_hat,binary_relevance_probe,AGR_g,5,0.745,600000,177213,134326
A_hat,binary_relevance_probe,AGR_g,5,0.7475,600000,175580,133150
A_hat,binary_relevance_probe,AGR_g,5,0.75,600000,173781,131874
A_hat,binary_relevance_probe,AGR_g,5,0.7525,600000,171734,130433
A_hat,binary_relevance_probe,AGR_g,5,0.755,600000,169861,129148
A_hat,binary_relevance_probe,AGR_g,5,0.7575,600000,168160,127909
A_hat,binary_relevance_probe,AGR_g,5,0.76,600000,166318,126615
A_hat,binary_relevance_probe,AGR_g,5,0.7625,600000,164874,125591
A_hat,binary_relevance_probe,AGR_g,5,0.765,600000,163524,124667
A_hat,binary_relevance_probe,AGR_g,5,0.7675,600000,162227,123804
A_hat,binary_relevance_probe,AGR_g,5,0.77,600000,160919,122937
A_hat,binary_relevance_probe,AGR_g,5,0.7725,600000,159662,122049
A_hat,binary_relevance_probe,AGR_g,5,0.775,600000,158387,121184
A_hat,binary_relevance_probe,AGR_g,5,0.7775,600000,157240,120387
A_hat,binary_relevance_probe,AGR_g,5,0.78,600000,156193,119673
A_hat,binary_relevance_probe,AGR_g,5,0.7825,600000,155182,118931
A_hat,binary_relevance_probe,AGR_g,5,0.785,600000,153929,118065
A_hat,binary_relevance_probe,AGR_g,5,0.7875,600000,152702,117184
A_hat,binary_relevance_probe,AGR_g,5,0.79,600000,151586,116392
A_hat,binary_relevance_probe,AGR_g,5,0.7925,600000,150541,115641
A_hat,binary_relevance_probe,AGR_g,5,0.795,600000,149644,115072
A_hat,binary_relevance_probe,AGR_g,5,0.7975,600000,148590,114345
A_hat,binary_relevance_probe,AGR_g,5,0.8,600000,147493,113615
A_hat,binary_relevance_probe,AGR_g,5,0.8025,600000,146307,112778
A_hat,binary_relevance_probe,AGR_g,5,0.805,600000,145340,112079
A_hat,binary_relevance_probe,AGR_g,5,0.8075,600000,144380,111462
A_hat,binary_relevance_probe,AGR_g,5,0.81,600000,143473,110865
A_hat,binary_relevance_probe,AGR_g,5,0.8125,600000,142674,110358
A_hat,binary_relevance_probe,AGR_g,5,0.815,600000,141871,109846
A_hat,binary_relevance_probe,AGR_g,5,0.8175,600000,140716,109139
A_hat,binary_relevance_probe,AGR_g,5,0.82,600000,139720,108530
A_hat,binary_relevance_probe,AGR_g,5,0.8225,600000,138752,107951
A_hat,binary_relevance_probe,AGR_g,5,0.825,600000,137863,107413
A_hat,binary_relevance_probe,AGR_g,5,0.8275,600000,136601,106664
A_hat,binary_relevance_probe,AGR_g,5,0.83,600000,135202,105782
A_hat,binary_relevance_probe,AGR_g,5,0.8325,600000,133274,104454
A_hat,binary_relevance_probe,AGR_g,5,0.835,600000,131576,103259
A_hat,binary_relevance_probe,AGR_g,5,0.8375,600000,129741,102051
A_hat,binary_relevance_probe,AGR_g,5,0.84,600000,128370,101142
A_hat,binary_relevance_probe,AGR_g,5,0.8425,600000,127112,100360
A_hat,binary_relevance_probe,AGR_g,5,0.845,600000,125452,99277
A_hat,binary_relevance_probe,AGR_g,5,0.8475,600000,123620,98101
A_hat,binary_relevance_probe,AGR_g,5,0.85,600000,121531,96641
A_hat,binary_relevance_probe,AGR_g,5,0.8525,600000,119952,95590
A_hat,binary_relevance_probe,AGR_g,5,0.855,600000,118085,94351
A_hat,binary_relevance_probe,AGR_g,5,0.8575,600000,116107,92897
A_hat,binary_relevance_probe,AGR_g,5,0.86,600000,114017,91482
A_hat,binary_relevance_probe,AGR_g,5,0.8625,600000,111629,89863
A_hat,binary_relevance_probe,AGR_g,5,0.865,600000,109340,88274
A_hat,binary_relevance_probe,AGR_g,5,0.8675,600000,106803,86439
A_hat,binary_relevance_probe,AGR_g,5,0.87,600000,104124,84534
A_hat,binary_relevance_probe,AGR_g,5,0.8725,600000,100880,82057
A_hat,binary_relevance_probe,AGR_g,5,0.875,600000,97239,79237
A_hat,binary_relevance_probe,AGR_g,5,0.8775,600000,94198,77050
A_hat,binary_relevance_probe,AGR_g,5,0.88,600000,91660,75268
A_hat,binary_relevance_probe,AGR_g,5,0.8825,600000,89241,73464
A_hat,binary_relevance_probe,AGR_g,5,0.885,600000,86682,71601
A_hat,binary_relevance_probe,AGR_g,5,0.8875,600000,83522,69191
A_hat,binary_relevance_probe,AGR_g,5,0.89,600000,80083,66402
A_hat,binary_relevance_probe,AGR_g,5,0.8925,600000,77206,64240
A_hat,binary_relevance_probe,AGR_g,5,0.895,600000,75697,63227
A_hat,binary_relevance_probe,AGR_g,5,0.8975,600000,73913,61964
A_hat,binary_relevance_probe,AGR_g,5,0.9,600000,71160,59878
A_hat,binary_relevance_probe,AGR_g,5,0.9025,600000,69095,58302
A_hat,binary_relevance_probe,AGR_g,5,0.905,600000,67114,56789
A_hat,binary_relevance_probe,AGR_g,5,0.9075,600000,65067,55248
A_hat,binary_relevance_probe,AGR_g,5,0.91,600000,63141,53867
A_hat,binary_relevance_probe,AGR_g,5,0.9125,600000,58723,50073
A_hat,binary_relevance_probe,AGR_g,5,0.915,600000,52738,44783
A_hat,binary_relevance_probe,AGR_g,5,0.9175,600000,47416,40036
A_hat,binary_relevance_probe,AGR_g,5,0.92,600000,39616,33032
A_hat,binary_relevance_probe,AGR_g,5,0.9225,600000,33170,27221
A_hat,binary_relevance_probe,AGR_g,5,0.925,600000,24768,19514
A_hat,binary_relevance_probe,AGR_g,5,0.9275,600000,18549,13826
A_hat,binary_relevance_probe,AGR_g,5,0.93,600000,18126,13495
A_hat,binary_relevance_probe,AGR_g,5,0.9325,600000,17672,13149
A_hat,binary_relevance_probe,AGR_g,5,0.935,600000,17203,12777
A_hat,binary_relevance_probe,AGR_g,5,0.9375,600000,16644,12321
A_hat,binary_relevance_probe,AGR_g,5,0.94,600000,16144,11893
A_hat,binary_relevance_probe,AGR_g,5,0.9425,600000,15705,11548
A_hat,binary_relevance_probe,AGR_g,5,0.945,600000,15273,11193
A_hat,binary_relevance_probe,AGR_g,5,0.9475,600000,15059,11051
A_hat,binary_relevance_probe,AGR_g,5,0.95,600000,14857,10920
A_hat,binary_relevance_probe,AGR_g,5,0.9525,600000,14667,10803
A_hat,binary_relevance_probe,AGR_g,5,0.955,600000,14483,10681
A_hat,binary_relevance_probe,AGR_g,5,0.9575,600000,14290,10543
A_hat,binary_relevance_probe,AGR_g,5,0.96,600000,14076,10409
A_hat,binary_relevance_probe,AGR_g,5,0.9625,600000,13849,10258
A_hat,binary_relevance_probe,AGR_g,5,0.965,600000,13623,10104
A_hat,binary_relevance_probe,AGR_g,5,0.9675,600000,13419,9971
A_hat,binary_relevance_probe,AGR_g,5,0.97,600000,13225,9846
A_hat,binary_relevance_probe,AGR_g,5,0.9725,600000,13005,9718
A_hat,binary_relevance_probe,AGR_g,5,0.975,600000,12811,9587
A_hat,binary_relevance_probe,AGR_g,5,0.9775,600000,12588,9459
A_hat,binary_relevance_probe,AGR_g,5,0.98,600000,12334,9305
A_hat,binary_relevance_probe,AGR_g,5,0.9825,600000,12084,9162
A_hat,binary_relevance_probe,AGR_g,5,0.985,600000,11835,9018
A_hat,binary_relevance_probe,AGR_g,5,0.9875,600000,11570,8849
A_hat,binary_relevance_probe,AGR_g,5,0.99,600000,11274,8667
A_hat,binary_relevance_probe,AGR_g,5,0.9925,600000,10848,8423
A_hat,binary_relevance_probe,AGR_g,5,0.995,600000,10386,8153
A_hat,binary_relevance_probe,AGR_g,5,0.9975,600000,9386,7502
A_hat,binary_relevance_probe,AGR_g,5,1.0,600000,6468,5803
M,high_order,CovtFD,5,0.7,150000,101208,78991
M,high_order,CovtFD,5,0.7025,150000,100877,78766
M,high_order,CovtFD,5,0.705,150000,100537,78537
M,high_order,CovtFD,5,0.7075,150000,100200,78291
M,high_order,CovtFD,5,0.71,150000,99861,78073
M,high_order,CovtFD,5,0.7125,150000,99494,77806
M,high_order,CovtFD,5,0.715,150000,99139,77563
M,high_order,CovtFD,5,0.7175,150000,98791,77320
M,high_order,CovtFD,5,0.72,150000,98398,77047
M,high_order,CovtFD,5,0.7225,150000,98086,76838
M,high_order,CovtFD,5,0.725,150000,97739,76593
M,high_order,CovtFD,5,0.7275,150000,97344,76311
M,high_order,CovtFD,5,0.73,150000,96995,76065
M,high_order,CovtFD,5,0.7325,150000,96622,75800
M,high_order,CovtFD,5,0.735,150000,96274,75547
M,high_order,CovtFD,5,0.7375,150000,95914,75305
M,high_order,CovtFD,5,0.74,150000,95535,75032
M,high_order,CovtFD,5,0.7425,150000,95192,74790
M,high_order,CovtFD,5,0.745,150000,94804,74503
M,high_order,CovtFD,5,0.7475,150000,94454,74237
M,high_order,CovtFD,5,0.75,150000,94122,73999
M,high_order,CovtFD,5,0.7525,150000,93775,73759
M,high_order,CovtFD,5,0.755,150000,93388,73487
M,high_order,CovtFD,5,0.7575,150000,93027,73222
M,high_order,CovtFD,5,0.76,150000,92633,72943
M,high_order,CovtFD,5,0.7625,150000,92288,72690
M,high_order,CovtFD,5,0.765,150000,91886,72391
M,high_order,CovtFD,5,0.7675,150000,91490,72095
M,high_order,CovtFD,5,0.77,150000,91102,71822
M,high_order,CovtFD,5,0.7725,150000,90703,71528
M,high_order,CovtFD,5,0.775,150000,90320,71253
M,high_order,CovtFD,5,0.7775,150000,89908,70944
M,high_order,CovtFD,5,0.78,150000,89529,70662
M,high_order,CovtFD,5,0.7825,150000,89148,70395
M,high_order,CovtFD,5,0.785,150000,88740,70097
M,high_order,CovtFD,5,0.7875,150000,88365,69841
M,high_order,CovtFD,5,0.79,150000,87999,69587
M,high_order,CovtFD,5,0.7925,150000,87636,69314
M,high_order,CovtFD,5,0.795,150000,87211,68987
M,high_order,CovtFD,5,0.7975,150000,86848,68713
M,high_order,CovtFD,5,0.8,150000,86495,68465
M,high_order,CovtFD,5,0.8025,150000,86128,68206
M,high_order,CovtFD,5,0.805,150000,85718,67929
M,high_order,CovtFD,5,0.8075,150000,85337,67647
M,high_order,CovtFD,5,0.81,150000,84945,67366
M,high_order,CovtFD,5,0.8125,150000,84550,67077
M,high_order,CovtFD,5,0.815,150000,84201,66829
M,high_order,CovtFD,5,0.8175,150000,83816,66548
M,high_order,CovtFD,5,0.82,150000,83405,66253
M,high_order,CovtFD,5,0.8225,150000,83034,65986
M,high_order,CovtFD,5,0.825,150000,82637,65684
M,high_order,CovtFD,5,0.8275,150000,82212,65359
M,high_order,CovtFD,5,0.83,150000,81796,65043
M,high_order,CovtFD,5,0.8325,150000,81339,64701
M,high_order,CovtFD,5,0.835,150000,80914,64381
M,high_order,CovtFD,5,0.8375,150000,80477,64054
M,high_order,CovtFD,5,0.84,150000,80047,63725
M,high_order,CovtFD,5,0.8425,150000,79637,63418
M,high_order,CovtFD,5,0.845,150000,79237,63125
M,high_order,CovtFD,5,0.8475,150000,78805,62781
M,high_order,CovtFD,5,0.85,150000,78330,62415
M,high_order,CovtFD,5,0.8525,150000,77885,62100
M,high_order,CovtFD,5,0.855,150000,77467,61780
M,high_order,CovtFD,5,0.8575,150000,77006,61454
M,high_order,CovtFD,5,0.86,150000,76571,61115
M,high_order,CovtFD,5,0.8625,150000,76087,60745
M,high_order,CovtFD,5,0.865,150000,75616,60388
M,high_order,CovtFD,5,0.8675,150000,75113,60017
M,high_order,CovtFD,5,0.87,150000,74613,59628
M,high_order,CovtFD,5,0.8725,150000,74060,59213
M,high_order,CovtFD,5,0.875,150000,73606,58845
M,high_order,CovtFD,5,0.8775,150000,73088,58440
M,high_order,CovtFD,5,0.88,150000,72573,58034
M,high_order,CovtFD,5,0.8825,150000,72059,57636
M,high_order,CovtFD,5,0.885,150000,71595,57272
M,high_order,CovtFD,5,0.8875,150000,71078,56870
M,high_order,CovtFD,5,0.89,150000,70623,56518
M,high_order,CovtFD,5,0.8925,150000,70113,56118
M,high_order,CovtFD,5,0.895,150000,69599,55712
M,high_order,CovtFD,5,0.8975,150000,69077,55303
M,high_order,CovtFD,5,0.9,150000,68602,54916
M,high_order,CovtFD,5,0.9025,150000,68016,54462
M,high_order,CovtFD,5,0.905,150000,67482,54056
M,high_order,CovtFD,5,0.9075,150000,66987,53677
M,high_order,CovtFD,5,0.91,150000,66484,53303
M,high_order,CovtFD,5,0.9125,150000,65926,52862
M,high_order,CovtFD,5,0.915,150000,65399,52458
M,high_order,CovtFD,5,0.9175,150000,64837,52031
M,high_order,CovtFD,5,0.92,150000,64259,51575
M,high_order,CovtFD,5,0.9225,150000,63695,51142
M,high_order,CovtFD,5,0.925,150000,63140,50708
M,high_order,CovtFD,5,0.9275,150000,62592,50276
M,high_order,CovtFD,5,0.93,150000,62055,49860
M,high_order,CovtFD,5,0.9325,150000,61494,49419
M,high_order,CovtFD,5,0.935,150000,60936,48974
M,high_order,CovtFD,5,0.9375,150000,60359,48520
M,high_order,CovtFD,5,0.94,150000,59694,48005
M,high_order,CovtFD,5,0.9425,150000,59070,47498
M,high_order,CovtFD,5,0.945,150000,58412,46974
M,high_order,CovtFD,5,0.9475,150000,57727,46430
M,high_order,CovtFD,5,0.95,150000,57126,45968
M,high_order,CovtFD,5,0.9525,150000,56437,45418
M,high_order,CovtFD,5,0.955,150000,55770,44881
M,high_order,CovtFD,5,0.9575,150000,55093,44349
M,high_order,CovtFD,5,0.96,150000,54371,43751
M,high_order,CovtFD,5,0.9625,150000,53648,43165
M,high_order,CovtFD,5,0.965,150000,52948,42619
M,high_order,CovtFD,5,0.9675,150000,52229,42044
M,high_order,CovtFD,5,0.97,150000,51412,41374
M,high_order,CovtFD,5,0.9725,150000,50673,40782
M,high_order,CovtFD,5,0.975,150000,49895,40142
M,high_order,CovtFD,5,0.9775,150000,49071,39455
M,high_order,CovtFD,5,0.98,150000,48267,38812
M,high_order,CovtFD,5,0.9825,150000,47356,38069
M,high_order,CovtFD,5,0.985,150000,46494,37374
M,high_order,CovtFD,5,0.9875,150000,45582,36666
M,high_order,CovtFD,5,0.99,150000,44492,35815
M,high_order,CovtFD,5,0.9925,150000,43309,34913
M,high_order,CovtFD,5,0.995,150000,41948,33899
M,high_order,CovtFD,5,0.9975,150000,40149,32624
M,high_order,CovtFD,5,1.0,150000,28461,24051
c,high_order,CovtFD,5,0.7,150000,108128,93135
c,high_order,CovtFD,5,0.7025,150000,108128,93135
c,high_order,CovtFD,5,0.705,150000,108128,93135
c,high_order,CovtFD,5,0.7075,150000,108128,93135
c,high_order,CovtFD,5,0.71,150000,108128,93135
c,high_order,CovtFD,5,0.7125,150000,108128,93135
c,high_order,CovtFD,5,0.715,150000,108128,93135
c,high_order,CovtFD,5,0.7175,150000,108128,93135
c,high_order,CovtFD,5,0.72,150000,108128,93135
c,high_order,CovtFD,5,0.7225,150000,108128,93135
c,high_order,CovtFD,5,0.725,150000,101892,88706
c,high_order,CovtFD,5,0.7275,150000,101892,88706
c,high_order,CovtFD,5,0.73,150000,101892,88706
c,high_order,CovtFD,5,0.7325,150000,101892,88706
c,high_order,CovtFD,5,0.735,150000,101892,88706
c,high_order,CovtFD,5,0.7375,150000,101892,88706
c,high_order,CovtFD,5,0.74,150000,101892,88706
c,high_order,CovtFD,5,0.7425,150000,101892,88706
c,high_order,CovtFD,5,0.745,150000,101892,88706
c,high_order,CovtFD,5,0.7475,150000,101892,88706
c,high_order,CovtFD,5,0.75,150000,101892,88706
c,high_order,CovtFD,5,0.7525,150000,101892,88706
c,high_order,CovtFD,5,0.755,150000,101892,88706
c,high_order,CovtFD,5,0.7575,150000,101892,88706
c,high_order,CovtFD,5,0.76,150000,95358,83981
c,high_order,CovtFD,5,0.7625,150000,95358,83981
c,high_order,CovtFD,5,0.765,150000,95358,83981
c,high_order,CovtFD,5,0.7675,150000,95358,83981
c,high_order,CovtFD,5,0.77,150000,95358,83981
c,high_order,CovtFD,5,0.7725,150000,95358,83981
c,high_order,CovtFD,5,0.775,150000,95358,83981
c,high_order,CovtFD,5,0.7775,150000,95358,83981
c,high_order,CovtFD,5,0.78,150000,95358,83981
c,high_order,CovtFD,5,0.7825,150000,95358,83981
c,high_order,CovtFD,5,0.785,150000,95358,83981
c,high_order,CovtFD,5,0.7875,150000,95358,83981
c,high_order,CovtFD,5,0.79,150000,95358,83981
c,high_order,CovtFD,5,0.7925,150000,95358,83981
c,high_order,CovtFD,5,0.795,150000,88454,78820
c,high_order,CovtFD,5,0.7975,150000,88454,78820
c,high_order,CovtFD,5,0.8,150000,88454,78820
c,high_order,CovtFD,5,0.8025,150000,88454,78820
c,high_order,CovtFD,5,0.805,150000,88454,78820
c,high_order,CovtFD,5,0.8075,150000,88454,78820
c,high_order,CovtFD,5,0.81,150000,88454,78820
c,high_order,CovtFD,5,0.8125,150000,88454,78820
c,high_order,CovtFD,5,0.815,150000,88454,78820
c,high_order,CovtFD,5,0.8175,150000,88454,78820
c,high_order,CovtFD,5,0.82,150000,88454,78820
c,high_order,CovtFD,5,0.8225,150000,88454,78820
c,high_order,CovtFD,5,0.825,150000,88454,78820
c,high_order,CovtFD,5,0.8275,150000,88454,78820
c,high_order,CovtFD,5,0.83,150000,80985,73016
c,high_order,CovtFD,5,0.8325,150000,80985,73016
c,high_order,CovtFD,5,0.835,150000,80985,73016
c,high_order,CovtFD,5,0.8375,150000,80985,73016
c,high_order,CovtFD,5,0.84,150000,80985,73016
c,high_order,CovtFD,5,0.8425,150000,80985,73016
c,high_order,CovtFD,5,0.845,150000,80985,73016
c,high_order,CovtFD,5,0.8475,150000,80985,73016
c,high_order,CovtFD,5,0.85,150000,80985,73016
c,high_order,CovtFD,5,0.8525,150000,80985,73016
c,high_order,CovtFD,5,0.855,150000,80985,73016
c,high_order,CovtFD,5,0.8575,150000,80985,73016
c,high_order,CovtFD,5,0.86,150000,80985,73016
c,high_order,CovtFD,5,0.8625,150000,72772,66401
c,high_order,CovtFD,5,0.865,150000,72772,66401
c,high_order,CovtFD,5,0.8675,150000,72772,66401
c,high_order,CovtFD,5,0.87,150000,72772,66401
c,high_order,CovtFD,5,0.8725,150000,72772,66401
c,high_order,CovtFD,5,0.875,150000,72772,66401
c,high_order,CovtFD,5,0.8775,150000,72772,66401
c,high_order,CovtFD,5,0.88,150000,72772,66401
c,high_order,CovtFD,5,0.8825,150000,72772,66401
c,high_order,CovtFD,5,0.885,150000,72772,66401
c,high_order,CovtFD,5,0.8875,150000,72772,66401
c,high_order,CovtFD,5,0.89,150000,72772,66401
c,high_order,CovtFD,5,0.8925,150000,72772,66401
c,high_order,CovtFD,5,0.895,150000,72772,66401
c,high_order,CovtFD,5,0.8975,150000,63063,58235
c,high_order,CovtFD,5,0.9,150000,63063,58235
c,high_order,CovtFD,5,0.9025,150000,63063,58235
c,high_order,CovtFD,5,0.905,150000,63063,58235
c,high_order,CovtFD,5,0.9075,150000,63063,58235
c,high_order,CovtFD,5,0.91,150000,63063,58235
c,high_order,CovtFD,5,0.9125,150000,63063,58235
c,high_order,CovtFD,5,0.915,150000,63063,58235
c,high_order,CovtFD,5,0.9175,150000,63063,58235
c,high_order,CovtFD,5,0.92,150000,63063,58235
c,high_order,CovtFD,5,0.9225,150000,63063,58235
c,high_order,CovtFD,5,0.925,150000,63063,58235
c,high_order,CovtFD,5,0.9275,150000,63063,58235
c,high_order,CovtFD,5,0.93,150000,63063,58235
c,high_order,CovtFD,5,0.9325,150000,50045,46805
c,high_order,CovtFD,5,0.935,150000,50045,46805
c,high_order,CovtFD,5,0.9375,150000,50045,46805
c,high_order,CovtFD,5,0.94,150000,50045,46805
c,high_order,CovtFD,5,0.9425,150000,50045,46805
c,high_order,CovtFD,5,0.945,150000,50045,46805
c,high_order,CovtFD,5,0.9475,150000,50045,46805
c,high_order,CovtFD,5,0.95,150000,50045,46805
c,high_order,CovtFD,5,0.9525,150000,50045,46805
c,high_order,CovtFD,5,0.955,150000,50045,46805
c,high_order,CovtFD,5,0.9575,150000,50045,46805
c,high_order,CovtFD,5,0.96,150000,50045,46805
c,high_order,CovtFD,5,0.9625,150000,50045,46805
c,high_order,CovtFD,5,0.965,150000,50045,46805
c,high_order,CovtFD,5,0.9675,150000,30130,28502
c,high_order,CovtFD,5,0.97,150000,30130,28502
c,high_order,CovtFD,5,0.9725,150000,30130,28502
c,high_order,CovtFD,5,0.975,150000,30130,28502
c,high_order,CovtFD,5,0.9775,150000,30130,28502
c,high_order,CovtFD,5,0.98,150000,30130,28502
c,high_order,CovtFD,5,0.9825,150000,30130,28502
c,high_order,CovtFD,5,0.985,150000,30130,28502
c,high_order,CovtFD,5,0.9875,150000,30130,28502
c,high_order,CovtFD,5,0.99,150000,30130,28502
c,high_order,CovtFD,5,0.9925,150000,30130,28502
c,high_order,CovtFD,5,0.995,150000,30130,28502
c,high_order,CovtFD,5,0.9975,150000,30130,28502
c,high_order,CovtFD,5,1.0,150000,30130,28502
A_hat,high_order,CovtFD,5,0.7,150000,87716,69237
A_hat,high_order,CovtFD,5,0.7025,150000,87496,69071
A_hat,high_order,CovtFD,5,0.705,150000,87273,68910
A_hat,high_order,CovtFD,5,0.7075,150000,87070,68772
A_hat,high_order,CovtFD,5,0.71,150000,86858,68630
A_hat,high_order,CovtFD,5,0.7125,150000,86602,68447
A_hat,high_order,CovtFD,5,0.715,150000,86368,68295
A_hat,high_order,CovtFD,5,0.7175,150000,86110,68127
A_hat,high_order,CovtFD,5,0.72,150000,85854,67951
A_hat,high_order,CovtFD,5,0.7225,150000,85524,67713
A_hat,high_order,CovtFD,5,0.725,150000,85198,67510
A_hat,high_order,CovtFD,5,0.7275,150000,84839,67284
A_hat,high_order,CovtFD,5,0.73,150000,84402,66994
A_hat,high_order,CovtFD,5,0.7325,150000,83903,66647
A_hat,high_order,CovtFD,5,0.735,150000,83352,66267
A_hat,high_order,CovtFD,5,0.7375,150000,82657,65793
A_hat,high_order,CovtFD,5,0.74,150000,81763,65185
A_hat,high_order,CovtFD,5,0.7425,150000,80689,64467
A_hat,high_order,CovtFD,5,0.745,150000,79298,63531
A_hat,high_order,CovtFD,5,0.7475,150000,77583,62341
A_hat,high_order,CovtFD,5,0.75,150000,75506,60894
A_hat,high_order,CovtFD,5,0.7525,150000,72814,59050
A_hat,high_order,CovtFD,5,0.755,150000,70156,57200
A_hat,high_order,CovtFD,5,0.7575,150000,67783,55466
A_hat,high_order,CovtFD,5,0.76,150000,65965,54130
A_hat,high_order,CovtFD,5,0.7625,150000,64718,53210
A_hat,high_order,CovtFD,5,0.765,150000,63822,52558
A_hat,high_order,CovtFD,5,0.7675,150000,63226,52102
A_hat,high_order,CovtFD,5,0.77,150000,62841,51803
A_hat,high_order,CovtFD,5,0.7725,150000,62497,51535
A_hat,high_order,CovtFD,5,0.775,150000,62219,51321
A_hat,high_order,CovtFD,5,0.7775,150000,61946,51126
A_hat,high_order,CovtFD,5,0.78,150000,61724,50965
A_hat,high_order,CovtFD,5,0.7825,150000,61467,50757
A_hat,high_order,CovtFD,5,0.785,150000,61225,50576
A_hat,high_order,CovtFD,5,0.7875,150000,60982,50398
A_hat,high_order,CovtFD,5,0.79,150000,60718,50200
A_hat,high_order,CovtFD,5,0.7925,150000,60465,50009
A_hat,high_order,CovtFD,5,0.795,150000,60230,49830
A_hat,high_order,CovtFD,5,0.7975,150000,59977,49633
A_hat,high_order,CovtFD,5,0.8,150000,59697,49416
A_hat,high_order,CovtFD,5,0.8025,150000,59471,49238
A_hat,high_order,CovtFD,5,0.805,150000,59219,49055
A_hat,high_order,CovtFD,5,0.8075,150000,58975,48872
A_hat,high_order,CovtFD,5,0.81,150000,58766,48720
A_hat,high_order,CovtFD,5,0.8125,150000,58534,48552
A_hat,high_order,CovtFD,5,0.815,150000,58293,48380
A_hat,high_order,CovtFD,5,0.8175,150000,58057,48206
A_hat,high_order,CovtFD,5,0.82,150000,57789,47998
A_hat,high_order,CovtFD,5,0.8225,150000,57530,47802
A_hat,high_order,CovtFD,5,0.825,150000,57274,47614
A_hat,high_order,CovtFD,5,0.8275,150000,56992,47406
A_hat,high_order,CovtFD,5,0.83,150000,56721,47195
A_hat,high_order,CovtFD,5,0.8325,150000,56460,46990
A_hat,high_order,CovtFD,5,0.835,150000,56213,46807
A_hat,high_order,CovtFD,5,0.8375,150000,55925,46595
A_hat,high_order,CovtFD,5,0.84,150000,55666,46399
A_hat,high_order,CovtFD,5,0.8425,150000,55392,46199
A_hat,high_order,CovtFD,5,0.845,150000,55130,45997
A_hat,high_order,CovtFD,5,0.8475,150000,54849,45779
A_hat,high_order,CovtFD,5,0.85,150000,54571,45580
A_hat,high_order,CovtFD,5,0.8525,150000,54285,45358
A_hat,high_order,CovtFD,5,0.855,150000,54019,45176
A_hat,high_order,CovtFD,5,0.8575,150000,53723,44934
A_hat,high_order,CovtFD,5,0.86,150000,53415,44698
A_hat,high_order,CovtFD,5,0.8625,150000,53075,44425
A_hat,high_order,CovtFD,5,0.865,150000,52759,44179
A_hat,high_order,CovtFD,5,0.8675,150000,52402,43896
A_hat,high_order,CovtFD,5,0.87,150000,52032,43611
A_hat,high_order,CovtFD,5,0.8725,150000,51620,43291
A_hat,high_order,CovtFD,5,0.875,150000,51159,42927
A_hat,high_order,CovtFD,5,0.8775,150000,50633,42504
A_hat,high_order,CovtFD,5,0.88,150000,50117,42099
A_hat,high_order,CovtFD,5,0.8825,150000,49662,41741
A_hat,high_order,CovtFD,5,0.885,150000,49245,41423
A_hat,high_order,CovtFD,5,0.8875,150000,48862,41129
A_hat,high_order,CovtFD,5,0.89,150000,48474,40818
A_hat,high_order,CovtFD,5,0.8925,150000,48095,40516
A_hat,high_order,CovtFD,5,0.895,150000,47715,40222
A_hat,high_order,CovtFD,5,0.8975,150000,47325,39905
A_hat,high_order,CovtFD,5,0.9,150000,46901,39567
A_hat,high_order,CovtFD,5,0.9025,150000,46511,39255
A_hat,high_order,CovtFD,5,0.905,150000,46112,38932
A_hat,high_order,CovtFD,5,0.9075,150000,45770,38654
A_hat,high_order,CovtFD,5,0.91,150000,45404,38366
A_hat,high_order,CovtFD,5,0.9125,150000,45065,38100
A_hat,high_order,CovtFD,5,0.915,150000,44722,37828
A_hat,high_order,CovtFD,5,0.9175,150000,44391,37565
A_hat,high_order,CovtFD,5,0.92,150000,44011,37264
A_hat,high_order,CovtFD,5,0.9225,150000,43693,37017
A_hat,high_order,CovtFD,5,0.925,150000,43367,36765
A_hat,high_order,CovtFD,5,0.9275,150000,43026,36483
A_hat,high_order,CovtFD,5,0.93,150000,42704,36224
A_hat,high_order,CovtFD,5,0.9325,150000,42370,35967
A_hat,high_order,CovtFD,5,0.935,150000,42000,35657
A_hat,high_order,CovtFD,5,0.9375,150000,41614,35355
A_hat,high_order,CovtFD,5,0.94,150000,41257,35052
A_hat,high_order,CovtFD,5,0.9425,150000,40903,34762
A_hat,high_order,CovtFD,5,0.945,150000,40564,34479
A_hat,high_order,CovtFD,5,0.9475,150000,40187,34194
A_hat,high_order,CovtFD,5,0.95,150000,39794,33872
A_hat,high_order,CovtFD,5,0.9525,150000,39401,33537
A_hat,high_order,CovtFD,5,0.955,150000,39006,33215
A_hat,high_order,CovtFD,5,0.9575,150000,38609,32892
A_hat,high_order,CovtFD,5,0.96,150000,38188,32542
A_hat,high_order,CovtFD,5,0.9625,150000,37780,32210
A_hat,high_order,CovtFD,5,0.965,150000,37328,31844
A_hat,high_order,CovtFD,5,0.9675,150000,36871,31465
A_hat,high_order,CovtFD,5,0.97,150000,36369,31044
A_hat,high_order,CovtFD,5,0.9725,150000,35847,30628
A_hat,high_order,CovtFD,5,0.975,150000,35292,30172
A_hat,high_order,CovtFD,5,0.9775,150000,34720,29690
A_hat,high_order,CovtFD,5,0.98,150000,34072,29141
A_hat,high_order,CovtFD,5,0.9825,150000,33391,28556
A_hat,high_order,CovtFD,5,0.985,150000,32641,27919
A_hat,high_order,CovtFD,5,0.9875,150000,31801,27213
A_hat,high_order,CovtFD,5,0.99,150000,30866,26425
A_hat,high_order,CovtFD,5,0.9925,150000,29761,25502
A_hat,high_order,CovtFD,5,0.995,150000,28270,24220
A_hat,high_order,CovtFD,5,0.9975,150000,25909,22159
A_hat,high_order,CovtFD,5,1.0,150000,18041,15098
C,high_order,CovtFD,5,0.7,150000,83982,69686
C,high_order,CovtFD,5,0.7025,150000,83276,69197
C,high_order,CovtFD,5,0.705,150000,82411,68604
C,high_order,CovtFD,5,0.7075,150000,81520,67971
C,high_order,CovtFD,5,0.71,150000,80687,67376
C,high_order,CovtFD,5,0.7125,150000,79955,66834
C,high_order,CovtFD,5,0.715,150000,79331,66397
C,high_order,CovtFD,5,0.7175,150000,78767,66002
C,high_order,CovtFD,5,0.72,150000,78253,65625
C,high_order,CovtFD,5,0.7225,150000,77766,65270
C,high_order,CovtFD,5,0.725,150000,77273,64899
C,high_order,CovtFD,5,0.7275,150000,76832,64579
C,high_order,CovtFD,5,0.73,150000,76409,64277
C,high_order,CovtFD,5,0.7325,150000,75940,63921
C,high_order,CovtFD,5,0.735,150000,75494,63596
C,high_order,CovtFD,5,0.7375,150000,75042,63255
C,high_order,CovtFD,5,0.74,150000,74597,62925
C,high_order,CovtFD,5,0.7425,150000,74118,62579
C,high_order,CovtFD,5,0.745,150000,73641,62233
C,high_order,CovtFD,5,0.7475,150000,73184,61895
C,high_order,CovtFD,5,0.75,150000,72704,61544
C,high_order,CovtFD,5,0.7525,150000,72262,61210
C,high_order,CovtFD,5,0.755,150000,71789,60844
C,high_order,CovtFD,5,0.7575,150000,71293,60486
C,high_order,CovtFD,5,0.76,150000,70857,60159
C,high_order,CovtFD,5,0.7625,150000,70370,59785
C,high_order,CovtFD,5,0.765,150000,69879,59420
C,high_order,CovtFD,5,0.7675,150000,69387,59051
C,high_order,CovtFD,5,0.77,150000,68894,58673
C,high_order,CovtFD,5,0.7725,150000,68384,58303
C,high_order,CovtFD,5,0.775,150000,67833,57874
C,high_order,CovtFD,5,0.7775,150000,67344,57508
C,high_order,CovtFD,5,0.78,150000,66823,57114
C,high_order,CovtFD,5,0.7825,150000,66273,56682
C,high_order,CovtFD,5,0.785,150000,65762,56294
C,high_order,CovtFD,5,0.7875,150000,65249,55904
C,high_order,CovtFD,5,0.79,150000,64687,55479
C,high_order,CovtFD,5,0.7925,150000,64112,55056
C,high_order,CovtFD,5,0.795,150000,63552,54626
C,high_order,CovtFD,5,0.7975,150000,62984,54191
C,high_order,CovtFD,5,0.8,150000,62476,53787
C,high_order,CovtFD,5,0.8025,150000,61934,53371
C,high_order,CovtFD,5,0.805,150000,61374,52937
C,high_order,CovtFD,5,0.8075,150000,60840,52531
C,high_order,CovtFD,5,0.81,150000,60256,52059
C,high_order,CovtFD,5,0.8125,150000,59774,51690
C,high_order,CovtFD,5,0.815,150000,59254,51283
C,high_order,CovtFD,5,0.8175,150000,58682,50832
C,high_order,CovtFD,5,0.82,150000,58130,50397
C,high_order,CovtFD,5,0.8225,150000,57557,49943
C,high_order,CovtFD,5,0.825,150000,57008,49504
C,high_order,CovtFD,5,0.8275,150000,56432,49051
C,high_order,CovtFD,5,0.83,150000,55904,48623
C,high_order,CovtFD,5,0.8325,150000,55356,48180
C,high_order,CovtFD,5,0.835,150000,54796,47730
C,high_order,CovtFD,5,0.8375,150000,54252,47288
C,high_order,CovtFD,5,0.84,150000,53673,46818
C,high_order,CovtFD,5,0.8425,150000,53090,46342
C,high_order,CovtFD,5,0.845,150000,52495,45869
C,high_order,CovtFD,5,0.8475,150000,51888,45394
C,high_order,CovtFD,5,0.85,150000,51202,44840
C,high_order,CovtFD,5,0.8525,150000,50507,44274
C,high_order,CovtFD,5,0.855,150000,49793,43694
C,high_order,CovtFD,5,0.8575,150000,49006,43054
C,high_order,CovtFD,5,0.86,150000,48160,42385
C,high_order,CovtFD,5,0.8625,150000,47194,41592
C,high_order,CovtFD,5,0.865,150000,45973,40617
C,high_order,CovtFD,5,0.8675,150000,44519,39452
C,high_order,CovtFD,5,0.87,150000,43039,38248
C,high_order,CovtFD,5,0.8725,150000,41984,37375
C,high_order,CovtFD,5,0.875,150000,41191,36703
C,high_order,CovtFD,5,0.8775,150000,40591,36211
C,high_order,CovtFD,5,0.88,150000,40072,35775
C,high_order,CovtFD,5,0.8825,150000,39569,35348
C,high_order,CovtFD,5,0.885,150000,39031,34881
C,high_order,CovtFD,5,0.8875,150000,38521,34460
C,high_order,CovtFD,5,0.89,150000,37991,34006
C,high_order,CovtFD,5,0.8925,150000,37462,33565
C,high_order,CovtFD,5,0.895,150000,36878,33065
C,high_order,CovtFD,5,0.8975,150000,36282,32571
C,high_order,CovtFD,5,0.9,150000,35757,32127
C,high_order,CovtFD,5,0.9025,150000,35242,31687
C,high_order,CovtFD,5,0.905,150000,34718,31247
C,high_order,CovtFD,5,0.9075,150000,34158,30753
C,high_order,CovtFD,5,0.91,150000,33593,30262
C,high_order,CovtFD,5,0.9125,150000,33049,29789
C,high_order,CovtFD,5,0.915,150000,32441,29278
C,high_order,CovtFD,5,0.9175,150000,31829,28753
C,high_order,CovtFD,5,0.92,150000,31203,28203
C,high_order,CovtFD,5,0.9225,150000,30554,27635
C,high_order,CovtFD,5,0.925,150000,29878,27051
C,high_order,CovtFD,5,0.9275,150000,29187,26445
C,high_order,CovtFD,5,0.93,150000,28486,25840
C,high_order,CovtFD,5,0.9325,150000,27801,25230
C,high_order,CovtFD,5,0.935,150000,27061,24576
C,high_order,CovtFD,5,0.9375,150000,26295,23901
C,high_order,CovtFD,5,0.94,150000,25597,23282
C,high_order,CovtFD,5,0.9425,150000,24976,22726
C,high_order,CovtFD,5,0.945,150000,24344,22164
C,high_order,CovtFD,5,0.9475,150000,23679,21585
C,high_order,CovtFD,5,0.95,150000,23072,21048
C,high_order,CovtFD,5,0.9525,150000,22420,20456
C,high_order,CovtFD,5,0.955,150000,21812,19917
C,high_order,CovtFD,5,0.9575,150000,21158,19324
C,high_order,CovtFD,5,0.96,150000,20492,18721
C,high_order,CovtFD,5,0.9625,150000,19846,18153
C,high_order,CovtFD,5,0.965,150000,19160,17533
C,high_order,CovtFD,5,0.9675,150000,18518,16946
C,high_order,CovtFD,5,0.97,150000,17881,16369
C,high_order,CovtFD,5,0.9725,150000,17163,15731
C,high_order,CovtFD,5,0.975,150000,16460,15086
C,high_order,CovtFD,5,0.9775,150000,15742,14452
C,high_order,CovtFD,5,0.98,150000,14962,13745
C,high_order,CovtFD,5,0.9825,150000,14214,13070
C,high_order,CovtFD,5,0.985,150000,13419,12337
C,high_order,CovtFD,5,0.9875,150000,12640,11635
C,high_order,CovtFD,5,0.99,150000,11800,10884
C,high_order,CovtFD,5,0.9925,150000,10866,10034
C,high_order,CovtFD,5,0.995,150000,9801,9065
C,high_order,CovtFD,5,0.9975,150000,8506,7873
C,high_order,CovtFD,5,1.0,150000,3840,3553
w,high_order,CovtFD,5,0.7,150000,107121,91530
w,high_order,CovtFD,5,0.7025,150000,106437,91022
w,high_order,CovtFD,5,0.705,150000,105739,90518
w,high_order,CovtFD,5,0.7075,150000,105068,90034
w,high_order,CovtFD,5,0.71,150000,104385,89540
w,high_order,CovtFD,5,0.7125,150000,103677,89023
w,high_order,CovtFD,5,0.715,150000,102968,88532
w,high_order,CovtFD,5,0.7175,150000,102244,88010
w,high_order,CovtFD,5,0.72,150000,101549,87502
w,high_order,CovtFD,5,0.7225,150000,100803,86957
w,high_order,CovtFD,5,0.725,150000,100115,86453
w,high_order,CovtFD,5,0.7275,150000,99371,85910
w,high_order,CovtFD,5,0.73,150000,98669,85384
w,high_order,CovtFD,5,0.7325,150000,97893,84823
w,high_order,CovtFD,5,0.735,150000,97156,84297
w,high_order,CovtFD,5,0.7375,150000,96450,83749
w,high_order,CovtFD,5,0.74,150000,95716,83201
w,high_order,CovtFD,5,0.7425,150000,95031,82687
w,high_order,CovtFD,5,0.745,150000,94298,82138
w,high_order,CovtFD,5,0.7475,150000,93492,81536
w,high_order,CovtFD,5,0.75,150000,92786,80985
w,high_order,CovtFD,5,0.7525,150000,91978,80349
w,high_order,CovtFD,5,0.755,150000,91220,79780
w,high_order,CovtFD,5,0.7575,150000,90442,79188
w,high_order,CovtFD,5,0.76,150000,89737,78652
w,high_order,CovtFD,5,0.7625,150000,88976,78075
w,high_order,CovtFD,5,0.765,150000,88226,77513
w,high_order,CovtFD,5,0.7675,150000,87467,76949
w,high_order,CovtFD,5,0.77,150000,86693,76327
w,high_order,CovtFD,5,0.7725,150000,85957,75752
w,high_order,CovtFD,5,0.775,150000,85225,75208
w,high_order,CovtFD,5,0.7775,150000,84445,74598
w,high_order,CovtFD,5,0.78,150000,83719,74039
w,high_order,CovtFD,5,0.7825,150000,82898,73389
w,high_order,CovtFD,5,0.785,150000,82094,72760
w,high_order,CovtFD,5,0.7875,150000,81289,72123
w,high_order,CovtFD,5,0.79,150000,80520,71522
w,high_order,CovtFD,5,0.7925,150000,79738,70898
w,high_order,CovtFD,5,0.795,150000,78897,70209
w,high_order,CovtFD,5,0.7975,150000,78099,69563
w,high_order,CovtFD,5,0.8,150000,77305,68921
w,high_order,CovtFD,5,0.8025,150000,76507,68275
w,high_order,CovtFD,5,0.805,150000,75687,67631
w,high_order,CovtFD,5,0.8075,150000,74873,66964
w,high_order,CovtFD,5,0.81,150000,74022,66276
w,high_order,CovtFD,5,0.8125,150000,73198,65590
w,high_order,CovtFD,5,0.815,150000,72370,64930
w,high_order,CovtFD,5,0.8175,150000,71483,64215
w,high_order,CovtFD,5,0.82,150000,70642,63546
w,high_order,CovtFD,5,0.8225,150000,69743,62806
w,high_order,CovtFD,5,0.825,150000,68902,62102
w,high_order,CovtFD,5,0.8275,150000,68001,61330
w,high_order,CovtFD,5,0.83,150000,67056,60549
w,high_order,CovtFD,5,0.8325,150000,66170,59820
w,high_order,CovtFD,5,0.835,150000,65289,59097
w,high_order,CovtFD,5,0.8375,150000,64358,58346
w,high_order,CovtFD,5,0.84,150000,63443,57601
w,high_order,CovtFD,5,0.8425,150000,62560,56861
w,high_order,CovtFD,5,0.845,150000,61659,56106
w,high_order,CovtFD,5,0.8475,150000,60690,55298
w,high_order,CovtFD,5,0.85,150000,59790,54564
w,high_order,CovtFD,5,0.8525,150000,58836,53744
w,high_order,CovtFD,5,0.855,150000,57907,52932
w,high_order,CovtFD,5,0.8575,150000,57023,52183
w,high_order,CovtFD,5,0.86,150000,56097,51379
w,high_order,CovtFD,5,0.8625,150000,55197,50602
w,high_order,CovtFD,5,0.865,150000,54309,49842
w,high_order,CovtFD,5,0.8675,150000,53391,49062
w,high_order,CovtFD,5,0.87,150000,52405,48205
w,high_order,CovtFD,5,0.8725,150000,51400,47328
w,high_order,CovtFD,5,0.875,150000,50481,46529
w,high_order,CovtFD,5,0.8775,150000,49529,45696
w,high_order,CovtFD,5,0.88,150000,48536,44835
w,high_order,CovtFD,5,0.8825,150000,47530,43965
w,high_order,CovtFD,5,0.885,150000,46498,43058
w,high_order,CovtFD,5,0.8875,150000,45481,42154
w,high_order,CovtFD,5,0.89,150000,44425,41214
w,high_order,CovtFD,5,0.8925,150000,43408,40318
w,high_order,CovtFD,5,0.895,150000,42377,39411
w,high_order,CovtFD,5,0.8975,150000,41401,38550
w,high_order,CovtFD,5,0.9,150000,40294,37567
w,high_order,CovtFD,5,0.9025,150000,39285,36651
w,high_order,CovtFD,5,0.905,150000,38249,35723
w,high_order,CovtFD,5,0.9075,150000,37203,34766
w,high_order,CovtFD,5,0.91,150000,36149,33820
w,high_order,CovtFD,5,0.9125,150000,35151,32913
w,high_order,CovtFD,5,0.915,150000,34155,32022
w,high_order,CovtFD,5,0.9175,150000,33092,31055
w,high_order,CovtFD,5,0.92,150000,31989,30061
w,high_order,CovtFD,5,0.9225,150000,30955,29119
w,high_order,CovtFD,5,0.925,150000,29928,28181
w,high_order,CovtFD,5,0.9275,150000,28900,27261
w,high_order,CovtFD,5,0.93,150000,27857,26320
w,high_order,CovtFD,5,0.9325,150000,26837,25387
w,high_order,CovtFD,5,0.935,150000,25787,24426
w,high_order,CovtFD,5,0.9375,150000,24747,23480
w,high_order,CovtFD,5,0.94,150000,23696,22527
w,high_order,CovtFD,5,0.9425,150000,22752,21656
w,high_order,CovtFD,5,0.945,150000,21798,20774
w,high_order,CovtFD,5,0.9475,150000,20837,19864
w,high_order,CovtFD,5,0.95,150000,19917,19023
w,high_order,CovtFD,5,0.9525,150000,18941,18104
w,high_order,CovtFD,5,0.955,150000,17973,17191
w,high_order,CovtFD,5,0.9575,150000,17046,16327
w,high_order,CovtFD,5,0.96,150000,16093,15434
w,high_order,CovtFD,5,0.9625,150000,15157,14546
w,high_order,CovtFD,5,0.965,150000,14243,13691
w,high_order,CovtFD,5,0.9675,150000,13281,12779
w,high_order,CovtFD,5,0.97,150000,12306,11860
w,high_order,CovtFD,5,0.9725,150000,11324,10924
w,high_order,CovtFD,5,0.975,150000,10297,9937
w,high_order,CovtFD,5,0.9775,150000,9328,9013
w,high_order,CovtFD,5,0.98,150000,8363,8088
w,high_order,CovtFD,5,0.9825,150000,7455,7210
w,high_order,CovtFD,5,0.985,150000,6571,6356
w,high_order,CovtFD,5,0.9875,150000,5625,5440
w,high_order,CovtFD,5,0.99,150000,4683,4533
w,high_order,CovtFD,5,0.9925,150000,3628,3506
w,high_order,CovtFD,5,0.995,150000,2557,2478
w,high_order,CovtFD,5,0.9975,150000,1432,1384
w,high_order,CovtFD,5,1.0,150000,4,4
A_hat,binary_relevance_probe,CovtFD,5,0.7,600000,338600,251833
A_hat,binary_relevance_probe,CovtFD,5,0.7025,600000,333470,248271
A_hat,binary_relevance_probe,CovtFD,5,0.705,600000,328919,245121
A_hat,binary_relevance_probe,CovtFD,5,0.7075,600000,324159,241775
A_hat,binary_relevance_probe,CovtFD,5,0.71,600000,319128,238269
A_hat,binary_relevance_probe,CovtFD,5,0.7125,600000,314160,234795
A_hat,binary_relevance_probe,CovtFD,5,0.715,600000,308856,231059
A_hat,binary_relevance_probe,CovtFD,5,0.7175,600000,303394,227180
A_hat,binary_relevance_probe,CovtFD,5,0.72,600000,298092,223449
A_hat,binary_relevance_probe,CovtFD,5,0.7225,600000,292680,219606
A_hat,binary_relevance_probe,CovtFD,5,0.725,600000,287393,215852
A_hat,binary_relevance_probe,CovtFD,5,0.7275,600000,282275,212186
A_hat,binary_relevance_probe,CovtFD,5,0.73,600000,277419,208741
A_hat,binary_relevance_probe,CovtFD,5,0.7325,600000,272844,205434
A_hat,binary_relevance_probe,CovtFD,5,0.735,600000,268151,202088
A_hat,binary_relevance_probe,CovtFD,5,0.7375,600000,263029,198427
A_hat,binary_relevance_probe,CovtFD,5,0.74,600000,256902,194096
A_hat,binary_relevance_probe,CovtFD,5,0.7425,600000,251133,189942
A_hat,binary_relevance_probe,CovtFD,5,0.745,600000,245862,186160
A_hat,binary_relevance_probe,CovtFD,5,0.7475,600000,240325,182189
A_hat,binary_relevance_probe,CovtFD,5,0.75,600000,235035,178340
A_hat,binary_relevance_probe,CovtFD,5,0.7525,600000,229844,174592
A_hat,binary_relevance_probe,CovtFD,5,0.755,600000,224601,170726
A_hat,binary_relevance_probe,CovtFD,5,0.7575,600000,218863,166474
A_hat,binary_relevance_probe,CovtFD,5,0.76,600000,213654,162602
A_hat,binary_relevance_probe,CovtFD,5,0.7625,600000,209312,159373
A_hat,binary_relevance_probe,CovtFD,5,0.765,600000,204475,155826
A_hat,binary_relevance_probe,CovtFD,5,0.7675,600000,199639,152291
A_hat,binary_relevance_probe,CovtFD,5,0.77,600000,195384,149114
A_hat,binary_relevance_probe,CovtFD,5,0.7725,600000,191157,146009
A_hat,binary_relevance_probe,CovtFD,5,0.775,600000,186647,142646
A_hat,binary_relevance_probe,CovtFD,5,0.7775,600000,181948,139154
A_hat,binary_relevance_probe,CovtFD,5,0.78,600000,176901,135333
A_hat,binary_relevance_probe,CovtFD,5,0.7825,600000,171821,131540
A_hat,binary_relevance_probe,CovtFD,5,0.785,600000,166748,127678
A_hat,binary_relevance_probe,CovtFD,5,0.7875,600000,162279,124323
A_hat,binary_relevance_probe,CovtFD,5,0.79,600000,158211,121205
A_hat,binary_relevance_probe,CovtFD,5,0.7925,600000,154444,118400
A_hat,binary_relevance_probe,CovtFD,5,0.795,600000,151172,115933
A_hat,binary_relevance_probe,CovtFD,5,0.7975,600000,148364,113845
A_hat,binary_relevance_probe,CovtFD,5,0.8,600000,145204,111456
A_hat,binary_relevance_probe,CovtFD,5,0.8025,600000,141662,108714
A_hat,binary_relevance_probe,CovtFD,5,0.805,600000,138472,106288
A_hat,binary_relevance_probe,CovtFD,5,0.8075,600000,135500,104013
A_hat,binary_relevance_probe,CovtFD,5,0.81,600000,132285,101522
A_hat,binary_relevance_probe,CovtFD,5,0.8125,600000,129745,99586
A_hat,binary_relevance_probe,CovtFD,5,0.815,600000,127013,97492
A_hat,binary_relevance_probe,CovtFD,5,0.8175,600000,124326,95466
A_hat,binary_relevance_probe,CovtFD,5,0.82,600000,121929,93642
A_hat,binary_relevance_probe,CovtFD,5,0.8225,600000,119838,92072
A_hat,binary_relevance_probe,CovtFD,5,0.825,600000,117680,90440
A_hat,binary_relevance_probe,CovtFD,5,0.8275,600000,115364,88684
A_hat,binary_relevance_probe,CovtFD,5,0.83,600000,113100,86963
A_hat,binary_relevance_probe,CovtFD,5,0.8325,600000,110976,85357
A_hat,binary_relevance_probe,CovtFD,5,0.835,600000,108897,83765
A_hat,binary_relevance_probe,CovtFD,5,0.8375,600000,106761,82146
A_hat,binary_relevance_probe,CovtFD,5,0.84,600000,104969,80787
A_hat,binary_relevance_probe,CovtFD,5,0.8425,600000,103399,79597
A_hat,binary_relevance_probe,CovtFD,5,0.845,600000,101990,78517
A_hat,binary_relevance_probe,CovtFD,5,0.8475,600000,100464,77360
A_hat,binary_relevance_probe,CovtFD,5,0.85,600000,98851,76140
A_hat,binary_relevance_probe,CovtFD,5,0.8525,600000,97402,75023
A_hat,binary_relevance_probe,CovtFD,5,0.855,600000,95694,73686
A_hat,binary_relevance_probe,CovtFD,5,0.8575,600000,94161,72528
A_hat,binary_relevance_probe,CovtFD,5,0.86,600000,92953,71590
A_hat,binary_relevance_probe,CovtFD,5,0.8625,600000,91844,70749
A_hat,binary_relevance_probe,CovtFD,5,0.865,600000,90571,69763
A_hat,binary_relevance_probe,CovtFD,5,0.8675,600000,89344,68816
A_hat,binary_relevance_probe,CovtFD,5,0.87,600000,88114,67860
A_hat,binary_relevance_probe,CovtFD,5,0.8725,600000,86728,66777
A_hat,binary_relevance_probe,CovtFD,5,0.875,600000,85629,65919
A_hat,binary_relevance_probe,CovtFD,5,0.8775,600000,84569,65101
A_hat,binary_relevance_probe,CovtFD,5,0.88,600000,83584,64320
A_hat,binary_relevance_probe,CovtFD,5,0.8825,600000,82526,63482
A_hat,binary_relevance_probe,CovtFD,5,0.885,600000,81632,62785
A_hat,binary_relevance_probe,CovtFD,5,0.8875,600000,80813,62169
A_hat,binary_relevance_probe,CovtFD,5,0.89,600000,80005,61526
A_hat,binary_relevance_probe,CovtFD,5,0.8925,600000,79237,60942
A_hat,binary_relevance_probe,CovtFD,5,0.895,600000,78509,60398
A_hat,binary_relevance_probe,CovtFD,5,0.8975,600000,77778,59840
A_hat,binary_relevance_probe,CovtFD,5,0.9,600000,76913,59181
A_hat,binary_relevance_probe,CovtFD,5,0.9025,600000,76038,58494
A_hat,binary_relevance_probe,CovtFD,5,0.905,600000,75144,57800
A_hat,binary_relevance_probe,CovtFD,5,0.9075,600000,74345,57195
A_hat,binary_relevance_probe,CovtFD,5,0.91,600000,73515,56543
A_hat,binary_relevance_probe,CovtFD,5,0.9125,600000,72688,55884
A_hat,binary_relevance_probe,CovtFD,5,0.915,600000,71892,55278
A_hat,binary_relevance_probe,CovtFD,5,0.9175,600000,71076,54634
A_hat,binary_relevance_probe,CovtFD,5,0.92,600000,70117,53892
A_hat,binary_relevance_probe,CovtFD,5,0.9225,600000,69332,53284
A_hat,binary_relevance_probe,CovtFD,5,0.925,600000,68371,52549
A_hat,binary_relevance_probe,CovtFD,5,0.9275,600000,67510,51870
A_hat,binary_relevance_probe,CovtFD,5,0.93,600000,66727,51274
A_hat,binary_relevance_probe,CovtFD,5,0.9325,600000,65976,50693
A_hat,binary_relevance_probe,CovtFD,5,0.935,600000,65152,50058
A_hat,binary_relevance_probe,CovtFD,5,0.9375,600000,64355,49434
A_hat,binary_relevance_probe,CovtFD,5,0.94,600000,63568,48809
A_hat,binary_relevance_probe,CovtFD,5,0.9425,600000,62588,48019
A_hat,binary_relevance_probe,CovtFD,5,0.945,600000,61812,47458
A_hat,binary_relevance_probe,CovtFD,5,0.9475,600000,61094,46917
A_hat,binary_relevance_probe,CovtFD,5,0.95,600000,60390,46391
A_hat,binary_relevance_probe,CovtFD,5,0.9525,600000,59772,45939
A_hat,binary_relevance_probe,CovtFD,5,0.955,600000,59111,45440
A_hat,binary_relevance_probe,CovtFD,5,0.9575,600000,58426,44928
A_hat,binary_relevance_probe,CovtFD,5,0.96,600000,57722,44415
A_hat,binary_relevance_probe,CovtFD,5,0.9625,600000,56977,43849
A_hat,binary_relevance_probe,CovtFD,5,0.965,600000,56253,43298
A_hat,binary_relevance_probe,CovtFD,5,0.9675,600000,55369,42617
A_hat,binary_relevance_probe,CovtFD,5,0.97,600000,54494,41949
A_hat,binary_relevance_probe,CovtFD,5,0.9725,600000,53653,41311
A_hat,binary_relevance_probe,CovtFD,5,0.975,600000,52746,40642
A_hat,binary_relevance_probe,CovtFD,5,0.9775,600000,51898,40029
A_hat,binary_relevance_probe,CovtFD,5,0.98,600000,50837,39234
A_hat,binary_relevance_probe,CovtFD,5,0.9825,600000,49701,38381
A_hat,binary_relevance_probe,CovtFD,5,0.985,600000,48512,37482
A_hat,binary_relevance_probe,CovtFD,5,0.9875,600000,47147,36453
A_hat,binary_relevance_probe,CovtFD,5,0.99,600000,45872,35541
A_hat,binary_relevance_probe,CovtFD,5,0.9925,600000,44173,34283
A_hat,binary_relevance_probe,CovtFD,5,0.995,600000,41848,32554
A_hat,binary_relevance_probe,CovtFD,5,0.9975,600000,38496,29997
A_hat,binary_relevance_probe,CovtFD,5,1.0,600000,16170,12638
M,high_order,Electricity,5,0.7,150000,81504,65596
M,high_order,Electricity,5,0.7025,150000,80982,65221
M,high_order,Electricity,5,0.705,150000,80570,64931
M,high_order,Electricity,5,0.7075,150000,80136,64605
M,high_order,Electricity,5,0.71,150000,79650,64245
M,high_order,Electricity,5,0.7125,150000,79162,63896
M,high_order,Electricity,5,0.715,150000,78705,63553
M,high_order,Electricity,5,0.7175,150000,78242,63207
M,high_order,Electricity,5,0.72,150000,77798,62866
M,high_order,Electricity,5,0.7225,150000,77374,62557
M,high_order,Electricity,5,0.725,150000,76976,62281
M,high_order,Electricity,5,0.7275,150000,76581,61997
M,high_order,Electricity,5,0.73,150000,76227,61742
M,high_order,Electricity,5,0.7325,150000,75830,61437
M,high_order,Electricity,5,0.735,150000,75439,61147
M,high_order,Electricity,5,0.7375,150000,75005,60826
M,high_order,Electricity,5,0.74,150000,74617,60531
M,high_order,Electricity,5,0.7425,150000,74243,60259
M,high_order,Electricity,5,0.745,150000,73792,59940
M,high_order,Electricity,5,0.7475,150000,73410,59634
M,high_order,Electricity,5,0.75,150000,72983,59332
M,high_order,Electricity,5,0.7525,150000,72601,59033
M,high_order,Electricity,5,0.755,150000,72256,58805
M,high_order,Electricity,5,0.7575,150000,71840,58499
M,high_order,Electricity,5,0.76,150000,71459,58211
M,high_order,Electricity,5,0.7625,150000,71131,57968
M,high_order,Electricity,5,0.765,150000,70769,57701
M,high_order,Electricity,5,0.7675,150000,70428,57447
M,high_order,Electricity,5,0.77,150000,70038,57163
M,high_order,Electricity,5,0.7725,150000,69704,56928
M,high_order,Electricity,5,0.775,150000,69320,56639
M,high_order,Electricity,5,0.7775,150000,68914,56339
M,high_order,Electricity,5,0.78,150000,68536,56047
M,high_order,Electricity,5,0.7825,150000,68193,55796
M,high_order,Electricity,5,0.785,150000,67799,55510
M,high_order,Electricity,5,0.7875,150000,67403,55213
M,high_order,Electricity,5,0.79,150000,66976,54897
M,high_order,Electricity,5,0.7925,150000,66632,54641
M,high_order,Electricity,5,0.795,150000,66298,54382
M,high_order,Electricity,5,0.7975,150000,65860,54061
M,high_order,Electricity,5,0.8,150000,65411,53721
M,high_order,Electricity,5,0.8025,150000,64985,53395
M,high_order,Electricity,5,0.805,150000,64616,53128
M,high_order,Electricity,5,0.8075,150000,64183,52782
M,high_order,Electricity,5,0.81,150000,63753,52466
M,high_order,Electricity,5,0.8125,150000,63302,52131
M,high_order,Electricity,5,0.815,150000,62857,51784
M,high_order,Electricity,5,0.8175,150000,62409,51434
M,high_order,Electricity,5,0.82,150000,61973,51110
M,high_order,Electricity,5,0.8225,150000,61586,50812
M,high_order,Electricity,5,0.825,150000,61093,50410
M,high_order,Electricity,5,0.8275,150000,60605,50043
M,high_order,Electricity,5,0.83,150000,60127,49676
M,high_order,Electricity,5,0.8325,150000,59593,49261
M,high_order,Electricity,5,0.835,150000,59048,48834
M,high_order,Electricity,5,0.8375,150000,58540,48430
M,high_order,Electricity,5,0.84,150000,57963,47985
M,high_order,Electricity,5,0.8425,150000,57380,47520
M,high_order,Electricity,5,0.845,150000,56826,47085
M,high_order,Electricity,5,0.8475,150000,56248,46621
M,high_order,Electricity,5,0.85,150000,55697,46174
M,high_order,Electricity,5,0.8525,150000,55218,45795
M,high_order,Electricity,5,0.855,150000,54719,45407
M,high_order,Electricity,5,0.8575,150000,54212,45017
M,high_order,Electricity,5,0.86,150000,53775,44655
M,high_order,Electricity,5,0.8625,150000,53349,44309
M,high_order,Electricity,5,0.865,150000,52978,44016
M,high_order,Electricity,5,0.8675,150000,52470,43611
M,high_order,Electricity,5,0.87,150000,52013,43261
M,high_order,Electricity,5,0.8725,150000,51521,42867
M,high_order,Electricity,5,0.875,150000,51076,42518
M,high_order,Electricity,5,0.8775,150000,50645,42159
M,high_order,Electricity,5,0.88,150000,50205,41811
M,high_order,Electricity,5,0.8825,150000,49765,41468
M,high_order,Electricity,5,0.885,150000,49383,41191
M,high_order,Electricity,5,0.8875,150000,48935,40826
M,high_order,Electricity,5,0.89,150000,48522,40492
M,high_order,Electricity,5,0.8925,150000,48066,40109
M,high_order,Electricity,5,0.895,150000,47648,39769
M,high_order,Electricity,5,0.8975,150000,47186,39425
M,high_order,Electricity,5,0.9,150000,46731,39054
M,high_order,Electricity,5,0.9025,150000,46290,38715
M,high_order,Electricity,5,0.905,150000,45853,38353
M,high_order,Electricity,5,0.9075,150000,45336,37931
M,high_order,Electricity,5,0.91,150000,44790,37489
M,high_order,Electricity,5,0.9125,150000,44277,37072
M,high_order,Electricity,5,0.915,150000,43805,36670
M,high_order,Electricity,5,0.9175,150000,43324,36280
M,high_order,Electricity,5,0.92,150000,42771,35853
M,high_order,Electricity,5,0.9225,150000,42186,35360
M,high_order,Electricity,5,0.925,150000,41690,34939
M,high_order,Electricity,5,0.9275,150000,41176,34521
M,high_order,Electricity,5,0.93,150000,40692,34125
M,high_order,Electricity,5,0.9325,150000,40181,33729
M,high_order,Electricity,5,0.935,150000,39717,33373
M,high_order,Electricity,5,0.9375,150000,39152,32928
M,high_order,Electricity,5,0.94,150000,38587,32475
M,high_order,Electricity,5,0.9425,150000,38076,32065
M,high_order,Electricity,5,0.945,150000,37555,31646
M,high_order,Electricity,5,0.9475,150000,37051,31260
M,high_order,Electricity,5,0.95,150000,36569,30878
M,high_order,Electricity,5,0.9525,150000,35971,30369
M,high_order,Electricity,5,0.955,150000,35276,29764
M,high_order,Electricity,5,0.9575,150000,34679,29257
M,high_order,Electricity,5,0.96,150000,34043,28704
M,high_order,Electricity,5,0.9625,150000,33369,28117
M,high_order,Electricity,5,0.965,150000,32660,27521
M,high_order,Electricity,5,0.9675,150000,32022,26991
M,high_order,Electricity,5,0.97,150000,31309,26370
M,high_order,Electricity,5,0.9725,150000,30500,25684
M,high_order,Electricity,5,0.975,150000,29847,25124
M,high_order,Electricity,5,0.9775,150000,29144,24518
M,high_order,Electricity,5,0.98,150000,28470,23928
M,high_order,Electricity,5,0.9825,150000,27728,23290
M,high_order,Electricity,5,0.985,150000,26894,22538
M,high_order,Electricity,5,0.9875,150000,25922,21675
M,high_order,Electricity,5,0.99,150000,24708,20624
M,high_order,Electricity,5,0.9925,150000,23745,19797
M,high_order,Electricity,5,0.995,150000,22766,18959
M,high_order,Electricity,5,0.9975,150000,21743,18120
M,high_order,Electricity,5,1.0,150000,18334,15599
c,high_order,Electricity,5,0.7,150000,118562,100389
c,high_order,Electricity,5,0.7025,150000,118562,100389
c,high_order,Electricity,5,0.705,150000,118562,100389
c,high_order,Electricity,5,0.7075,150000,118562,100389
c,high_order,Electricity,5,0.71,150000,118562,100389
c,high_order,Electricity,5,0.7125,150000,118562,100389
c,high_order,Electricity,5,0.715,150000,118562,100389
c,high_order,Electricity,5,0.7175,150000,118562,100389
c,high_order,Electricity,5,0.72,150000,118562,100389
c,high_order,Electricity,5,0.7225,150000,118562,100389
c,high_order,Electricity,5,0.725,150000,112515,96227
c,high_order,Electricity,5,0.7275,150000,112515,96227
c,high_order,Electricity,5,0.73,150000,112515,96227
c,high_order,Electricity,5,0.7325,150000,112515,96227
c,high_order,Electricity,5,0.735,150000,112515,96227
c,high_order,Electricity,5,0.7375,150000,112515,96227
c,high_order,Electricity,5,0.74,150000,112515,96227
c,high_order,Electricity,5,0.7425,150000,112515,96227
c,high_order,Electricity,5,0.745,150000,112515,96227
c,high_order,Electricity,5,0.7475,150000,112515,96227
c,high_order,Electricity,5,0.75,150000,112515,96227
c,high_order,Electricity,5,0.7525,150000,112515,96227
c,high_order,Electricity,5,0.755,150000,112515,96227
c,high_order,Electricity,5,0.7575,150000,112515,96227
c,high_order,Electricity,5,0.76,150000,104888,90625
c,high_order,Electricity,5,0.7625,150000,104888,90625
c,high_order,Electricity,5,0.765,150000,104888,90625
c,high_order,Electricity,5,0.7675,150000,104888,90625
c,high_order,Electricity,5,0.77,150000,104888,90625
c,high_order,Electricity,5,0.7725,150000,104888,90625
c,high_order,Electricity,5,0.775,150000,104888,90625
c,high_order,Electricity,5,0.7775,150000,104888,90625
c,high_order,Electricity,5,0.78,150000,104888,90625
c,high_order,Electricity,5,0.7825,150000,104888,90625
c,high_order,Electricity,5,0.785,150000,104888,90625
c,high_order,Electricity,5,0.7875,150000,104888,90625
c,high_order,Electricity,5,0.79,150000,104888,90625
c,high_order,Electricity,5,0.7925,150000,104888,90625
c,high_order,Electricity,5,0.795,150000,96011,83837
c,high_order,Electricity,5,0.7975,150000,96011,83837
c,high_order,Electricity,5,0.8,150000,96011,83837
c,high_order,Electricity,5,0.8025,150000,96011,83837
c,high_order,Electricity,5,0.805,150000,96011,83837
c,high_order,Electricity,5,0.8075,150000,96011,83837
c,high_order,Electricity,5,0.81,150000,96011,83837
c,high_order,Electricity,5,0.8125,150000,96011,83837
c,high_order,Electricity,5,0.815,150000,96011,83837
c,high_order,Electricity,5,0.8175,150000,96011,83837
c,high_order,Electricity,5,0.82,150000,96011,83837
c,high_order,Electricity,5,0.8225,150000,96011,83837
c,high_order,Electricity,5,0.825,150000,96011,83837
c,high_order,Electricity,5,0.8275,150000,96011,83837
c,high_order,Electricity,5,0.83,150000,86191,76219
c,high_order,Electricity,5,0.8325,150000,86191,76219
c,high_order,Electricity,5,0.835,150000,86191,76219
c,high_order,Electricity,5,0.8375,150000,86191,76219
c,high_order,Electricity,5,0.84,150000,86191,76219
c,high_order,Electricity,5,0.8425,150000,86191,76219
c,high_order,Electricity,5,0.845,150000,86191,76219
c,high_order,Electricity,5,0.8475,150000,86191,76219
c,high_order,Electricity,5,0.85,150000,86191,76219
c,high_order,Electricity,5,0.8525,150000,86191,76219
c,high_order,Electricity,5,0.855,150000,86191,76219
c,high_order,Electricity,5,0.8575,150000,86191,76219
c,high_order,Electricity,5,0.86,150000,86191,76219
c,high_order,Electricity,5,0.8625,150000,75106,67345
c,high_order,Electricity,5,0.865,150000,75106,67345
c,high_order,Electricity,5,0.8675,150000,75106,67345
c,high_order,Electricity,5,0.87,150000,75106,67345
c,high_order,Electricity,5,0.8725,150000,75106,67345
c,high_order,Electricity,5,0.875,150000,75106,67345
c,high_order,Electricity,5,0.8775,150000,75106,67345
c,high_order,Electricity,5,0.88,150000,75106,67345
c,high_order,Electricity,5,0.8825,150000,75106,67345
c,high_order,Electricity,5,0.885,150000,75106,67345
c,high_order,Electricity,5,0.8875,150000,75106,67345
c,high_order,Electricity,5,0.89,150000,75106,67345
c,high_order,Electricity,5,0.8925,150000,75106,67345
c,high_order,Electricity,5,0.895,150000,75106,67345
c,high_order,Electricity,5,0.8975,150000,62381,56836
c,high_order,Electricity,5,0.9,150000,62381,56836
c,high_order,Electricity,5,0.9025,150000,62381,56836
c,high_order,Electricity,5,0.905,150000,62381,56836
c,high_order,Electricity,5,0.9075,150000,62381,56836
c,high_order,Electricity,5,0.91,150000,62381,56836
c,high_order,Electricity,5,0.9125,150000,62381,56836
c,high_order,Electricity,5,0.915,150000,62381,56836
c,high_order,Electricity,5,0.9175,150000,62381,56836
c,high_order,Electricity,5,0.92,150000,62381,56836
c,high_order,Electricity,5,0.9225,150000,62381,56836
c,high_order,Electricity,5,0.925,150000,62381,56836
c,high_order,Electricity,5,0.9275,150000,62381,56836
c,high_order,Electricity,5,0.93,150000,62381,56836
c,high_order,Electricity,5,0.9325,150000,46562,43346
c,high_order,Electricity,5,0.935,150000,46562,43346
c,high_order,Electricity,5,0.9375,150000,46562,43346
c,high_order,Electricity,5,0.94,150000,46562,43346
c,high_order,Electricity,5,0.9425,150000,46562,43346
c,high_order,Electricity,5,0.945,150000,46562,43346
c,high_order,Electricity,5,0.9475,150000,46562,43346
c,high_order,Electricity,5,0.95,150000,46562,43346
c,high_order,Electricity,5,0.9525,150000,46562,43346
c,high_order,Electricity,5,0.955,150000,46562,43346
c,high_order,Electricity,5,0.9575,150000,46562,43346
c,high_order,Electricity,5,0.96,150000,46562,43346
c,high_order,Electricity,5,0.9625,150000,46562,43346
c,high_order,Electricity,5,0.965,150000,46562,43346
c,high_order,Electricity,5,0.9675,150000,25425,24137
c,high_order,Electricity,5,0.97,150000,25425,24137
c,high_order,Electricity,5,0.9725,150000,25425,24137
c,high_order,Electricity,5,0.975,150000,25425,24137
c,high_order,Electricity,5,0.9775,150000,25425,24137
c,high_order,Electricity,5,0.98,150000,25425,24137
c,high_order,Electricity,5,0.9825,150000,25425,24137
c,high_order,Electricity,5,0.985,150000,25425,24137
c,high_order,Electricity,5,0.9875,150000,25425,24137
c,high_order,Electricity,5,0.99,150000,25425,24137
c,high_order,Electricity,5,0.9925,150000,25425,24137
c,high_order,Electricity,5,0.995,150000,25425,24137
c,high_order,Electricity,5,0.9975,150000,25425,24137
c,high_order,Electricity,5,1.0,150000,25425,24137
A_hat,high_order,Electricity,5,0.7,150000,87780,67305
A_hat,high_order,Electricity,5,0.7025,150000,87334,67016
A_hat,high_order,Electricity,5,0.705,150000,86928,66730
A_hat,high_order,Electricity,5,0.7075,150000,86562,66480
A_hat,high_order,Electricity,5,0.71,150000,86154,66215
A_hat,high_order,Electricity,5,0.7125,150000,85802,65983
A_hat,high_order,Electricity,5,0.715,150000,85416,65719
A_hat,high_order,Electricity,5,0.7175,150000,85015,65462
A_hat,high_order,Electricity,5,0.72,150000,84625,65187
A_hat,high_order,Electricity,5,0.7225,150000,84234,64903
A_hat,high_order,Electricity,5,0.725,150000,83815,64608
A_hat,high_order,Electricity,5,0.7275,150000,83380,64281
A_hat,high_order,Electricity,5,0.73,150000,82975,64011
A_hat,high_order,Electricity,5,0.7325,150000,82552,63720
A_hat,high_order,Electricity,5,0.735,150000,82057,63390
A_hat,high_order,Electricity,5,0.7375,150000,81644,63106
A_hat,high_order,Electricity,5,0.74,150000,81147,62769
A_hat,high_order,Electricity,5,0.7425,150000,80570,62352
A_hat,high_order,Electricity,5,0.745,150000,80008,61979
A_hat,high_order,Electricity,5,0.7475,150000,79444,61583
A_hat,high_order,Electricity,5,0.75,150000,78906,61215
A_hat,high_order,Electricity,5,0.7525,150000,78323,60794
A_hat,high_order,Electricity,5,0.755,150000,77753,60395
A_hat,high_order,Electricity,5,0.7575,150000,77236,60039
A_hat,high_order,Electricity,5,0.76,150000,76689,59652
A_hat,high_order,Electricity,5,0.7625,150000,76113,59249
A_hat,high_order,Electricity,5,0.765,150000,75543,58857
A_hat,high_order,Electricity,5,0.7675,150000,74931,58427
A_hat,high_order,Electricity,5,0.77,150000,74338,57996
A_hat,high_order,Electricity,5,0.7725,150000,73766,57590
A_hat,high_order,Electricity,5,0.775,150000,73169,57185
A_hat,high_order,Electricity,5,0.7775,150000,72569,56748
A_hat,high_order,Electricity,5,0.78,150000,72039,56392
A_hat,high_order,Electricity,5,0.7825,150000,71458,55985
A_hat,high_order,Electricity,5,0.785,150000,70871,55558
A_hat,high_order,Electricity,5,0.7875,150000,70323,55159
A_hat,high_order,Electricity,5,0.79,150000,69684,54683
A_hat,high_order,Electricity,5,0.7925,150000,69090,54253
A_hat,high_order,Electricity,5,0.795,150000,68473,53832
A_hat,high_order,Electricity,5,0.7975,150000,67908,53436
A_hat,high_order,Electricity,5,0.8,150000,67337,53031
A_hat,high_order,Electricity,5,0.8025,150000,66713,52575
A_hat,high_order,Electricity,5,0.805,150000,66079,52090
A_hat,high_order,Electricity,5,0.8075,150000,65504,51684
A_hat,high_order,Electricity,5,0.81,150000,64880,51237
A_hat,high_order,Electricity,5,0.8125,150000,64321,50835
A_hat,high_order,Electricity,5,0.815,150000,63710,50391
A_hat,high_order,Electricity,5,0.8175,150000,63118,49951
A_hat,high_order,Electricity,5,0.82,150000,62533,49532
A_hat,high_order,Electricity,5,0.8225,150000,61967,49147
A_hat,high_order,Electricity,5,0.825,150000,61428,48756
A_hat,high_order,Electricity,5,0.8275,150000,60849,48336
A_hat,high_order,Electricity,5,0.83,150000,60299,47938
A_hat,high_order,Electricity,5,0.8325,150000,59764,47542
A_hat,high_order,Electricity,5,0.835,150000,59189,47120
A_hat,high_order,Electricity,5,0.8375,150000,58601,46682
A_hat,high_order,Electricity,5,0.84,150000,58079,46288
A_hat,high_order,Electricity,5,0.8425,150000,57509,45863
A_hat,high_order,Electricity,5,0.845,150000,57004,45490
A_hat,high_order,Electricity,5,0.8475,150000,56445,45070
A_hat,high_order,Electricity,5,0.85,150000,55868,44628
A_hat,high_order,Electricity,5,0.8525,150000,55293,44156
A_hat,high_order,Electricity,5,0.855,150000,54751,43739
A_hat,high_order,Electricity,5,0.8575,150000,54298,43404
A_hat,high_order,Electricity,5,0.86,150000,53814,43042
A_hat,high_order,Electricity,5,0.8625,150000,53277,42652
A_hat,high_order,Electricity,5,0.865,150000,52761,42260
A_hat,high_order,Electricity,5,0.8675,150000,52274,41918
A_hat,high_order,Electricity,5,0.87,150000,51769,41549
A_hat,high_order,Electricity,5,0.8725,150000,51270,41168
A_hat,high_order,Electricity,5,0.875,150000,50802,40808
A_hat,high_order,Electricity,5,0.8775,150000,50366,40486
A_hat,high_order,Electricity,5,0.88,150000,49883,40114
A_hat,high_order,Electricity,5,0.8825,150000,49418,39765
A_hat,high_order,Electricity,5,0.885,150000,48944,39408
A_hat,high_order,Electricity,5,0.8875,150000,48497,39069
A_hat,high_order,Electricity,5,0.89,150000,48047,38737
A_hat,high_order,Electricity,5,0.8925,150000,47518,38337
A_hat,high_order,Electricity,5,0.895,150000,47045,37992
A_hat,high_order,Electricity,5,0.8975,150000,46552,37609
A_hat,high_order,Electricity,5,0.9,150000,46100,37254
A_hat,high_order,Electricity,5,0.9025,150000,45632,36881
A_hat,high_order,Electricity,5,0.905,150000,45208,36548
A_hat,high_order,Electricity,5,0.9075,150000,44759,36210
A_hat,high_order,Electricity,5,0.91,150000,44363,35897
A_hat,high_order,Electricity,5,0.9125,150000,43953,35580
A_hat,high_order,Electricity,5,0.915,150000,43553,35276
A_hat,high_order,Electricity,5,0.9175,150000,43233,35023
A_hat,high_order,Electricity,5,0.92,150000,42908,34775
A_hat,high_order,Electricity,5,0.9225,150000,42571,34506
A_hat,high_order,Electricity,5,0.925,150000,42237,34238
A_hat,high_order,Electricity,5,0.9275,150000,41916,33986
A_hat,high_order,Electricity,5,0.93,150000,41593,33734
A_hat,high_order,Electricity,5,0.9325,150000,41268,33467
A_hat,high_order,Electricity,5,0.935,150000,40965,33228
A_hat,high_order,Electricity,5,0.9375,150000,40632,32965
A_hat,high_order,Electricity,5,0.94,150000,40288,32687
A_hat,high_order,Electricity,5,0.9425,150000,39987,32439
A_hat,high_order,Electricity,5,0.945,150000,39660,32177
A_hat,high_order,Electricity,5,0.9475,150000,39336,31914
A_hat,high_order,Electricity,5,0.95,150000,39033,31676
A_hat,high_order,Electricity,5,0.9525,150000,38712,31411
A_hat,high_order,Electricity,5,0.955,150000,38443,31199
A_hat,high_order,Electricity,5,0.9575,150000,38230,31034
A_hat,high_order,Electricity,5,0.96,150000,38020,30861
A_hat,high_order,Electricity,5,0.9625,150000,37792,30687
A_hat,high_order,Electricity,5,0.965,150000,37593,30529
A_hat,high_order,Electricity,5,0.9675,150000,37361,30349
A_hat,high_order,Electricity,5,0.97,150000,37187,30226
A_hat,high_order,Electricity,5,0.9725,150000,37020,30096
A_hat,high_order,Electricity,5,0.975,150000,36868,29973
A_hat,high_order,Electricity,5,0.9775,150000,36712,29843
A_hat,high_order,Electricity,5,0.98,150000,36581,29741
A_hat,high_order,Electricity,5,0.9825,150000,36456,29652
A_hat,high_order,Electricity,5,0.985,150000,36297,29525
A_hat,high_order,Electricity,5,0.9875,150000,36149,29411
A_hat,high_order,Electricity,5,0.99,150000,35973,29254
A_hat,high_order,Electricity,5,0.9925,150000,35747,29077
A_hat,high_order,Electricity,5,0.995,150000,35505,28878
A_hat,high_order,Electricity,5,0.9975,150000,35025,28485
A_hat,high_order,Electricity,5,1.0,150000,34131,27747
C,high_order,Electricity,5,0.7,150000,76277,63648
C,high_order,Electricity,5,0.7025,150000,75727,63234
C,high_order,Electricity,5,0.705,150000,75140,62784
C,high_order,Electricity,5,0.7075,150000,74579,62366
C,high_order,Electricity,5,0.71,150000,73990,61921
C,high_order,Electricity,5,0.7125,150000,73477,61508
C,high_order,Electricity,5,0.715,150000,72904,61080
C,high_order,Electricity,5,0.7175,150000,72364,60656
C,high_order,Electricity,5,0.72,150000,71845,60249
C,high_order,Electricity,5,0.7225,150000,71186,59743
C,high_order,Electricity,5,0.725,150000,70641,59320
C,high_order,Electricity,5,0.7275,150000,70092,58898
C,high_order,Electricity,5,0.73,150000,69502,58454
C,high_order,Electricity,5,0.7325,150000,68944,58021
C,high_order,Electricity,5,0.735,150000,68352,57584
C,high_order,Electricity,5,0.7375,150000,67756,57140
C,high_order,Electricity,5,0.74,150000,67149,56665
C,high_order,Electricity,5,0.7425,150000,66596,56227
C,high_order,Electricity,5,0.745,150000,66019,55777
C,high_order,Electricity,5,0.7475,150000,65413,55314
C,high_order,Electricity,5,0.75,150000,64843,54870
C,high_order,Electricity,5,0.7525,150000,64241,54408
C,high_order,Electricity,5,0.755,150000,63631,53927
C,high_order,Electricity,5,0.7575,150000,63110,53527
C,high_order,Electricity,5,0.76,150000,62510,53063
C,high_order,Electricity,5,0.7625,150000,61960,52658
C,high_order,Electricity,5,0.765,150000,61378,52228
C,high_order,Electricity,5,0.7675,150000,60795,51758
C,high_order,Electricity,5,0.77,150000,60230,51326
C,high_order,Electricity,5,0.7725,150000,59633,50859
C,high_order,Electricity,5,0.775,150000,59051,50393
C,high_order,Electricity,5,0.7775,150000,58453,49913
C,high_order,Electricity,5,0.78,150000,57891,49453
C,high_order,Electricity,5,0.7825,150000,57287,48957
C,high_order,Electricity,5,0.785,150000,56664,48458
C,high_order,Electricity,5,0.7875,150000,56097,48002
C,high_order,Electricity,5,0.79,150000,55521,47539
C,high_order,Electricity,5,0.7925,150000,54899,47043
C,high_order,Electricity,5,0.795,150000,54333,46609
C,high_order,Electricity,5,0.7975,150000,53709,46092
C,high_order,Electricity,5,0.8,150000,53084,45586
C,high_order,Electricity,5,0.8025,150000,52477,45081
C,high_order,Electricity,5,0.805,150000,51872,44603
C,high_order,Electricity,5,0.8075,150000,51230,44092
C,high_order,Electricity,5,0.81,150000,50519,43514
C,high_order,Electricity,5,0.8125,150000,49844,42965
C,high_order,Electricity,5,0.815,150000,49200,42442
C,high_order,Electricity,5,0.8175,150000,48549,41921
C,high_order,Electricity,5,0.82,150000,47948,41440
C,high_order,Electricity,5,0.8225,150000,47364,40969
C,high_order,Electricity,5,0.825,150000,46784,40501
C,high_order,Electricity,5,0.8275,150000,46197,40027
C,high_order,Electricity,5,0.83,150000,45594,39538
C,high_order,Electricity,5,0.8325,150000,44967,39021
C,high_order,Electricity,5,0.835,150000,44368,38532
C,high_order,Electricity,5,0.8375,150000,43821,38078
C,high_order,Electricity,5,0.84,150000,43222,37578
C,high_order,Electricity,5,0.8425,150000,42626,37091
C,high_order,Electricity,5,0.845,150000,42022,36592
C,high_order,Electricity,5,0.8475,150000,41430,36109
C,high_order,Electricity,5,0.85,150000,40828,35610
C,high_order,Electricity,5,0.8525,150000,40252,35134
C,high_order,Electricity,5,0.855,150000,39619,34623
C,high_order,Electricity,5,0.8575,150000,39006,34129
C,high_order,Electricity,5,0.86,150000,38432,33679
C,high_order,Electricity,5,0.8625,150000,37838,33178
C,high_order,Electricity,5,0.865,150000,37241,32674
C,high_order,Electricity,5,0.8675,150000,36672,32205
C,high_order,Electricity,5,0.87,150000,36086,31723
C,high_order,Electricity,5,0.8725,150000,35501,31242
C,high_order,Electricity,5,0.875,150000,34883,30729
C,high_order,Electricity,5,0.8775,150000,34307,30254
C,high_order,Electricity,5,0.88,150000,33634,29699
C,high_order,Electricity,5,0.8825,150000,33006,29170
C,high_order,Electricity,5,0.885,150000,32390,28670
C,high_order,Electricity,5,0.8875,150000,31838,28202
C,high_order,Electricity,5,0.89,150000,31281,27732
C,high_order,Electricity,5,0.8925,150000,30748,27288
C,high_order,Electricity,5,0.895,150000,30153,26790
C,high_order,Electricity,5,0.8975,150000,29609,26322
C,high_order,Electricity,5,0.9,150000,29048,25847
C,high_order,Electricity,5,0.9025,150000,28440,25330
C,high_order,Electricity,5,0.905,150000,27859,24838
C,high_order,Electricity,5,0.9075,150000,27263,24349
C,high_order,Electricity,5,0.91,150000,26718,23875
C,high_order,Electricity,5,0.9125,150000,26130,23372
C,high_order,Electricity,5,0.915,150000,25568,22890
C,high_order,Electricity,5,0.9175,150000,25052,22449
C,high_order,Electricity,5,0.92,150000,24460,21934
C,high_order,Electricity,5,0.9225,150000,23848,21411
C,high_order,Electricity,5,0.925,150000,23305,20934
C,high_order,Electricity,5,0.9275,150000,22747,20439
C,high_order,Electricity,5,0.93,150000,22235,19989
C,high_order,Electricity,5,0.9325,150000,21690,19525
C,high_order,Electricity,5,0.935,150000,21123,19016
C,high_order,Electricity,5,0.9375,150000,20546,18513
C,high_order,Electricity,5,0.94,150000,19955,17989
C,high_order,Electricity,5,0.9425,150000,19396,17480
C,high_order,Electricity,5,0.945,150000,18791,16944
C,high_order,Electricity,5,0.9475,150000,18219,16459
C,high_order,Electricity,5,0.95,150000,17733,16025
C,high_order,Electricity,5,0.9525,150000,17196,15564
C,high_order,Electricity,5,0.955,150000,16695,15134
C,high_order,Electricity,5,0.9575,150000,16137,14632
C,high_order,Electricity,5,0.96,150000,15599,14149
C,high_order,Electricity,5,0.9625,150000,15118,13726
C,high_order,Electricity,5,0.965,150000,14612,13271
C,high_order,Electricity,5,0.9675,150000,14139,12843
C,high_order,Electricity,5,0.97,150000,13585,12349
C,high_order,Electricity,5,0.9725,150000,13008,11833
C,high_order,Electricity,5,0.975,150000,12452,11325
C,high_order,Electricity,5,0.9775,150000,11859,10772
C,high_order,Electricity,5,0.98,150000,11376,10349
C,high_order,Electricity,5,0.9825,150000,10779,9808
C,high_order,Electricity,5,0.985,150000,10202,9282
C,high_order,Electricity,5,0.9875,150000,9614,8726
C,high_order,Electricity,5,0.99,150000,8962,8118
C,high_order,Electricity,5,0.9925,150000,8238,7452
C,high_order,Electricity,5,0.995,150000,7564,6828
C,high_order,Electricity,5,0.9975,150000,6713,6042
C,high_order,Electricity,5,1.0,150000,5301,4831
C,binary_relevance,Electricity,5,0.7,150000,86101,69106
C,binary_relevance,Electricity,5,0.7025,150000,85358,68568
C,binary_relevance,Electricity,5,0.705,150000,84643,68055
C,binary_relevance,Electricity,5,0.7075,150000,83937,67567
C,binary_relevance,Electricity,5,0.71,150000,83163,66994
C,binary_relevance,Electricity,5,0.7125,150000,82426,66474
C,binary_relevance,Electricity,5,0.715,150000,81717,65956
C,binary_relevance,Electricity,5,0.7175,150000,80977,65431
C,binary_relevance,Electricity,5,0.72,150000,80174,64846
C,binary_relevance,Electricity,5,0.7225,150000,79523,64366
C,binary_relevance,Electricity,5,0.725,150000,78860,63884
C,binary_relevance,Electricity,5,0.7275,150000,78086,63313
C,binary_relevance,Electricity,5,0.73,150000,77303,62727
C,binary_relevance,Electricity,5,0.7325,150000,76614,62217
C,binary_relevance,Electricity,5,0.735,150000,75952,61767
C,binary_relevance,Electricity,5,0.7375,150000,75318,61307
C,binary_relevance,Electricity,5,0.74,150000,74620,60793
C,binary_relevance,Electricity,5,0.7425,150000,73820,60196
C,binary_relevance,Electricity,5,0.745,150000,73017,59591
C,binary_relevance,Electricity,5,0.7475,150000,72140,58915
C,binary_relevance,Electricity,5,0.75,150000,71387,58339
C,binary_relevance,Electricity,5,0.7525,150000,70479,57638
C,binary_relevance,Electricity,5,0.755,150000,69626,56981
C,binary_relevance,Electricity,5,0.7575,150000,68761,56325
C,binary_relevance,Electricity,5,0.76,150000,67884,55664
C,binary_relevance,Electricity,5,0.7625,150000,66944,54985
C,binary_relevance,Electricity,5,0.765,150000,65854,54178
C,binary_relevance,Electricity,5,0.7675,150000,64872,53447
C,binary_relevance,Electricity,5,0.77,150000,63926,52753
C,binary_relevance,Electricity,5,0.7725,150000,63060,52116
C,binary_relevance,Electricity,5,0.775,150000,62301,51533
C,binary_relevance,Electricity,5,0.7775,150000,61414,50899
C,binary_relevance,Electricity,5,0.78,150000,60587,50280
C,binary_relevance,Electricity,5,0.7825,150000,59752,49642
C,binary_relevance,Electricity,5,0.785,150000,58904,49001
C,binary_relevance,Electricity,5,0.7875,150000,58005,48343
C,binary_relevance,Electricity,5,0.79,150000,57129,47670
C,binary_relevance,Electricity,5,0.7925,150000,56237,46998
C,binary_relevance,Electricity,5,0.795,150000,55303,46288
C,binary_relevance,Electricity,5,0.7975,150000,54213,45467
C,binary_relevance,Electricity,5,0.8,150000,52907,44524
C,binary_relevance,Electricity,5,0.8025,150000,51677,43595
C,binary_relevance,Electricity,5,0.805,150000,50809,42920
C,binary_relevance,Electricity,5,0.8075,150000,49790,42129
C,binary_relevance,Electricity,5,0.81,150000,48876,41416
C,binary_relevance,Electricity,5,0.8125,150000,48068,40788
C,binary_relevance,Electricity,5,0.815,150000,47368,40255
C,binary_relevance,Electricity,5,0.8175,150000,46649,39719
C,binary_relevance,Electricity,5,0.82,150000,45987,39229
C,binary_relevance,Electricity,5,0.8225,150000,45347,38771
C,binary_relevance,Electricity,5,0.825,150000,44729,38293
C,binary_relevance,Electricity,5,0.8275,150000,44134,37823
C,binary_relevance,Electricity,5,0.83,150000,43436,37296
C,binary_relevance,Electricity,5,0.8325,150000,42742,36774
C,binary_relevance,Electricity,5,0.835,150000,42137,36320
C,binary_relevance,Electricity,5,0.8375,150000,41476,35823
C,binary_relevance,Electricity,5,0.84,150000,40729,35230
C,binary_relevance,Electricity,5,0.8425,150000,40072,34725
C,binary_relevance,Electricity,5,0.845,150000,39239,34055
C,binary_relevance,Electricity,5,0.8475,150000,38363,33345
C,binary_relevance,Electricity,5,0.85,150000,37510,32682
C,binary_relevance,Electricity,5,0.8525,150000,36591,31923
C,binary_relevance,Electricity,5,0.855,150000,35835,31303
C,binary_relevance,Electricity,5,0.8575,150000,35083,30692
C,binary_relevance,Electricity,5,0.86,150000,34208,30011
C,binary_relevance,Electricity,5,0.8625,150000,33208,29194
C,binary_relevance,Electricity,5,0.865,150000,32446,28554
C,binary_relevance,Electricity,5,0.8675,150000,31755,28001
C,binary_relevance,Electricity,5,0.87,150000,30881,27290
C,binary_relevance,Electricity,5,0.8725,150000,30218,26747
C,binary_relevance,Electricity,5,0.875,150000,29415,26087
C,binary_relevance,Electricity,5,0.8775,150000,28518,25323
C,binary_relevance,Electricity,5,0.88,150000,27476,24436
C,binary_relevance,Electricity,5,0.8825,150000,26259,23392
C,binary_relevance,Electricity,5,0.885,150000,25156,22439
C,binary_relevance,Electricity,5,0.8875,150000,23777,21197
C,binary_relevance,Electricity,5,0.89,150000,22641,20197
C,binary_relevance,Electricity,5,0.8925,150000,21175,18872
C,binary_relevance,Electricity,5,0.895,150000,19483,17364
C,binary_relevance,Electricity,5,0.8975,150000,18287,16302
C,binary_relevance,Electricity,5,0.9,150000,16840,15026
C,binary_relevance,Electricity,5,0.9025,150000,15507,13854
C,binary_relevance,Electricity,5,0.905,150000,13791,12332
C,binary_relevance,Electricity,5,0.9075,150000,12396,11101
C,binary_relevance,Electricity,5,0.91,150000,11221,10075
C,binary_relevance,Electricity,5,0.9125,150000,10094,9114
C,binary_relevance,Electricity,5,0.915,150000,9115,8259
C,binary_relevance,Electricity,5,0.9175,150000,7892,7169
C,binary_relevance,Electricity,5,0.92,150000,7038,6391
C,binary_relevance,Electricity,5,0.9225,150000,6051,5511
C,binary_relevance,Electricity,5,0.925,150000,5275,4801
C,binary_relevance,Electricity,5,0.9275,150000,4466,4046
C,binary_relevance,Electricity,5,0.93,150000,3706,3346
C,binary_relevance,Electricity,5,0.9325,150000,3224,2898
C,binary_relevance,Electricity,5,0.935,150000,2786,2495
C,binary_relevance,Electricity,5,0.9375,150000,2394,2124
C,binary_relevance,Electricity,5,0.94,150000,2066,1816
C,binary_relevance,Electricity,5,0.9425,150000,1780,1564
C,binary_relevance,Electricity,5,0.945,150000,1496,1302
C,binary_relevance,Electricity,5,0.9475,150000,1249,1090
C,binary_relevance,Electricity,5,0.95,150000,1118,980
C,binary_relevance,Electricity,5,0.9525,150000,1062,932
C,binary_relevance,Electricity,5,0.955,150000,986,862
C,binary_relevance,Electricity,5,0.9575,150000,901,785
C,binary_relevance,Electricity,5,0.96,150000,793,686
C,binary_relevance,Electricity,5,0.9625,150000,765,658
C,binary_relevance,Electricity,5,0.965,150000,752,647
C,binary_relevance,Electricity,5,0.9675,150000,725,627
C,binary_relevance,Electricity,5,0.97,150000,699,604
C,binary_relevance,Electricity,5,0.9725,150000,679,586
C,binary_relevance,Electricity,5,0.975,150000,647,558
C,binary_relevance,Electricity,5,0.9775,150000,610,526
C,binary_relevance,Electricity,5,0.98,150000,585,506
C,binary_relevance,Electricity,5,0.9825,150000,561,486
C,binary_relevance,Electricity,5,0.985,150000,531,463
C,binary_relevance,Electricity,5,0.9875,150000,483,435
C,binary_relevance,Electricity,5,0.99,150000,448,402
C,binary_relevance,Electricity,5,0.9925,150000,361,322
C,binary_relevance,Electricity,5,0.995,150000,320,286
C,binary_relevance,Electricity,5,0.9975,150000,279,252
C,binary_relevance,Electricity,5,1.0,150000,89,78
w,high_order,Electricity,5,0.7,150000,120541,99019
w,high_order,Electricity,5,0.7025,150000,119823,98509
w,high_order,Electricity,5,0.705,150000,119133,98022
w,high_order,Electricity,5,0.7075,150000,118457,97578
w,high_order,Electricity,5,0.71,150000,117752,97079
w,high_order,Electricity,5,0.7125,150000,116992,96559
w,high_order,Electricity,5,0.715,150000,116285,96083
w,high_order,Electricity,5,0.7175,150000,115556,95571
w,high_order,Electricity,5,0.72,150000,114814,95055
w,high_order,Electricity,5,0.7225,150000,114062,94518
w,high_order,Electricity,5,0.725,150000,113281,93970
w,high_order,Electricity,5,0.7275,150000,112511,93431
w,high_order,Electricity,5,0.73,150000,111707,92854
w,high_order,Electricity,5,0.7325,150000,110960,92322
w,high_order,Electricity,5,0.735,150000,110147,91737
w,high_order,Electricity,5,0.7375,150000,109327,91146
w,high_order,Electricity,5,0.74,150000,108505,90567
w,high_order,Electricity,5,0.7425,150000,107666,89945
w,high_order,Electricity,5,0.745,150000,106849,89326
w,high_order,Electricity,5,0.7475,150000,106008,88718
w,high_order,Electricity,5,0.75,150000,105128,88079
w,high_order,Electricity,5,0.7525,150000,104295,87463
w,high_order,Electricity,5,0.755,150000,103368,86792
w,high_order,Electricity,5,0.7575,150000,102448,86106
w,high_order,Electricity,5,0.76,150000,101564,85473
w,high_order,Electricity,5,0.7625,150000,100607,84753
w,high_order,Electricity,5,0.765,150000,99641,84052
w,high_order,Electricity,5,0.7675,150000,98644,83320
w,high_order,Electricity,5,0.77,150000,97688,82594
w,high_order,Electricity,5,0.7725,150000,96673,81845
w,high_order,Electricity,5,0.775,150000,95625,81077
w,high_order,Electricity,5,0.7775,150000,94694,80344
w,high_order,Electricity,5,0.78,150000,93737,79614
w,high_order,Electricity,5,0.7825,150000,92726,78830
w,high_order,Electricity,5,0.785,150000,91668,78018
w,high_order,Electricity,5,0.7875,150000,90678,77256
w,high_order,Electricity,5,0.79,150000,89696,76501
w,high_order,Electricity,5,0.7925,150000,88654,75666
w,high_order,Electricity,5,0.795,150000,87588,74825
w,high_order,Electricity,5,0.7975,150000,86490,73953
w,high_order,Electricity,5,0.8,150000,85396,73080
w,high_order,Electricity,5,0.8025,150000,84288,72202
w,high_order,Electricity,5,0.805,150000,83194,71323
w,high_order,Electricity,5,0.8075,150000,82075,70426
w,high_order,Electricity,5,0.81,150000,80987,69558
w,high_order,Electricity,5,0.8125,150000,79868,68656
w,high_order,Electricity,5,0.815,150000,78766,67787
w,high_order,Electricity,5,0.8175,150000,77653,66891
w,high_order,Electricity,5,0.82,150000,76476,65927
w,high_order,Electricity,5,0.8225,150000,75271,64957
w,high_order,Electricity,5,0.825,150000,74047,63962
w,high_order,Electricity,5,0.8275,150000,72808,62939
w,high_order,Electricity,5,0.83,150000,71584,61920
w,high_order,Electricity,5,0.8325,150000,70354,60905
w,high_order,Electricity,5,0.835,150000,69098,59885
w,high_order,Electricity,5,0.8375,150000,67839,58863
w,high_order,Electricity,5,0.84,150000,66545,57831
w,high_order,Electricity,5,0.8425,150000,65294,56799
w,high_order,Electricity,5,0.845,150000,63999,55717
w,high_order,Electricity,5,0.8475,150000,62750,54680
w,high_order,Electricity,5,0.85,150000,61507,53609
w,high_order,Electricity,5,0.8525,150000,60257,52558
w,high_order,Electricity,5,0.855,150000,58994,51513
w,high_order,Electricity,5,0.8575,150000,57668,50440
w,high_order,Electricity,5,0.86,150000,56364,49354
w,high_order,Electricity,5,0.8625,150000,55136,48325
w,high_order,Electricity,5,0.865,150000,53756,47161
w,high_order,Electricity,5,0.8675,150000,52468,46075
w,high_order,Electricity,5,0.87,150000,51132,44963
w,high_order,Electricity,5,0.8725,150000,49836,43870
w,high_order,Electricity,5,0.875,150000,48549,42777
w,high_order,Electricity,5,0.8775,150000,47235,41675
w,high_order,Electricity,5,0.88,150000,45975,40608
w,high_order,Electricity,5,0.8825,150000,44728,39563
w,high_order,Electricity,5,0.885,150000,43437,38474
w,high_order,Electricity,5,0.8875,150000,42122,37362
w,high_order,Electricity,5,0.89,150000,40805,36234
w,high_order,Electricity,5,0.8925,150000,39560,35150
w,high_order,Electricity,5,0.895,150000,38269,34052
w,high_order,Electricity,5,0.8975,150000,37008,32957
w,high_order,Electricity,5,0.9,150000,35757,31900
w,high_order,Electricity,5,0.9025,150000,34510,30804
w,high_order,Electricity,5,0.905,150000,33194,29667
w,high_order,Electricity,5,0.9075,150000,31960,28584
w,high_order,Electricity,5,0.91,150000,30716,27479
w,high_order,Electricity,5,0.9125,150000,29575,26484
w,high_order,Electricity,5,0.915,150000,28381,25418
w,high_order,Electricity,5,0.9175,150000,27211,24371
w,high_order,Electricity,5,0.92,150000,26097,23397
w,high_order,Electricity,5,0.9225,150000,24950,22360
w,high_order,Electricity,5,0.925,150000,23746,21296
w,high_order,Electricity,5,0.9275,150000,22536,20234
w,high_order,Electricity,5,0.93,150000,21437,19259
w,high_order,Electricity,5,0.9325,150000,20331,18292
w,high_order,Electricity,5,0.935,150000,19247,17345
w,high_order,Electricity,5,0.9375,150000,18245,16470
w,high_order,Electricity,5,0.94,150000,17185,15545
w,high_order,Electricity,5,0.9425,150000,16183,14675
w,high_order,Electricity,5,0.945,150000,15162,13767
w,high_order,Electricity,5,0.9475,150000,14275,12977
w,high_order,Electricity,5,0.95,150000,13369,12165
w,high_order,Electricity,5,0.9525,150000,12523,11427
w,high_order,Electricity,5,0.955,150000,11642,10638
w,high_order,Electricity,5,0.9575,150000,10772,9868
w,high_order,Electricity,5,0.96,150000,9970,9152
w,high_order,Electricity,5,0.9625,150000,9162,8424
w,high_order,Electricity,5,0.965,150000,8415,7765
w,high_order,Electricity,5,0.9675,150000,7742,7153
w,high_order,Electricity,5,0.97,150000,6991,6470
w,high_order,Electricity,5,0.9725,150000,6231,5779
w,high_order,Electricity,5,0.975,150000,5549,5176
w,high_order,Electricity,5,0.9775,150000,4833,4513
w,high_order,Electricity,5,0.98,150000,4148,3888
w,high_order,Electricity,5,0.9825,150000,3504,3292
w,high_order,Electricity,5,0.985,150000,3081,2896
w,high_order,Electricity,5,0.9875,150000,2672,2509
w,high_order,Electricity,5,0.99,150000,2290,2157
w,high_order,Electricity,5,0.9925,150000,1853,1762
w,high_order,Electricity,5,0.995,150000,1400,1331
w,high_order,Electricity,5,0.9975,150000,964,921
w,high_order,Electricity,5,1.0,150000,40,39
A_hat,binary_relevance_probe,Electricity,5,0.7,600000,427340,311463
A_hat,binary_relevance_probe,Electricity,5,0.7025,600000,426433,310891
A_hat,binary_relevance_probe,Electricity,5,0.705,600000,424861,309860
A_hat,binary_relevance_probe,Electricity,5,0.7075,600000,422631,308317
A_hat,binary_relevance_probe,Electricity,5,0.71,600000,419793,306411
A_hat,binary_relevance_probe,Electricity,5,0.7125,600000,418607,305666
A_hat,binary_relevance_probe,Electricity,5,0.715,600000,418043,305333
A_hat,binary_relevance_probe,Electricity,5,0.7175,600000,413585,302228
A_hat,binary_relevance_probe,Electricity,5,0.72,600000,405747,296798
A_hat,binary_relevance_probe,Electricity,5,0.7225,600000,398140,291702
A_hat,binary_relevance_probe,Electricity,5,0.725,600000,393772,289033
A_hat,binary_relevance_probe,Electricity,5,0.7275,600000,390073,286683
A_hat,binary_relevance_probe,Electricity,5,0.73,600000,385883,283876
A_hat,binary_relevance_probe,Electricity,5,0.7325,600000,381166,280695
A_hat,binary_relevance_probe,Electricity,5,0.735,600000,377430,278174
A_hat,binary_relevance_probe,Electricity,5,0.7375,600000,375251,276808
A_hat,binary_relevance_probe,Electricity,5,0.74,600000,371289,274193
A_hat,binary_relevance_probe,Electricity,5,0.7425,600000,369591,273075
A_hat,binary_relevance_probe,Electricity,5,0.745,600000,365565,270515
A_hat,binary_relevance_probe,Electricity,5,0.7475,600000,360836,267420
A_hat,binary_relevance_probe,Electricity,5,0.75,600000,357983,265614
A_hat,binary_relevance_probe,Electricity,5,0.7525,600000,355485,263942
A_hat,binary_relevance_probe,Electricity,5,0.755,600000,352253,261767
A_hat,binary_relevance_probe,Electricity,5,0.7575,600000,349068,259543
A_hat,binary_relevance_probe,Electricity,5,0.76,600000,346170,257582
A_hat,binary_relevance_probe,Electricity,5,0.7625,600000,343736,255972
A_hat,binary_relevance_probe,Electricity,5,0.765,600000,341208,254252
A_hat,binary_relevance_probe,Electricity,5,0.7675,600000,339941,253385
A_hat,binary_relevance_probe,Electricity,5,0.77,600000,337015,251426
A_hat,binary_relevance_probe,Electricity,5,0.7725,600000,333098,248763
A_hat,binary_relevance_probe,Electricity,5,0.775,600000,327936,245157
A_hat,binary_relevance_probe,Electricity,5,0.7775,600000,322616,241404
A_hat,binary_relevance_probe,Electricity,5,0.78,600000,317667,237955
A_hat,binary_relevance_probe,Electricity,5,0.7825,600000,311524,233670
A_hat,binary_relevance_probe,Electricity,5,0.785,600000,304496,228912
A_hat,binary_relevance_probe,Electricity,5,0.7875,600000,296153,222974
A_hat,binary_relevance_probe,Electricity,5,0.79,600000,287892,217032
A_hat,binary_relevance_probe,Electricity,5,0.7925,600000,278647,210484
A_hat,binary_relevance_probe,Electricity,5,0.795,600000,268039,202793
A_hat,binary_relevance_probe,Electricity,5,0.7975,600000,253976,192269
A_hat,binary_relevance_probe,Electricity,5,0.8,600000,243709,184563
A_hat,binary_relevance_probe,Electricity,5,0.8025,600000,236357,179363
A_hat,binary_relevance_probe,Electricity,5,0.805,600000,223723,169929
A_hat,binary_relevance_probe,Electricity,5,0.8075,600000,215533,163982
A_hat,binary_relevance_probe,Electricity,5,0.81,600000,206678,157637
A_hat,binary_relevance_probe,Electricity,5,0.8125,600000,193271,147736
A_hat,binary_relevance_probe,Electricity,5,0.815,600000,182337,139691
A_hat,binary_relevance_probe,Electricity,5,0.8175,600000,171922,131986
A_hat,binary_relevance_probe,Electricity,5,0.82,600000,164083,126360
A_hat,binary_relevance_probe,Electricity,5,0.8225,600000,156165,120819
A_hat,binary_relevance_probe,Electricity,5,0.825,600000,147243,114380
A_hat,binary_relevance_probe,Electricity,5,0.8275,600000,138325,107667
A_hat,binary_relevance_probe,Electricity,5,0.83,600000,130865,102201
A_hat,binary_relevance_probe,Electricity,5,0.8325,600000,126096,98845
A_hat,binary_relevance_probe,Electricity,5,0.835,600000,119939,94355
A_hat,binary_relevance_probe,Electricity,5,0.8375,600000,110508,86995
A_hat,binary_relevance_probe,Electricity,5,0.84,600000,103673,81897
A_hat,binary_relevance_probe,Electricity,5,0.8425,600000,93587,74038
A_hat,binary_relevance_probe,Electricity,5,0.845,600000,88957,70613
A_hat,binary_relevance_probe,Electricity,5,0.8475,600000,84707,67340
A_hat,binary_relevance_probe,Electricity,5,0.85,600000,77026,61138
A_hat,binary_relevance_probe,Electricity,5,0.8525,600000,70699,56178
A_hat,binary_relevance_probe,Electricity,5,0.855,600000,64782,51437
A_hat,binary_relevance_probe,Electricity,5,0.8575,600000,60778,48304
A_hat,binary_relevance_probe,Electricity,5,0.86,600000,56301,44906
A_hat,binary_relevance_probe,Electricity,5,0.8625,600000,50973,40567
A_hat,binary_relevance_probe,Electricity,5,0.865,600000,47018,37486
A_hat,binary_relevance_probe,Electricity,5,0.8675,600000,43632,34767
A_hat,binary_relevance_probe,Electricity,5,0.87,600000,41508,33036
A_hat,binary_relevance_probe,Electricity,5,0.8725,600000,40414,32237
A_hat,binary_relevance_probe,Electricity,5,0.875,600000,39425,31475
A_hat,binary_relevance_probe,Electricity,5,0.8775,600000,37568,30001
A_hat,binary_relevance_probe,Electricity,5,0.88,600000,34487,27450
A_hat,binary_relevance_probe,Electricity,5,0.8825,600000,32244,25675
A_hat,binary_relevance_probe,Electricity,5,0.885,600000,29908,23760
A_hat,binary_relevance_probe,Electricity,5,0.8875,600000,27051,21377
A_hat,binary_relevance_probe,Electricity,5,0.89,600000,25062,19725
A_hat,binary_relevance_probe,Electricity,5,0.8925,600000,23956,18794
A_hat,binary_relevance_probe,Electricity,5,0.895,600000,23481,18481
A_hat,binary_relevance_probe,Electricity,5,0.8975,600000,22614,17832
A_hat,binary_relevance_probe,Electricity,5,0.9,600000,21293,16709
A_hat,binary_relevance_probe,Electricity,5,0.9025,600000,20606,16136
A_hat,binary_relevance_probe,Electricity,5,0.905,600000,19865,15493
A_hat,binary_relevance_probe,Electricity,5,0.9075,600000,18422,14187
A_hat,binary_relevance_probe,Electricity,5,0.91,600000,17658,13489
A_hat,binary_relevance_probe,Electricity,5,0.9125,600000,17577,13431
A_hat,binary_relevance_probe,Electricity,5,0.915,600000,17482,13365
A_hat,binary_relevance_probe,Electricity,5,0.9175,600000,16881,12839
A_hat,binary_relevance_probe,Electricity,5,0.92,600000,15891,11941
A_hat,binary_relevance_probe,Electricity,5,0.9225,600000,15414,11514
A_hat,binary_relevance_probe,Electricity,5,0.925,600000,15297,11424
A_hat,binary_relevance_probe,Electricity,5,0.9275,600000,15125,11295
A_hat,binary_relevance_probe,Electricity,5,0.93,600000,15018,11220
A_hat,binary_relevance_probe,Electricity,5,0.9325,600000,14878,11113
A_hat,binary_relevance_probe,Electricity,5,0.935,600000,14754,11026
A_hat,binary_relevance_probe,Electricity,5,0.9375,600000,14606,10920
A_hat,binary_relevance_probe,Electricity,5,0.94,600000,14448,10808
A_hat,binary_relevance_probe,Electricity,5,0.9425,600000,14330,10730
A_hat,binary_relevance_probe,Electricity,5,0.945,600000,14166,10610
A_hat,binary_relevance_probe,Electricity,5,0.9475,600000,14024,10509
A_hat,binary_relevance_probe,Electricity,5,0.95,600000,13879,10409
A_hat,binary_relevance_probe,Electricity,5,0.9525,600000,13735,10303
A_hat,binary_relevance_probe,Electricity,5,0.955,600000,13577,10187
A_hat,binary_relevance_probe,Electricity,5,0.9575,600000,13423,10082
A_hat,binary_relevance_probe,Electricity,5,0.96,600000,13248,9958
A_hat,binary_relevance_probe,Electricity,5,0.9625,600000,13051,9816
A_hat,binary_relevance_probe,Electricity,5,0.965,600000,12841,9662
A_hat,binary_relevance_probe,Electricity,5,0.9675,600000,12670,9538
A_hat,binary_relevance_probe,Electricity,5,0.97,600000,12442,9373
A_hat,binary_relevance_probe,Electricity,5,0.9725,600000,12218,9237
A_hat,binary_relevance_probe,Electricity,5,0.975,600000,11972,9059
A_hat,binary_relevance_probe,Electricity,5,0.9775,600000,11684,8859
A_hat,binary_relevance_probe,Electricity,5,0.98,600000,11390,8653
A_hat,binary_relevance_probe,Electricity,5,0.9825,600000,11065,8412
A_hat,binary_relevance_probe,Electricity,5,0.985,600000,10757,8195
A_hat,binary_relevance_probe,Electricity,5,0.9875,600000,10453,7975
A_hat,binary_relevance_probe,Electricity,5,0.99,600000,10161,7747
A_hat,binary_relevance_probe,Electricity,5,0.9925,600000,9819,7491
A_hat,binary_relevance_probe,Electricity,5,0.995,600000,9402,7182
A_hat,binary_relevance_probe,Electricity,5,0.9975,600000,8783,6715
A_hat,binary_relevance_probe,Electricity,5,1.0,600000,4513,3388
M,high_order,LED_a,5,0.7,150000,35106,21459
M,high_order,LED_a,5,0.7025,150000,34706,21204
M,high_order,LED_a,5,0.705,150000,34381,20990
M,high_order,LED_a,5,0.7075,150000,33996,20736
M,high_order,LED_a,5,0.71,150000,33694,20535
M,high_order,LED_a,5,0.7125,150000,33327,20295
M,high_order,LED_a,5,0.715,150000,32995,20074
M,high_order,LED_a,5,0.7175,150000,32594,19804
M,high_order,LED_a,5,0.72,150000,32266,19589
M,high_order,LED_a,5,0.7225,150000,31943,19386
M,high_order,LED_a,5,0.725,150000,31632,19192
M,high_order,LED_a,5,0.7275,150000,31298,18977
M,high_order,LED_a,5,0.73,150000,30919,18719
M,high_order,LED_a,5,0.7325,150000,30596,18501
M,high_order,LED_a,5,0.735,150000,30265,18282
M,high_order,LED_a,5,0.7375,150000,29973,18087
M,high_order,LED_a,5,0.74,150000,29672,17878
M,high_order,LED_a,5,0.7425,150000,29371,17684
M,high_order,LED_a,5,0.745,150000,29056,17474
M,high_order,LED_a,5,0.7475,150000,28710,17234
M,high_order,LED_a,5,0.75,150000,28423,17040
M,high_order,LED_a,5,0.7525,150000,28130,16852
M,high_order,LED_a,5,0.755,150000,27826,16640
M,high_order,LED_a,5,0.7575,150000,27516,16439
M,high_order,LED_a,5,0.76,150000,27169,16213
M,high_order,LED_a,5,0.7625,150000,26816,15988
M,high_order,LED_a,5,0.765,150000,26497,15756
M,high_order,LED_a,5,0.7675,150000,26167,15535
M,high_order,LED_a,5,0.77,150000,25847,15311
M,high_order,LED_a,5,0.7725,150000,25584,15154
M,high_order,LED_a,5,0.775,150000,25323,14980
M,high_order,LED_a,5,0.7775,150000,25020,14779
M,high_order,LED_a,5,0.78,150000,24784,14638
M,high_order,LED_a,5,0.7825,150000,24540,14485
M,high_order,LED_a,5,0.785,150000,24283,14300
M,high_order,LED_a,5,0.7875,150000,24088,14160
M,high_order,LED_a,5,0.79,150000,23823,13985
M,high_order,LED_a,5,0.7925,150000,23566,13799
M,high_order,LED_a,5,0.795,150000,23248,13589
M,high_order,LED_a,5,0.7975,150000,22954,13389
M,high_order,LED_a,5,0.8,150000,22651,13175
M,high_order,LED_a,5,0.8025,150000,22378,12989
M,high_order,LED_a,5,0.805,150000,22149,12834
M,high_order,LED_a,5,0.8075,150000,21927,12687
M,high_order,LED_a,5,0.81,150000,21696,12529
M,high_order,LED_a,5,0.8125,150000,21441,12367
M,high_order,LED_a,5,0.815,150000,21231,12223
M,high_order,LED_a,5,0.8175,150000,21021,12082
M,high_order,LED_a,5,0.82,150000,20823,11947
M,high_order,LED_a,5,0.8225,150000,20602,11807
M,high_order,LED_a,5,0.825,150000,20387,11655
M,high_order,LED_a,5,0.8275,150000,20130,11477
M,high_order,LED_a,5,0.83,150000,19943,11352
M,high_order,LED_a,5,0.8325,150000,19734,11210
M,high_order,LED_a,5,0.835,150000,19532,11077
M,high_order,LED_a,5,0.8375,150000,19340,10948
M,high_order,LED_a,5,0.84,150000,19174,10846
M,high_order,LED_a,5,0.8425,150000,18989,10731
M,high_order,LED_a,5,0.845,150000,18795,10611
M,high_order,LED_a,5,0.8475,150000,18582,10468
M,high_order,LED_a,5,0.85,150000,18394,10340
M,high_order,LED_a,5,0.8525,150000,18241,10243
M,high_order,LED_a,5,0.855,150000,18077,10145
M,high_order,LED_a,5,0.8575,150000,17899,10023
M,high_order,LED_a,5,0.86,150000,17707,9897
M,high_order,LED_a,5,0.8625,150000,17524,9785
M,high_order,LED_a,5,0.865,150000,17332,9657
M,high_order,LED_a,5,0.8675,150000,17184,9570
M,high_order,LED_a,5,0.87,150000,17025,9468
M,high_order,LED_a,5,0.8725,150000,16891,9389
M,high_order,LED_a,5,0.875,150000,16721,9275
M,high_order,LED_a,5,0.8775,150000,16522,9147
M,high_order,LED_a,5,0.88,150000,16358,9039
M,high_order,LED_a,5,0.8825,150000,16191,8934
M,high_order,LED_a,5,0.885,150000,16031,8829
M,high_order,LED_a,5,0.8875,150000,15884,8738
M,high_order,LED_a,5,0.89,150000,15668,8610
M,high_order,LED_a,5,0.8925,150000,15498,8511
M,high_order,LED_a,5,0.895,150000,15343,8407
M,high_order,LED_a,5,0.8975,150000,15204,8322
M,high_order,LED_a,5,0.9,150000,15055,8239
M,high_order,LED_a,5,0.9025,150000,14888,8135
M,high_order,LED_a,5,0.905,150000,14732,8037
M,high_order,LED_a,5,0.9075,150000,14574,7939
M,high_order,LED_a,5,0.91,150000,14422,7847
M,high_order,LED_a,5,0.9125,150000,14268,7758
M,high_order,LED_a,5,0.915,150000,14135,7669
M,high_order,LED_a,5,0.9175,150000,13951,7561
M,high_order,LED_a,5,0.92,150000,13832,7502
M,high_order,LED_a,5,0.9225,150000,13694,7430
M,high_order,LED_a,5,0.925,150000,13563,7360
M,high_order,LED_a,5,0.9275,150000,13416,7274
M,high_order,LED_a,5,0.93,150000,13288,7204
M,high_order,LED_a,5,0.9325,150000,13146,7111
M,high_order,LED_a,5,0.935,150000,12987,7026
M,high_order,LED_a,5,0.9375,150000,12822,6924
M,high_order,LED_a,5,0.94,150000,12684,6841
M,high_order,LED_a,5,0.9425,150000,12524,6742
M,high_order,LED_a,5,0.945,150000,12365,6650
M,high_order,LED_a,5,0.9475,150000,12211,6549
M,high_order,LED_a,5,0.95,150000,12045,6432
M,high_order,LED_a,5,0.9525,150000,11864,6313
M,high_order,LED_a,5,0.955,150000,11674,6198
M,high_order,LED_a,5,0.9575,150000,11471,6063
M,high_order,LED_a,5,0.96,150000,11297,5956
M,high_order,LED_a,5,0.9625,150000,11136,5863
M,high_order,LED_a,5,0.965,150000,10991,5779
M,high_order,LED_a,5,0.9675,150000,10822,5677
M,high_order,LED_a,5,0.97,150000,10642,5566
M,high_order,LED_a,5,0.9725,150000,10473,5474
M,high_order,LED_a,5,0.975,150000,10307,5378
M,high_order,LED_a,5,0.9775,150000,10101,5260
M,high_order,LED_a,5,0.98,150000,9905,5149
M,high_order,LED_a,5,0.9825,150000,9705,5032
M,high_order,LED_a,5,0.985,150000,9475,4906
M,high_order,LED_a,5,0.9875,150000,9264,4779
M,high_order,LED_a,5,0.99,150000,9001,4648
M,high_order,LED_a,5,0.9925,150000,8757,4520
M,high_order,LED_a,5,0.995,150000,8462,4366
M,high_order,LED_a,5,0.9975,150000,8081,4164
M,high_order,LED_a,5,1.0,150000,6677,3455
c,high_order,LED_a,5,0.7,150000,44610,38253
c,high_order,LED_a,5,0.7025,150000,44610,38253
c,high_order,LED_a,5,0.705,150000,44610,38253
c,high_order,LED_a,5,0.7075,150000,44610,38253
c,high_order,LED_a,5,0.71,150000,44610,38253
c,high_order,LED_a,5,0.7125,150000,44610,38253
c,high_order,LED_a,5,0.715,150000,44610,38253
c,high_order,LED_a,5,0.7175,150000,44610,38253
c,high_order,LED_a,5,0.72,150000,44610,38253
c,high_order,LED_a,5,0.7225,150000,44610,38253
c,high_order,LED_a,5,0.725,150000,37549,32610
c,high_order,LED_a,5,0.7275,150000,37549,32610
c,high_order,LED_a,5,0.73,150000,37549,32610
c,high_order,LED_a,5,0.7325,150000,37549,32610
c,high_order,LED_a,5,0.735,150000,37549,32610
c,high_order,LED_a,5,0.7375,150000,37549,32610
c,high_order,LED_a,5,0.74,150000,37549,32610
c,high_order,LED_a,5,0.7425,150000,37549,32610
c,high_order,LED_a,5,0.745,150000,37549,32610
c,high_order,LED_a,5,0.7475,150000,37549,32610
c,high_order,LED_a,5,0.75,150000,37549,32610
c,high_order,LED_a,5,0.7525,150000,37549,32610
c,high_order,LED_a,5,0.755,150000,37549,32610
c,high_order,LED_a,5,0.7575,150000,37549,32610
c,high_order,LED_a,5,0.76,150000,31234,27509
c,high_order,LED_a,5,0.7625,150000,31234,27509
c,high_order,LED_a,5,0.765,150000,31234,27509
c,high_order,LED_a,5,0.7675,150000,31234,27509
c,high_order,LED_a,5,0.77,150000,31234,27509
c,high_order,LED_a,5,0.7725,150000,31234,27509
c,high_order,LED_a,5,0.775,150000,31234,27509
c,high_order,LED_a,5,0.7775,150000,31234,27509
c,high_order,LED_a,5,0.78,150000,31234,27509
c,high_order,LED_a,5,0.7825,150000,31234,27509
c,high_order,LED_a,5,0.785,150000,31234,27509
c,high_order,LED_a,5,0.7875,150000,31234,27509
c,high_order,LED_a,5,0.79,150000,31234,27509
c,high_order,LED_a,5,0.7925,150000,31234,27509
c,high_order,LED_a,5,0.795,150000,25237,22500
c,high_order,LED_a,5,0.7975,150000,25237,22500
c,high_order,LED_a,5,0.8,150000,25237,22500
c,high_order,LED_a,5,0.8025,150000,25237,22500
c,high_order,LED_a,5,0.805,150000,25237,22500
c,high_order,LED_a,5,0.8075,150000,25237,22500
c,high_order,LED_a,5,0.81,150000,25237,22500
c,high_order,LED_a,5,0.8125,150000,25237,22500
c,high_order,LED_a,5,0.815,150000,25237,22500
c,high_order,LED_a,5,0.8175,150000,25237,22500
c,high_order,LED_a,5,0.82,150000,25237,22500
c,high_order,LED_a,5,0.8225,150000,25237,22500
c,high_order,LED_a,5,0.825,150000,25237,22500
c,high_order,LED_a,5,0.8275,150000,25237,22500
c,high_order,LED_a,5,0.83,150000,19948,17973
c,high_order,LED_a,5,0.8325,150000,19948,17973
c,high_order,LED_a,5,0.835,150000,19948,17973
c,high_order,LED_a,5,0.8375,150000,19948,17973
c,high_order,LED_a,5,0.84,150000,19948,17973
c,high_order,LED_a,5,0.8425,150000,19948,17973
c,high_order,LED_a,5,0.845,150000,19948,17973
c,high_order,LED_a,5,0.8475,150000,19948,17973
c,high_order,LED_a,5,0.85,150000,19948,17973
c,high_order,LED_a,5,0.8525,150000,19948,17973
c,high_order,LED_a,5,0.855,150000,19948,17973
c,high_order,LED_a,5,0.8575,150000,19948,17973
c,high_order,LED_a,5,0.86,150000,19948,17973
c,high_order,LED_a,5,0.8625,150000,15016,13738
c,high_order,LED_a,5,0.865,150000,15016,13738
c,high_order,LED_a,5,0.8675,150000,15016,13738
c,high_order,LED_a,5,0.87,150000,15016,13738
c,high_order,LED_a,5,0.8725,150000,15016,13738
c,high_order,LED_a,5,0.875,150000,15016,13738
c,high_order,LED_a,5,0.8775,150000,15016,13738
c,high_order,LED_a,5,0.88,150000,15016,13738
c,high_order,LED_a,5,0.8825,150000,15016,13738
c,high_order,LED_a,5,0.885,150000,15016,13738
c,high_order,LED_a,5,0.8875,150000,15016,13738
c,high_order,LED_a,5,0.89,150000,15016,13738
c,high_order,LED_a,5,0.8925,150000,15016,13738
c,high_order,LED_a,5,0.895,150000,15016,13738
c,high_order,LED_a,5,0.8975,150000,10575,9799
c,high_order,LED_a,5,0.9,150000,10575,9799
c,high_order,LED_a,5,0.9025,150000,10575,9799
c,high_order,LED_a,5,0.905,150000,10575,9799
c,high_order,LED_a,5,0.9075,150000,10575,9799
c,high_order,LED_a,5,0.91,150000,10575,9799
c,high_order,LED_a,5,0.9125,150000,10575,9799
c,high_order,LED_a,5,0.915,150000,10575,9799
c,high_order,LED_a,5,0.9175,150000,10575,9799
c,high_order,LED_a,5,0.92,150000,10575,9799
c,high_order,LED_a,5,0.9225,150000,10575,9799
c,high_order,LED_a,5,0.925,150000,10575,9799
c,high_order,LED_a,5,0.9275,150000,10575,9799
c,high_order,LED_a,5,0.93,150000,10575,9799
c,high_order,LED_a,5,0.9325,150000,6114,5719
c,high_order,LED_a,5,0.935,150000,6114,5719
c,high_order,LED_a,5,0.9375,150000,6114,5719
c,high_order,LED_a,5,0.94,150000,6114,5719
c,high_order,LED_a,5,0.9425,150000,6114,5719
c,high_order,LED_a,5,0.945,150000,6114,5719
c,high_order,LED_a,5,0.9475,150000,6114,5719
c,high_order,LED_a,5,0.95,150000,6114,5719
c,high_order,LED_a,5,0.9525,150000,6114,5719
c,high_order,LED_a,5,0.955,150000,6114,5719
c,high_order,LED_a,5,0.9575,150000,6114,5719
c,high_order,LED_a,5,0.96,150000,6114,5719
c,high_order,LED_a,5,0.9625,150000,6114,5719
c,high_order,LED_a,5,0.965,150000,6114,5719
c,high_order,LED_a,5,0.9675,150000,2114,1998
c,high_order,LED_a,5,0.97,150000,2114,1998
c,high_order,LED_a,5,0.9725,150000,2114,1998
c,high_order,LED_a,5,0.975,150000,2114,1998
c,high_order,LED_a,5,0.9775,150000,2114,1998
c,high_order,LED_a,5,0.98,150000,2114,1998
c,high_order,LED_a,5,0.9825,150000,2114,1998
c,high_order,LED_a,5,0.985,150000,2114,1998
c,high_order,LED_a,5,0.9875,150000,2114,1998
c,high_order,LED_a,5,0.99,150000,2114,1998
c,high_order,LED_a,5,0.9925,150000,2114,1998
c,high_order,LED_a,5,0.995,150000,2114,1998
c,high_order,LED_a,5,0.9975,150000,2114,1998
c,high_order,LED_a,5,1.0,150000,2114,1998
A_hat,high_order,LED_a,5,0.7,150000,38662,22111
A_hat,high_order,LED_a,5,0.7025,150000,38369,21954
A_hat,high_order,LED_a,5,0.705,150000,38039,21781
A_hat,high_order,LED_a,5,0.7075,150000,37714,21611
A_hat,high_order,LED_a,5,0.71,150000,37395,21447
A_hat,high_order,LED_a,5,0.7125,150000,37083,21289
A_hat,high_order,LED_a,5,0.715,150000,36784,21153
A_hat,high_order,LED_a,5,0.7175,150000,36509,21013
A_hat,high_order,LED_a,5,0.72,150000,36186,20831
A_hat,high_order,LED_a,5,0.7225,150000,35863,20654
A_hat,high_order,LED_a,5,0.725,150000,35525,20467
A_hat,high_order,LED_a,5,0.7275,150000,35213,20291
A_hat,high_order,LED_a,5,0.73,150000,34895,20130
A_hat,high_order,LED_a,5,0.7325,150000,34610,19970
A_hat,high_order,LED_a,5,0.735,150000,34300,19803
A_hat,high_order,LED_a,5,0.7375,150000,33981,19622
A_hat,high_order,LED_a,5,0.74,150000,33657,19447
A_hat,high_order,LED_a,5,0.7425,150000,33327,19257
A_hat,high_order,LED_a,5,0.745,150000,33015,19100
A_hat,high_order,LED_a,5,0.7475,150000,32724,18953
A_hat,high_order,LED_a,5,0.75,150000,32400,18774
A_hat,high_order,LED_a,5,0.7525,150000,32111,18616
A_hat,high_order,LED_a,5,0.755,150000,31791,18432
A_hat,high_order,LED_a,5,0.7575,150000,31442,18252
A_hat,high_order,LED_a,5,0.76,150000,31130,18096
A_hat,high_order,LED_a,5,0.7625,150000,30829,17927
A_hat,high_order,LED_a,5,0.765,150000,30515,17752
A_hat,high_order,LED_a,5,0.7675,150000,30228,17604
A_hat,high_order,LED_a,5,0.77,150000,29876,17407
A_hat,high_order,LED_a,5,0.7725,150000,29541,17233
A_hat,high_order,LED_a,5,0.775,150000,29199,17029
A_hat,high_order,LED_a,5,0.7775,150000,28871,16845
A_hat,high_order,LED_a,5,0.78,150000,28558,16673
A_hat,high_order,LED_a,5,0.7825,150000,28256,16510
A_hat,high_order,LED_a,5,0.785,150000,27942,16327
A_hat,high_order,LED_a,5,0.7875,150000,27576,16149
A_hat,high_order,LED_a,5,0.79,150000,27242,15961
A_hat,high_order,LED_a,5,0.7925,150000,26904,15778
A_hat,high_order,LED_a,5,0.795,150000,26593,15624
A_hat,high_order,LED_a,5,0.7975,150000,26246,15423
A_hat,high_order,LED_a,5,0.8,150000,25910,15236
A_hat,high_order,LED_a,5,0.8025,150000,25618,15065
A_hat,high_order,LED_a,5,0.805,150000,25312,14893
A_hat,high_order,LED_a,5,0.8075,150000,24998,14713
A_hat,high_order,LED_a,5,0.81,150000,24666,14523
A_hat,high_order,LED_a,5,0.8125,150000,24346,14336
A_hat,high_order,LED_a,5,0.815,150000,24049,14158
A_hat,high_order,LED_a,5,0.8175,150000,23738,13977
A_hat,high_order,LED_a,5,0.82,150000,23385,13776
A_hat,high_order,LED_a,5,0.8225,150000,23078,13613
A_hat,high_order,LED_a,5,0.825,150000,22774,13438
A_hat,high_order,LED_a,5,0.8275,150000,22481,13272
A_hat,high_order,LED_a,5,0.83,150000,22166,13106
A_hat,high_order,LED_a,5,0.8325,150000,21837,12934
A_hat,high_order,LED_a,5,0.835,150000,21527,12757
A_hat,high_order,LED_a,5,0.8375,150000,21230,12582
A_hat,high_order,LED_a,5,0.84,150000,20915,12409
A_hat,high_order,LED_a,5,0.8425,150000,20578,12230
A_hat,high_order,LED_a,5,0.845,150000,20246,12049
A_hat,high_order,LED_a,5,0.8475,150000,19912,11849
A_hat,high_order,LED_a,5,0.85,150000,19607,11666
A_hat,high_order,LED_a,5,0.8525,150000,19315,11503
A_hat,high_order,LED_a,5,0.855,150000,19014,11337
A_hat,high_order,LED_a,5,0.8575,150000,18715,11167
A_hat,high_order,LED_a,5,0.86,150000,18369,10976
A_hat,high_order,LED_a,5,0.8625,150000,18085,10810
A_hat,high_order,LED_a,5,0.865,150000,17791,10643
A_hat,high_order,LED_a,5,0.8675,150000,17482,10465
A_hat,high_order,LED_a,5,0.87,150000,17147,10267
A_hat,high_order,LED_a,5,0.8725,150000,16828,10070
A_hat,high_order,LED_a,5,0.875,150000,16537,9904
A_hat,high_order,LED_a,5,0.8775,150000,16249,9749
A_hat,high_order,LED_a,5,0.88,150000,15913,9561
A_hat,high_order,LED_a,5,0.8825,150000,15580,9374
A_hat,high_order,LED_a,5,0.885,150000,15266,9191
A_hat,high_order,LED_a,5,0.8875,150000,14915,8999
A_hat,high_order,LED_a,5,0.89,150000,14575,8797
A_hat,high_order,LED_a,5,0.8925,150000,14276,8630
A_hat,high_order,LED_a,5,0.895,150000,13929,8420
A_hat,high_order,LED_a,5,0.8975,150000,13599,8233
A_hat,high_order,LED_a,5,0.9,150000,13272,8050
A_hat,high_order,LED_a,5,0.9025,150000,12967,7869
A_hat,high_order,LED_a,5,0.905,150000,12670,7696
A_hat,high_order,LED_a,5,0.9075,150000,12341,7506
A_hat,high_order,LED_a,5,0.91,150000,12056,7351
A_hat,high_order,LED_a,5,0.9125,150000,11761,7178
A_hat,high_order,LED_a,5,0.915,150000,11509,7025
A_hat,high_order,LED_a,5,0.9175,150000,11233,6871
A_hat,high_order,LED_a,5,0.92,150000,10946,6698
A_hat,high_order,LED_a,5,0.9225,150000,10687,6549
A_hat,high_order,LED_a,5,0.925,150000,10404,6396
A_hat,high_order,LED_a,5,0.9275,150000,10096,6209
A_hat,high_order,LED_a,5,0.93,150000,9815,6042
A_hat,high_order,LED_a,5,0.9325,150000,9556,5888
A_hat,high_order,LED_a,5,0.935,150000,9279,5724
A_hat,high_order,LED_a,5,0.9375,150000,8997,5548
A_hat,high_order,LED_a,5,0.94,150000,8722,5382
A_hat,high_order,LED_a,5,0.9425,150000,8450,5210
A_hat,high_order,LED_a,5,0.945,150000,8157,5028
A_hat,high_order,LED_a,5,0.9475,150000,7879,4862
A_hat,high_order,LED_a,5,0.95,150000,7585,4695
A_hat,high_order,LED_a,5,0.9525,150000,7315,4523
A_hat,high_order,LED_a,5,0.955,150000,7022,4344
A_hat,high_order,LED_a,5,0.9575,150000,6728,4179
A_hat,high_order,LED_a,5,0.96,150000,6453,4002
A_hat,high_order,LED_a,5,0.9625,150000,6164,3833
A_hat,high_order,LED_a,5,0.965,150000,5852,3628
A_hat,high_order,LED_a,5,0.9675,150000,5565,3454
A_hat,high_order,LED_a,5,0.97,150000,5232,3263
A_hat,high_order,LED_a,5,0.9725,150000,4895,3067
A_hat,high_order,LED_a,5,0.975,150000,4545,2854
A_hat,high_order,LED_a,5,0.9775,150000,4202,2633
A_hat,high_order,LED_a,5,0.98,150000,3866,2440
A_hat,high_order,LED_a,5,0.9825,150000,3487,2209
A_hat,high_order,LED_a,5,0.985,150000,3110,1973
A_hat,high_order,LED_a,5,0.9875,150000,2707,1726
A_hat,high_order,LED_a,5,0.99,150000,2266,1452
A_hat,high_order,LED_a,5,0.9925,150000,1834,1179
A_hat,high_order,LED_a,5,0.995,150000,1311,828
A_hat,high_order,LED_a,5,0.9975,150000,710,453
A_hat,high_order,LED_a,5,1.0,150000,0,0
C,high_order,LED_a,5,0.7,150000,23885,16134
C,high_order,LED_a,5,0.7025,150000,23525,15910
C,high_order,LED_a,5,0.705,150000,23160,15671
C,high_order,LED_a,5,0.7075,150000,22823,15454
C,high_order,LED_a,5,0.71,150000,22470,15237
C,high_order,LED_a,5,0.7125,150000,22105,14990
C,high_order,LED_a,5,0.715,150000,21750,14756
C,high_order,LED_a,5,0.7175,150000,21378,14520
C,high_order,LED_a,5,0.72,150000,21020,14270
C,high_order,LED_a,5,0.7225,150000,20643,14026
C,high_order,LED_a,5,0.725,150000,20279,13780
C,high_order,LED_a,5,0.7275,150000,19930,13560
C,high_order,LED_a,5,0.73,150000,19541,13323
C,high_order,LED_a,5,0.7325,150000,19242,13141
C,high_order,LED_a,5,0.735,150000,18899,12908
C,high_order,LED_a,5,0.7375,150000,18560,12693
C,high_order,LED_a,5,0.74,150000,18212,12473
C,high_order,LED_a,5,0.7425,150000,17893,12274
C,high_order,LED_a,5,0.745,150000,17546,12058
C,high_order,LED_a,5,0.7475,150000,17205,11828
C,high_order,LED_a,5,0.75,150000,16874,11612
C,high_order,LED_a,5,0.7525,150000,16553,11409
C,high_order,LED_a,5,0.755,150000,16229,11192
C,high_order,LED_a,5,0.7575,150000,15885,10970
C,high_order,LED_a,5,0.76,150000,15551,10740
C,high_order,LED_a,5,0.7625,150000,15199,10495
C,high_order,LED_a,5,0.765,150000,14867,10259
C,high_order,LED_a,5,0.7675,150000,14535,10026
C,high_order,LED_a,5,0.77,150000,14184,9793
C,high_order,LED_a,5,0.7725,150000,13861,9561
C,high_order,LED_a,5,0.775,150000,13566,9363
C,high_order,LED_a,5,0.7775,150000,13263,9153
C,high_order,LED_a,5,0.78,150000,12965,8951
C,high_order,LED_a,5,0.7825,150000,12678,8746
C,high_order,LED_a,5,0.785,150000,12386,8543
C,high_order,LED_a,5,0.7875,150000,12093,8343
C,high_order,LED_a,5,0.79,150000,11808,8145
C,high_order,LED_a,5,0.7925,150000,11550,7963
C,high_order,LED_a,5,0.795,150000,11227,7735
C,high_order,LED_a,5,0.7975,150000,10914,7512
C,high_order,LED_a,5,0.8,150000,10586,7286
C,high_order,LED_a,5,0.8025,150000,10298,7092
C,high_order,LED_a,5,0.805,150000,10008,6898
C,high_order,LED_a,5,0.8075,150000,9713,6698
C,high_order,LED_a,5,0.81,150000,9460,6525
C,high_order,LED_a,5,0.8125,150000,9209,6360
C,high_order,LED_a,5,0.815,150000,8957,6192
C,high_order,LED_a,5,0.8175,150000,8686,6008
C,high_order,LED_a,5,0.82,150000,8428,5838
C,high_order,LED_a,5,0.8225,150000,8184,5669
C,high_order,LED_a,5,0.825,150000,7940,5492
C,high_order,LED_a,5,0.8275,150000,7696,5319
C,high_order,LED_a,5,0.83,150000,7479,5166
C,high_order,LED_a,5,0.8325,150000,7260,5008
C,high_order,LED_a,5,0.835,150000,7043,4863
C,high_order,LED_a,5,0.8375,150000,6831,4712
C,high_order,LED_a,5,0.84,150000,6627,4578
C,high_order,LED_a,5,0.8425,150000,6446,4449
C,high_order,LED_a,5,0.845,150000,6255,4323
C,high_order,LED_a,5,0.8475,150000,6072,4190
C,high_order,LED_a,5,0.85,150000,5871,4052
C,high_order,LED_a,5,0.8525,150000,5693,3920
C,high_order,LED_a,5,0.855,150000,5512,3799
C,high_order,LED_a,5,0.8575,150000,5320,3658
C,high_order,LED_a,5,0.86,150000,5166,3546
C,high_order,LED_a,5,0.8625,150000,5000,3430
C,high_order,LED_a,5,0.865,150000,4833,3314
C,high_order,LED_a,5,0.8675,150000,4683,3211
C,high_order,LED_a,5,0.87,150000,4536,3114
C,high_order,LED_a,5,0.8725,150000,4411,3020
C,high_order,LED_a,5,0.875,150000,4265,2910
C,high_order,LED_a,5,0.8775,150000,4129,2818
C,high_order,LED_a,5,0.88,150000,3980,2711
C,high_order,LED_a,5,0.8825,150000,3846,2626
C,high_order,LED_a,5,0.885,150000,3715,2541
C,high_order,LED_a,5,0.8875,150000,3608,2467
C,high_order,LED_a,5,0.89,150000,3509,2392
C,high_order,LED_a,5,0.8925,150000,3375,2295
C,high_order,LED_a,5,0.895,150000,3262,2217
C,high_order,LED_a,5,0.8975,150000,3135,2125
C,high_order,LED_a,5,0.9,150000,3006,2036
C,high_order,LED_a,5,0.9025,150000,2876,1929
C,high_order,LED_a,5,0.905,150000,2759,1845
C,high_order,LED_a,5,0.9075,150000,2632,1761
C,high_order,LED_a,5,0.91,150000,2527,1697
C,high_order,LED_a,5,0.9125,150000,2424,1628
C,high_order,LED_a,5,0.915,150000,2322,1561
C,high_order,LED_a,5,0.9175,150000,2225,1487
C,high_order,LED_a,5,0.92,150000,2142,1426
C,high_order,LED_a,5,0.9225,150000,2046,1363
C,high_order,LED_a,5,0.925,150000,1959,1297
C,high_order,LED_a,5,0.9275,150000,1869,1235
C,high_order,LED_a,5,0.93,150000,1783,1177
C,high_order,LED_a,5,0.9325,150000,1694,1116
C,high_order,LED_a,5,0.935,150000,1617,1073
C,high_order,LED_a,5,0.9375,150000,1539,1021
C,high_order,LED_a,5,0.94,150000,1471,977
C,high_order,LED_a,5,0.9425,150000,1389,924
C,high_order,LED_a,5,0.945,150000,1296,867
C,high_order,LED_a,5,0.9475,150000,1225,815
C,high_order,LED_a,5,0.95,150000,1160,769
C,high_order,LED_a,5,0.9525,150000,1087,722
C,high_order,LED_a,5,0.955,150000,1013,668
C,high_order,LED_a,5,0.9575,150000,942,620
C,high_order,LED_a,5,0.96,150000,886,583
C,high_order,LED_a,5,0.9625,150000,830,548
C,high_order,LED_a,5,0.965,150000,770,504
C,high_order,LED_a,5,0.9675,150000,703,461
C,high_order,LED_a,5,0.97,150000,646,426
C,high_order,LED_a,5,0.9725,150000,582,380
C,high_order,LED_a,5,0.975,150000,522,330
C,high_order,LED_a,5,0.9775,150000,463,292
C,high_order,LED_a,5,0.98,150000,410,258
C,high_order,LED_a,5,0.9825,150000,363,225
C,high_order,LED_a,5,0.985,150000,313,196
C,high_order,LED_a,5,0.9875,150000,272,171
C,high_order,LED_a,5,0.99,150000,216,138
C,high_order,LED_a,5,0.9925,150000,172,103
C,high_order,LED_a,5,0.995,150000,123,73
C,high_order,LED_a,5,0.9975,150000,63,36
C,high_order,LED_a,5,1.0,150000,0,0
C,binary_relevance,LED_a,5,0.7,150000,15656,11056
C,binary_relevance,LED_a,5,0.7025,150000,15323,10829
C,binary_relevance,LED_a,5,0.705,150000,14994,10596
C,binary_relevance,LED_a,5,0.7075,150000,14699,10402
C,binary_relevance,LED_a,5,0.71,150000,14390,10191
C,binary_relevance,LED_a,5,0.7125,150000,14094,9994
C,binary_relevance,LED_a,5,0.715,150000,13819,9822
C,binary_relevance,LED_a,5,0.7175,150000,13514,9608
C,binary_relevance,LED_a,5,0.72,150000,13226,9412
C,binary_relevance,LED_a,5,0.7225,150000,12943,9223
C,binary_relevance,LED_a,5,0.725,150000,12636,9013
C,binary_relevance,LED_a,5,0.7275,150000,12336,8805
C,binary_relevance,LED_a,5,0.73,150000,12013,8580
C,binary_relevance,LED_a,5,0.7325,150000,11703,8357
C,binary_relevance,LED_a,5,0.735,150000,11398,8135
C,binary_relevance,LED_a,5,0.7375,150000,11121,7936
C,binary_relevance,LED_a,5,0.74,150000,10855,7767
C,binary_relevance,LED_a,5,0.7425,150000,10609,7614
C,binary_relevance,LED_a,5,0.745,150000,10313,7407
C,binary_relevance,LED_a,5,0.7475,150000,10062,7225
C,binary_relevance,LED_a,5,0.75,150000,9791,7048
C,binary_relevance,LED_a,5,0.7525,150000,9500,6837
C,binary_relevance,LED_a,5,0.755,150000,9252,6660
C,binary_relevance,LED_a,5,0.7575,150000,8967,6448
C,binary_relevance,LED_a,5,0.76,150000,8693,6260
C,binary_relevance,LED_a,5,0.7625,150000,8432,6078
C,binary_relevance,LED_a,5,0.765,150000,8205,5925
C,binary_relevance,LED_a,5,0.7675,150000,7957,5746
C,binary_relevance,LED_a,5,0.77,150000,7734,5595
C,binary_relevance,LED_a,5,0.7725,150000,7520,5438
C,binary_relevance,LED_a,5,0.775,150000,7283,5272
C,binary_relevance,LED_a,5,0.7775,150000,7062,5123
C,binary_relevance,LED_a,5,0.78,150000,6845,4965
C,binary_relevance,LED_a,5,0.7825,150000,6671,4834
C,binary_relevance,LED_a,5,0.785,150000,6474,4700
C,binary_relevance,LED_a,5,0.7875,150000,6274,4576
C,binary_relevance,LED_a,5,0.79,150000,6084,4440
C,binary_relevance,LED_a,5,0.7925,150000,5877,4292
C,binary_relevance,LED_a,5,0.795,150000,5665,4137
C,binary_relevance,LED_a,5,0.7975,150000,5447,3975
C,binary_relevance,LED_a,5,0.8,150000,5283,3852
C,binary_relevance,LED_a,5,0.8025,150000,5102,3726
C,binary_relevance,LED_a,5,0.805,150000,4941,3608
C,binary_relevance,LED_a,5,0.8075,150000,4792,3505
C,binary_relevance,LED_a,5,0.81,150000,4655,3398
C,binary_relevance,LED_a,5,0.8125,150000,4517,3298
C,binary_relevance,LED_a,5,0.815,150000,4368,3191
C,binary_relevance,LED_a,5,0.8175,150000,4207,3070
C,binary_relevance,LED_a,5,0.82,150000,4044,2950
C,binary_relevance,LED_a,5,0.8225,150000,3907,2857
C,binary_relevance,LED_a,5,0.825,150000,3735,2739
C,binary_relevance,LED_a,5,0.8275,150000,3598,2648
C,binary_relevance,LED_a,5,0.83,150000,3444,2532
C,binary_relevance,LED_a,5,0.8325,150000,3314,2433
C,binary_relevance,LED_a,5,0.835,150000,3168,2332
C,binary_relevance,LED_a,5,0.8375,150000,3000,2199
C,binary_relevance,LED_a,5,0.84,150000,2889,2116
C,binary_relevance,LED_a,5,0.8425,150000,2768,2019
C,binary_relevance,LED_a,5,0.845,150000,2658,1947
C,binary_relevance,LED_a,5,0.8475,150000,2526,1847
C,binary_relevance,LED_a,5,0.85,150000,2406,1758
C,binary_relevance,LED_a,5,0.8525,150000,2310,1692
C,binary_relevance,LED_a,5,0.855,150000,2232,1631
C,binary_relevance,LED_a,5,0.8575,150000,2147,1564
C,binary_relevance,LED_a,5,0.86,150000,2048,1489
C,binary_relevance,LED_a,5,0.8625,150000,1961,1422
C,binary_relevance,LED_a,5,0.865,150000,1863,1349
C,binary_relevance,LED_a,5,0.8675,150000,1761,1265
C,binary_relevance,LED_a,5,0.87,150000,1670,1192
C,binary_relevance,LED_a,5,0.8725,150000,1576,1120
C,binary_relevance,LED_a,5,0.875,150000,1498,1067
C,binary_relevance,LED_a,5,0.8775,150000,1450,1035
C,binary_relevance,LED_a,5,0.88,150000,1375,975
C,binary_relevance,LED_a,5,0.8825,150000,1303,924
C,binary_relevance,LED_a,5,0.885,150000,1247,883
C,binary_relevance,LED_a,5,0.8875,150000,1182,836
C,binary_relevance,LED_a,5,0.89,150000,1134,807
C,binary_relevance,LED_a,5,0.8925,150000,1083,766
C,binary_relevance,LED_a,5,0.895,150000,1035,729
C,binary_relevance,LED_a,5,0.8975,150000,982,688
C,binary_relevance,LED_a,5,0.9,150000,927,646
C,binary_relevance,LED_a,5,0.9025,150000,879,613
C,binary_relevance,LED_a,5,0.905,150000,822,573
C,binary_relevance,LED_a,5,0.9075,150000,779,541
C,binary_relevance,LED_a,5,0.91,150000,733,504
C,binary_relevance,LED_a,5,0.9125,150000,694,475
C,binary_relevance,LED_a,5,0.915,150000,659,443
C,binary_relevance,LED_a,5,0.9175,150000,626,419
C,binary_relevance,LED_a,5,0.92,150000,601,402
C,binary_relevance,LED_a,5,0.9225,150000,574,380
C,binary_relevance,LED_a,5,0.925,150000,535,351
C,binary_relevance,LED_a,5,0.9275,150000,508,330
C,binary_relevance,LED_a,5,0.93,150000,467,296
C,binary_relevance,LED_a,5,0.9325,150000,428,271
C,binary_relevance,LED_a,5,0.935,150000,379,237
C,binary_relevance,LED_a,5,0.9375,150000,348,212
C,binary_relevance,LED_a,5,0.94,150000,325,194
C,binary_relevance,LED_a,5,0.9425,150000,307,180
C,binary_relevance,LED_a,5,0.945,150000,290,165
C,binary_relevance,LED_a,5,0.9475,150000,269,153
C,binary_relevance,LED_a,5,0.95,150000,253,140
C,binary_relevance,LED_a,5,0.9525,150000,231,127
C,binary_relevance,LED_a,5,0.955,150000,215,118
C,binary_relevance,LED_a,5,0.9575,150000,199,107
C,binary_relevance,LED_a,5,0.96,150000,182,97
C,binary_relevance,LED_a,5,0.9625,150000,165,87
C,binary_relevance,LED_a,5,0.965,150000,152,81
C,binary_relevance,LED_a,5,0.9675,150000,140,74
C,binary_relevance,LED_a,5,0.97,150000,129,70
C,binary_relevance,LED_a,5,0.9725,150000,120,65
C,binary_relevance,LED_a,5,0.975,150000,110,59
C,binary_relevance,LED_a,5,0.9775,150000,98,49
C,binary_relevance,LED_a,5,0.98,150000,87,43
C,binary_relevance,LED_a,5,0.9825,150000,81,40
C,binary_relevance,LED_a,5,0.985,150000,73,35
C,binary_relevance,LED_a,5,0.9875,150000,68,33
C,binary_relevance,LED_a,5,0.99,150000,59,28
C,binary_relevance,LED_a,5,0.9925,150000,53,25
C,binary_relevance,LED_a,5,0.995,150000,43,22
C,binary_relevance,LED_a,5,0.9975,150000,32,15
C,binary_relevance,LED_a,5,1.0,150000,1,1
w,high_order,LED_a,5,0.7,150000,28725,23111
w,high_order,LED_a,5,0.7025,150000,28158,22680
w,high_order,LED_a,5,0.705,150000,27569,22233
w,high_order,LED_a,5,0.7075,150000,26987,21792
w,high_order,LED_a,5,0.71,150000,26371,21312
w,high_order,LED_a,5,0.7125,150000,25802,20869
w,high_order,LED_a,5,0.715,150000,25214,20426
w,high_order,LED_a,5,0.7175,150000,24601,19966
w,high_order,LED_a,5,0.72,150000,23992,19491
w,high_order,LED_a,5,0.7225,150000,23459,19083
w,high_order,LED_a,5,0.725,150000,22927,18681
w,high_order,LED_a,5,0.7275,150000,22345,18224
w,high_order,LED_a,5,0.73,150000,21857,17856
w,high_order,LED_a,5,0.7325,150000,21330,17433
w,high_order,LED_a,5,0.735,150000,20779,17008
w,high_order,LED_a,5,0.7375,150000,20279,16611
w,high_order,LED_a,5,0.74,150000,19759,16189
w,high_order,LED_a,5,0.7425,150000,19253,15778
w,high_order,LED_a,5,0.745,150000,18749,15392
w,high_order,LED_a,5,0.7475,150000,18227,14975
w,high_order,LED_a,5,0.75,150000,17775,14626
w,high_order,LED_a,5,0.7525,150000,17354,14297
w,high_order,LED_a,5,0.755,150000,16865,13921
w,high_order,LED_a,5,0.7575,150000,16385,13536
w,high_order,LED_a,5,0.76,150000,15935,13170
w,high_order,LED_a,5,0.7625,150000,15488,12820
w,high_order,LED_a,5,0.765,150000,15043,12471
w,high_order,LED_a,5,0.7675,150000,14627,12138
w,high_order,LED_a,5,0.77,150000,14193,11793
w,high_order,LED_a,5,0.7725,150000,13726,11417
w,high_order,LED_a,5,0.775,150000,13306,11077
w,high_order,LED_a,5,0.7775,150000,12896,10746
w,high_order,LED_a,5,0.78,150000,12487,10424
w,high_order,LED_a,5,0.7825,150000,12066,10081
w,high_order,LED_a,5,0.785,150000,11654,9748
w,high_order,LED_a,5,0.7875,150000,11291,9458
w,high_order,LED_a,5,0.79,150000,10921,9164
w,high_order,LED_a,5,0.7925,150000,10561,8864
w,high_order,LED_a,5,0.795,150000,10188,8563
w,high_order,LED_a,5,0.7975,150000,9866,8306
w,high_order,LED_a,5,0.8,150000,9513,8004
w,high_order,LED_a,5,0.8025,150000,9174,7727
w,high_order,LED_a,5,0.805,150000,8852,7454
w,high_order,LED_a,5,0.8075,150000,8508,7170
w,high_order,LED_a,5,0.81,150000,8182,6913
w,high_order,LED_a,5,0.8125,150000,7864,6651
w,high_order,LED_a,5,0.815,150000,7578,6415
w,high_order,LED_a,5,0.8175,150000,7291,6183
w,high_order,LED_a,5,0.82,150000,7005,5936
w,high_order,LED_a,5,0.8225,150000,6716,5697
w,high_order,LED_a,5,0.825,150000,6473,5489
w,high_order,LED_a,5,0.8275,150000,6216,5270
w,high_order,LED_a,5,0.83,150000,5944,5048
w,high_order,LED_a,5,0.8325,150000,5680,4837
w,high_order,LED_a,5,0.835,150000,5451,4648
w,high_order,LED_a,5,0.8375,150000,5224,4459
w,high_order,LED_a,5,0.84,150000,4983,4254
w,high_order,LED_a,5,0.8425,150000,4771,4073
w,high_order,LED_a,5,0.845,150000,4542,3875
w,high_order,LED_a,5,0.8475,150000,4342,3703
w,high_order,LED_a,5,0.85,150000,4119,3521
w,high_order,LED_a,5,0.8525,150000,3911,3349
w,high_order,LED_a,5,0.855,150000,3718,3184
w,high_order,LED_a,5,0.8575,150000,3552,3041
w,high_order,LED_a,5,0.86,150000,3377,2887
w,high_order,LED_a,5,0.8625,150000,3200,2747
w,high_order,LED_a,5,0.865,150000,3033,2605
w,high_order,LED_a,5,0.8675,150000,2872,2472
w,high_order,LED_a,5,0.87,150000,2690,2316
w,high_order,LED_a,5,0.8725,150000,2556,2211
w,high_order,LED_a,5,0.875,150000,2397,2073
w,high_order,LED_a,5,0.8775,150000,2275,1965
w,high_order,LED_a,5,0.88,150000,2153,1865
w,high_order,LED_a,5,0.8825,150000,2020,1757
w,high_order,LED_a,5,0.885,150000,1894,1649
w,high_order,LED_a,5,0.8875,150000,1775,1548
w,high_order,LED_a,5,0.89,150000,1666,1454
w,high_order,LED_a,5,0.8925,150000,1544,1346
w,high_order,LED_a,5,0.895,150000,1442,1261
w,high_order,LED_a,5,0.8975,150000,1359,1183
w,high_order,LED_a,5,0.9,150000,1271,1113
w,high_order,LED_a,5,0.9025,150000,1164,1021
w,high_order,LED_a,5,0.905,150000,1088,952
w,high_order,LED_a,5,0.9075,150000,1002,876
w,high_order,LED_a,5,0.91,150000,930,817
w,high_order,LED_a,5,0.9125,150000,862,757
w,high_order,LED_a,5,0.915,150000,797,698
w,high_order,LED_a,5,0.9175,150000,722,635
w,high_order,LED_a,5,0.92,150000,662,579
w,high_order,LED_a,5,0.9225,150000,595,520
w,high_order,LED_a,5,0.925,150000,543,472
w,high_order,LED_a,5,0.9275,150000,497,432
w,high_order,LED_a,5,0.93,150000,456,397
w,high_order,LED_a,5,0.9325,150000,406,355
w,high_order,LED_a,5,0.935,150000,374,329
w,high_order,LED_a,5,0.9375,150000,337,297
w,high_order,LED_a,5,0.94,150000,314,278
w,high_order,LED_a,5,0.9425,150000,278,245
w,high_order,LED_a,5,0.945,150000,244,216
w,high_order,LED_a,5,0.9475,150000,208,184
w,high_order,LED_a,5,0.95,150000,183,163
w,high_order,LED_a,5,0.9525,150000,162,146
w,high_order,LED_a,5,0.955,150000,134,121
w,high_order,LED_a,5,0.9575,150000,120,107
w,high_order,LED_a,5,0.96,150000,99,88
w,high_order,LED_a,5,0.9625,150000,91,81
w,high_order,LED_a,5,0.965,150000,76,68
w,high_order,LED_a,5,0.9675,150000,59,52
w,high_order,LED_a,5,0.97,150000,49,43
w,high_order,LED_a,5,0.9725,150000,40,35
w,high_order,LED_a,5,0.975,150000,33,28
w,high_order,LED_a,5,0.9775,150000,25,22
w,high_order,LED_a,5,0.98,150000,18,16
w,high_order,LED_a,5,0.9825,150000,15,13
w,high_order,LED_a,5,0.985,150000,9,8
w,high_order,LED_a,5,0.9875,150000,6,5
w,high_order,LED_a,5,0.99,150000,2,2
w,high_order,LED_a,5,0.9925,150000,1,1
w,high_order,LED_a,5,0.995,150000,0,0
w,high_order,LED_a,5,0.9975,150000,0,0
w,high_order,LED_a,5,1.0,150000,0,0
A_hat,binary_relevance_probe,LED_a,5,0.7,600000,78067,46657
A_hat,binary_relevance_probe,LED_a,5,0.7025,600000,77110,46123
A_hat,binary_relevance_probe,LED_a,5,0.705,600000,76069,45552
A_hat,binary_relevance_probe,LED_a,5,0.7075,600000,75068,45007
A_hat,binary_relevance_probe,LED_a,5,0.71,600000,74124,44463
A_hat,binary_relevance_probe,LED_a,5,0.7125,600000,73142,43904
A_hat,binary_relevance_probe,LED_a,5,0.715,600000,72223,43402
A_hat,binary_relevance_probe,LED_a,5,0.7175,600000,71278,42868
A_hat,binary_relevance_probe,LED_a,5,0.72,600000,70301,42330
A_hat,binary_relevance_probe,LED_a,5,0.7225,600000,69418,41848
A_hat,binary_relevance_probe,LED_a,5,0.725,600000,68469,41322
A_hat,binary_relevance_probe,LED_a,5,0.7275,600000,67521,40802
A_hat,binary_relevance_probe,LED_a,5,0.73,600000,66615,40292
A_hat,binary_relevance_probe,LED_a,5,0.7325,600000,65710,39782
A_hat,binary_relevance_probe,LED_a,5,0.735,600000,64796,39252
A_hat,binary_relevance_probe,LED_a,5,0.7375,600000,63917,38741
A_hat,binary_relevance_probe,LED_a,5,0.74,600000,63065,38264
A_hat,binary_relevance_probe,LED_a,5,0.7425,600000,62233,37783
A_hat,binary_relevance_probe,LED_a,5,0.745,600000,61354,37272
A_hat,binary_relevance_probe,LED_a,5,0.7475,600000,60486,36775
A_hat,binary_relevance_probe,LED_a,5,0.75,600000,59681,36313
A_hat,binary_relevance_probe,LED_a,5,0.7525,600000,58774,35808
A_hat,binary_relevance_probe,LED_a,5,0.755,600000,57923,35324
A_hat,binary_relevance_probe,LED_a,5,0.7575,600000,57084,34843
A_hat,binary_relevance_probe,LED_a,5,0.76,600000,56276,34351
A_hat,binary_relevance_probe,LED_a,5,0.7625,600000,55445,33895
A_hat,binary_relevance_probe,LED_a,5,0.765,600000,54637,33425
A_hat,binary_relevance_probe,LED_a,5,0.7675,600000,53852,32995
A_hat,binary_relevance_probe,LED_a,5,0.77,600000,53039,32543
A_hat,binary_relevance_probe,LED_a,5,0.7725,600000,52269,32102
A_hat,binary_relevance_probe,LED_a,5,0.775,600000,51421,31597
A_hat,binary_relevance_probe,LED_a,5,0.7775,600000,50596,31142
A_hat,binary_relevance_probe,LED_a,5,0.78,600000,49841,30714
A_hat,binary_relevance_probe,LED_a,5,0.7825,600000,49043,30259
A_hat,binary_relevance_probe,LED_a,5,0.785,600000,48254,29813
A_hat,binary_relevance_probe,LED_a,5,0.7875,600000,47495,29364
A_hat,binary_relevance_probe,LED_a,5,0.79,600000,46740,28941
A_hat,binary_relevance_probe,LED_a,5,0.7925,600000,45950,28485
A_hat,binary_relevance_probe,LED_a,5,0.795,600000,45177,28005
A_hat,binary_relevance_probe,LED_a,5,0.7975,600000,44426,27582
A_hat,binary_relevance_probe,LED_a,5,0.8,600000,43698,27140
A_hat,binary_relevance_probe,LED_a,5,0.8025,600000,43014,26730
A_hat,binary_relevance_probe,LED_a,5,0.805,600000,42319,26361
A_hat,binary_relevance_probe,LED_a,5,0.8075,600000,41586,25933
A_hat,binary_relevance_probe,LED_a,5,0.81,600000,40857,25487
A_hat,binary_relevance_probe,LED_a,5,0.8125,600000,40137,25079
A_hat,binary_relevance_probe,LED_a,5,0.815,600000,39383,24625
A_hat,binary_relevance_probe,LED_a,5,0.8175,600000,38629,24184
A_hat,binary_relevance_probe,LED_a,5,0.82,600000,37924,23776
A_hat,binary_relevance_probe,LED_a,5,0.8225,600000,37279,23402
A_hat,binary_relevance_probe,LED_a,5,0.825,600000,36569,22993
A_hat,binary_relevance_probe,LED_a,5,0.8275,600000,35887,22599
A_hat,binary_relevance_probe,LED_a,5,0.83,600000,35213,22180
A_hat,binary_relevance_probe,LED_a,5,0.8325,600000,34564,21786
A_hat,binary_relevance_probe,LED_a,5,0.835,600000,33915,21391
A_hat,binary_relevance_probe,LED_a,5,0.8375,600000,33263,21021
A_hat,binary_relevance_probe,LED_a,5,0.84,600000,32596,20626
A_hat,binary_relevance_probe,LED_a,5,0.8425,600000,31964,20252
A_hat,binary_relevance_probe,LED_a,5,0.845,600000,31328,19844
A_hat,binary_relevance_probe,LED_a,5,0.8475,600000,30668,19448
A_hat,binary_relevance_probe,LED_a,5,0.85,600000,30009,19050
A_hat,binary_relevance_probe,LED_a,5,0.8525,600000,29375,18687
A_hat,binary_relevance_probe,LED_a,5,0.855,600000,28755,18330
A_hat,binary_relevance_probe,LED_a,5,0.8575,600000,28119,17918
A_hat,binary_relevance_probe,LED_a,5,0.86,600000,27537,17565
A_hat,binary_relevance_probe,LED_a,5,0.8625,600000,26949,17217
A_hat,binary_relevance_probe,LED_a,5,0.865,600000,26351,16827
A_hat,binary_relevance_probe,LED_a,5,0.8675,600000,25723,16483
A_hat,binary_relevance_probe,LED_a,5,0.87,600000,25110,16105
A_hat,binary_relevance_probe,LED_a,5,0.8725,600000,24527,15749
A_hat,binary_relevance_probe,LED_a,5,0.875,600000,23898,15347
A_hat,binary_relevance_probe,LED_a,5,0.8775,600000,23316,15001
A_hat,binary_relevance_probe,LED_a,5,0.88,600000,22747,14643
A_hat,binary_relevance_probe,LED_a,5,0.8825,600000,22194,14318
A_hat,binary_relevance_probe,LED_a,5,0.885,600000,21620,13954
A_hat,binary_relevance_probe,LED_a,5,0.8875,600000,21055,13620
A_hat,binary_relevance_probe,LED_a,5,0.89,600000,20486,13274
A_hat,binary_relevance_probe,LED_a,5,0.8925,600000,19947,12921
A_hat,binary_relevance_probe,LED_a,5,0.895,600000,19391,12556
A_hat,binary_relevance_probe,LED_a,5,0.8975,600000,18850,12209
A_hat,binary_relevance_probe,LED_a,5,0.9,600000,18328,11868
A_hat,binary_relevance_probe,LED_a,5,0.9025,600000,17806,11528
A_hat,binary_relevance_probe,LED_a,5,0.905,600000,17284,11200
A_hat,binary_relevance_probe,LED_a,5,0.9075,600000,16716,10835
A_hat,binary_relevance_probe,LED_a,5,0.91,600000,16205,10488
A_hat,binary_relevance_probe,LED_a,5,0.9125,600000,15685,10139
A_hat,binary_relevance_probe,LED_a,5,0.915,600000,15167,9800
A_hat,binary_relevance_probe,LED_a,5,0.9175,600000,14658,9465
A_hat,binary_relevance_probe,LED_a,5,0.92,600000,14175,9137
A_hat,binary_relevance_probe,LED_a,5,0.9225,600000,13712,8843
A_hat,binary_relevance_probe,LED_a,5,0.925,600000,13183,8515
A_hat,binary_relevance_probe,LED_a,5,0.9275,600000,12663,8162
A_hat,binary_relevance_probe,LED_a,5,0.93,600000,12187,7819
A_hat,binary_relevance_probe,LED_a,5,0.9325,600000,11694,7505
A_hat,binary_relevance_probe,LED_a,5,0.935,600000,11227,7195
A_hat,binary_relevance_probe,LED_a,5,0.9375,600000,10824,6916
A_hat,binary_relevance_probe,LED_a,5,0.94,600000,10396,6648
A_hat,binary_relevance_probe,LED_a,5,0.9425,600000,9957,6335
A_hat,binary_relevance_probe,LED_a,5,0.945,600000,9508,6027
A_hat,binary_relevance_probe,LED_a,5,0.9475,600000,9093,5760
A_hat,binary_relevance_probe,LED_a,5,0.95,600000,8687,5502
A_hat,binary_relevance_probe,LED_a,5,0.9525,600000,8286,5225
A_hat,binary_relevance_probe,LED_a,5,0.955,600000,7899,4963
A_hat,binary_relevance_probe,LED_a,5,0.9575,600000,7515,4700
A_hat,binary_relevance_probe,LED_a,5,0.96,600000,7157,4468
A_hat,binary_relevance_probe,LED_a,5,0.9625,600000,6801,4222
A_hat,binary_relevance_probe,LED_a,5,0.965,600000,6447,3988
A_hat,binary_relevance_probe,LED_a,5,0.9675,600000,6132,3774
A_hat,binary_relevance_probe,LED_a,5,0.97,600000,5812,3552
A_hat,binary_relevance_probe,LED_a,5,0.9725,600000,5471,3323
A_hat,binary_relevance_probe,LED_a,5,0.975,600000,5150,3100
A_hat,binary_relevance_probe,LED_a,5,0.9775,600000,4809,2868
A_hat,binary_relevance_probe,LED_a,5,0.98,600000,4463,2621
A_hat,binary_relevance_probe,LED_a,5,0.9825,600000,4148,2406
A_hat,binary_relevance_probe,LED_a,5,0.985,600000,3829,2195
A_hat,binary_relevance_probe,LED_a,5,0.9875,600000,3496,1966
A_hat,binary_relevance_probe,LED_a,5,0.99,600000,3186,1761
A_hat,binary_relevance_probe,LED_a,5,0.9925,600000,2849,1544
A_hat,binary_relevance_probe,LED_a,5,0.995,600000,2472,1298
A_hat,binary_relevance_probe,LED_a,5,0.9975,600000,1999,1011
A_hat,binary_relevance_probe,LED_a,5,1.0,600000,83,41
M,high_order,LED_g,5,0.7,150000,35050,19738
M,high_order,LED_g,5,0.7025,150000,34707,19540
M,high_order,LED_g,5,0.705,150000,34311,19297
M,high_order,LED_g,5,0.7075,150000,33908,19062
M,high_order,LED_g,5,0.71,150000,33556,18840
M,high_order,LED_g,5,0.7125,150000,33188,18618
M,high_order,LED_g,5,0.715,150000,32828,18414
M,high_order,LED_g,5,0.7175,150000,32486,18206
M,high_order,LED_g,5,0.72,150000,32132,17994
M,high_order,LED_g,5,0.7225,150000,31836,17827
M,high_order,LED_g,5,0.725,150000,31584,17684
M,high_order,LED_g,5,0.7275,150000,31274,17497
M,high_order,LED_g,5,0.73,150000,30986,17324
M,high_order,LED_g,5,0.7325,150000,30691,17132
M,high_order,LED_g,5,0.735,150000,30384,16926
M,high_order,LED_g,5,0.7375,150000,30096,16755
M,high_order,LED_g,5,0.74,150000,29809,16567
M,high_order,LED_g,5,0.7425,150000,29580,16420
M,high_order,LED_g,5,0.745,150000,29339,16279
M,high_order,LED_g,5,0.7475,150000,29063,16092
M,high_order,LED_g,5,0.75,150000,28794,15929
M,high_order,LED_g,5,0.7525,150000,28516,15771
M,high_order,LED_g,5,0.755,150000,28232,15597
M,high_order,LED_g,5,0.7575,150000,27958,15428
M,high_order,LED_g,5,0.76,150000,27660,15250
M,high_order,LED_g,5,0.7625,150000,27377,15080
M,high_order,LED_g,5,0.765,150000,27102,14920
M,high_order,LED_g,5,0.7675,150000,26854,14773
M,high_order,LED_g,5,0.77,150000,26618,14628
M,high_order,LED_g,5,0.7725,150000,26381,14490
M,high_order,LED_g,5,0.775,150000,26131,14334
M,high_order,LED_g,5,0.7775,150000,25895,14180
M,high_order,LED_g,5,0.78,150000,25678,14053
M,high_order,LED_g,5,0.7825,150000,25436,13914
M,high_order,LED_g,5,0.785,150000,25202,13769
M,high_order,LED_g,5,0.7875,150000,24972,13623
M,high_order,LED_g,5,0.79,150000,24737,13484
M,high_order,LED_g,5,0.7925,150000,24482,13314
M,high_order,LED_g,5,0.795,150000,24193,13128
M,high_order,LED_g,5,0.7975,150000,23909,12946
M,high_order,LED_g,5,0.8,150000,23605,12732
M,high_order,LED_g,5,0.8025,150000,23325,12547
M,high_order,LED_g,5,0.805,150000,23111,12406
M,high_order,LED_g,5,0.8075,150000,22888,12262
M,high_order,LED_g,5,0.81,150000,22664,12124
M,high_order,LED_g,5,0.8125,150000,22420,11982
M,high_order,LED_g,5,0.815,150000,22220,11854
M,high_order,LED_g,5,0.8175,150000,22018,11723
M,high_order,LED_g,5,0.82,150000,21809,11596
M,high_order,LED_g,5,0.8225,150000,21596,11456
M,high_order,LED_g,5,0.825,150000,21378,11302
M,high_order,LED_g,5,0.8275,150000,21177,11168
M,high_order,LED_g,5,0.83,150000,21012,11071
M,high_order,LED_g,5,0.8325,150000,20833,10965
M,high_order,LED_g,5,0.835,150000,20660,10851
M,high_order,LED_g,5,0.8375,150000,20445,10710
M,high_order,LED_g,5,0.84,150000,20213,10563
M,high_order,LED_g,5,0.8425,150000,19974,10414
M,high_order,LED_g,5,0.845,150000,19798,10313
M,high_order,LED_g,5,0.8475,150000,19589,10182
M,high_order,LED_g,5,0.85,150000,19368,10038
M,high_order,LED_g,5,0.8525,150000,19179,9920
M,high_order,LED_g,5,0.855,150000,18998,9801
M,high_order,LED_g,5,0.8575,150000,18815,9683
M,high_order,LED_g,5,0.86,150000,18649,9591
M,high_order,LED_g,5,0.8625,150000,18486,9493
M,high_order,LED_g,5,0.865,150000,18327,9398
M,high_order,LED_g,5,0.8675,150000,18159,9290
M,high_order,LED_g,5,0.87,150000,18036,9211
M,high_order,LED_g,5,0.8725,150000,17889,9126
M,high_order,LED_g,5,0.875,150000,17735,9033
M,high_order,LED_g,5,0.8775,150000,17595,8955
M,high_order,LED_g,5,0.88,150000,17428,8854
M,high_order,LED_g,5,0.8825,150000,17280,8764
M,high_order,LED_g,5,0.885,150000,17139,8689
M,high_order,LED_g,5,0.8875,150000,16999,8615
M,high_order,LED_g,5,0.89,150000,16889,8567
M,high_order,LED_g,5,0.8925,150000,16747,8488
M,high_order,LED_g,5,0.895,150000,16599,8407
M,high_order,LED_g,5,0.8975,150000,16464,8335
M,high_order,LED_g,5,0.9,150000,16311,8250
M,high_order,LED_g,5,0.9025,150000,16151,8152
M,high_order,LED_g,5,0.905,150000,15989,8046
M,high_order,LED_g,5,0.9075,150000,15855,7970
M,high_order,LED_g,5,0.91,150000,15720,7887
M,high_order,LED_g,5,0.9125,150000,15565,7797
M,high_order,LED_g,5,0.915,150000,15408,7701
M,high_order,LED_g,5,0.9175,150000,15214,7594
M,high_order,LED_g,5,0.92,150000,15064,7516
M,high_order,LED_g,5,0.9225,150000,14934,7451
M,high_order,LED_g,5,0.925,150000,14784,7359
M,high_order,LED_g,5,0.9275,150000,14644,7270
M,high_order,LED_g,5,0.93,150000,14483,7168
M,high_order,LED_g,5,0.9325,150000,14336,7084
M,high_order,LED_g,5,0.935,150000,14192,7012
M,high_order,LED_g,5,0.9375,150000,13992,6891
M,high_order,LED_g,5,0.94,150000,13838,6811
M,high_order,LED_g,5,0.9425,150000,13672,6704
M,high_order,LED_g,5,0.945,150000,13485,6586
M,high_order,LED_g,5,0.9475,150000,13313,6497
M,high_order,LED_g,5,0.95,150000,13193,6425
M,high_order,LED_g,5,0.9525,150000,13036,6330
M,high_order,LED_g,5,0.955,150000,12874,6238
M,high_order,LED_g,5,0.9575,150000,12705,6136
M,high_order,LED_g,5,0.96,150000,12561,6056
M,high_order,LED_g,5,0.9625,150000,12421,5974
M,high_order,LED_g,5,0.965,150000,12266,5884
M,high_order,LED_g,5,0.9675,150000,12106,5797
M,high_order,LED_g,5,0.97,150000,11929,5697
M,high_order,LED_g,5,0.9725,150000,11737,5599
M,high_order,LED_g,5,0.975,150000,11537,5485
M,high_order,LED_g,5,0.9775,150000,11338,5378
M,high_order,LED_g,5,0.98,150000,11092,5256
M,high_order,LED_g,5,0.9825,150000,10894,5167
M,high_order,LED_g,5,0.985,150000,10646,5029
M,high_order,LED_g,5,0.9875,150000,10399,4901
M,high_order,LED_g,5,0.99,150000,10140,4762
M,high_order,LED_g,5,0.9925,150000,9872,4624
M,high_order,LED_g,5,0.995,150000,9539,4452
M,high_order,LED_g,5,0.9975,150000,9092,4236
M,high_order,LED_g,5,1.0,150000,7379,3391
c,high_order,LED_g,5,0.7,150000,27539,23172
c,high_order,LED_g,5,0.7025,150000,27539,23172
c,high_order,LED_g,5,0.705,150000,27539,23172
c,high_order,LED_g,5,0.7075,150000,27539,23172
c,high_order,LED_g,5,0.71,150000,27539,23172
c,high_order,LED_g,5,0.7125,150000,27539,23172
c,high_order,LED_g,5,0.715,150000,27539,23172
c,high_order,LED_g,5,0.7175,150000,27539,23172
c,high_order,LED_g,5,0.72,150000,27539,23172
c,high_order,LED_g,5,0.7225,150000,27539,23172
c,high_order,LED_g,5,0.725,150000,22314,18983
c,high_order,LED_g,5,0.7275,150000,22314,18983
c,high_order,LED_g,5,0.73,150000,22314,18983
c,high_order,LED_g,5,0.7325,150000,22314,18983
c,high_order,LED_g,5,0.735,150000,22314,18983
c,high_order,LED_g,5,0.7375,150000,22314,18983
c,high_order,LED_g,5,0.74,150000,22314,18983
c,high_order,LED_g,5,0.7425,150000,22314,18983
c,high_order,LED_g,5,0.745,150000,22314,18983
c,high_order,LED_g,5,0.7475,150000,22314,18983
c,high_order,LED_g,5,0.75,150000,22314,18983
c,high_order,LED_g,5,0.7525,150000,22314,18983
c,high_order,LED_g,5,0.755,150000,22314,18983
c,high_order,LED_g,5,0.7575,150000,22314,18983
c,high_order,LED_g,5,0.76,150000,17588,15121
c,high_order,LED_g,5,0.7625,150000,17588,15121
c,high_order,LED_g,5,0.765,150000,17588,15121
c,high_order,LED_g,5,0.7675,150000,17588,15121
c,high_order,LED_g,5,0.77,150000,17588,15121
c,high_order,LED_g,5,0.7725,150000,17588,15121
c,high_order,LED_g,5,0.775,150000,17588,15121
c,high_order,LED_g,5,0.7775,150000,17588,15121
c,high_order,LED_g,5,0.78,150000,17588,15121
c,high_order,LED_g,5,0.7825,150000,17588,15121
c,high_order,LED_g,5,0.785,150000,17588,15121
c,high_order,LED_g,5,0.7875,150000,17588,15121
c,high_order,LED_g,5,0.79,150000,17588,15121
c,high_order,LED_g,5,0.7925,150000,17588,15121
c,high_order,LED_g,5,0.795,150000,13421,11688
c,high_order,LED_g,5,0.7975,150000,13421,11688
c,high_order,LED_g,5,0.8,150000,13421,11688
c,high_order,LED_g,5,0.8025,150000,13421,11688
c,high_order,LED_g,5,0.805,150000,13421,11688
c,high_order,LED_g,5,0.8075,150000,13421,11688
c,high_order,LED_g,5,0.81,150000,13421,11688
c,high_order,LED_g,5,0.8125,150000,13421,11688
c,high_order,LED_g,5,0.815,150000,13421,11688
c,high_order,LED_g,5,0.8175,150000,13421,11688
c,high_order,LED_g,5,0.82,150000,13421,11688
c,high_order,LED_g,5,0.8225,150000,13421,11688
c,high_order,LED_g,5,0.825,150000,13421,11688
c,high_order,LED_g,5,0.8275,150000,13421,11688
c,high_order,LED_g,5,0.83,150000,9786,8596
c,high_order,LED_g,5,0.8325,150000,9786,8596
c,high_order,LED_g,5,0.835,150000,9786,8596
c,high_order,LED_g,5,0.8375,150000,9786,8596
c,high_order,LED_g,5,0.84,150000,9786,8596
c,high_order,LED_g,5,0.8425,150000,9786,8596
c,high_order,LED_g,5,0.845,150000,9786,8596
c,high_order,LED_g,5,0.8475,150000,9786,8596
c,high_order,LED_g,5,0.85,150000,9786,8596
c,high_order,LED_g,5,0.8525,150000,9786,8596
c,high_order,LED_g,5,0.855,150000,9786,8596
c,high_order,LED_g,5,0.8575,150000,9786,8596
c,high_order,LED_g,5,0.86,150000,9786,8596
c,high_order,LED_g,5,0.8625,150000,6708,5978
c,high_order,LED_g,5,0.865,150000,6708,5978
c,high_order,LED_g,5,0.8675,150000,6708,5978
c,high_order,LED_g,5,0.87,150000,6708,5978
c,high_order,LED_g,5,0.8725,150000,6708,5978
c,high_order,LED_g,5,0.875,150000,6708,5978
c,high_order,LED_g,5,0.8775,150000,6708,5978
c,high_order,LED_g,5,0.88,150000,6708,5978
c,high_order,LED_g,5,0.8825,150000,6708,5978
c,high_order,LED_g,5,0.885,150000,6708,5978
c,high_order,LED_g,5,0.8875,150000,6708,5978
c,high_order,LED_g,5,0.89,150000,6708,5978
c,high_order,LED_g,5,0.8925,150000,6708,5978
c,high_order,LED_g,5,0.895,150000,6708,5978
c,high_order,LED_g,5,0.8975,150000,4382,4008
c,high_order,LED_g,5,0.9,150000,4382,4008
c,high_order,LED_g,5,0.9025,150000,4382,4008
c,high_order,LED_g,5,0.905,150000,4382,4008
c,high_order,LED_g,5,0.9075,150000,4382,4008
c,high_order,LED_g,5,0.91,150000,4382,4008
c,high_order,LED_g,5,0.9125,150000,4382,4008
c,high_order,LED_g,5,0.915,150000,4382,4008
c,high_order,LED_g,5,0.9175,150000,4382,4008
c,high_order,LED_g,5,0.92,150000,4382,4008
c,high_order,LED_g,5,0.9225,150000,4382,4008
c,high_order,LED_g,5,0.925,150000,4382,4008
c,high_order,LED_g,5,0.9275,150000,4382,4008
c,high_order,LED_g,5,0.93,150000,4382,4008
c,high_order,LED_g,5,0.9325,150000,2539,2368
c,high_order,LED_g,5,0.935,150000,2539,2368
c,high_order,LED_g,5,0.9375,150000,2539,2368
c,high_order,LED_g,5,0.94,150000,2539,2368
c,high_order,LED_g,5,0.9425,150000,2539,2368
c,high_order,LED_g,5,0.945,150000,2539,2368
c,high_order,LED_g,5,0.9475,150000,2539,2368
c,high_order,LED_g,5,0.95,150000,2539,2368
c,high_order,LED_g,5,0.9525,150000,2539,2368
c,high_order,LED_g,5,0.955,150000,2539,2368
c,high_order,LED_g,5,0.9575,150000,2539,2368
c,high_order,LED_g,5,0.96,150000,2539,2368
c,high_order,LED_g,5,0.9625,150000,2539,2368
c,high_order,LED_g,5,0.965,150000,2539,2368
c,high_order,LED_g,5,0.9675,150000,992,941
c,high_order,LED_g,5,0.97,150000,992,941
c,high_order,LED_g,5,0.9725,150000,992,941
c,high_order,LED_g,5,0.975,150000,992,941
c,high_order,LED_g,5,0.9775,150000,992,941
c,high_order,LED_g,5,0.98,150000,992,941
c,high_order,LED_g,5,0.9825,150000,992,941
c,high_order,LED_g,5,0.985,150000,992,941
c,high_order,LED_g,5,0.9875,150000,992,941
c,high_order,LED_g,5,0.99,150000,992,941
c,high_order,LED_g,5,0.9925,150000,992,941
c,high_order,LED_g,5,0.995,150000,992,941
c,high_order,LED_g,5,0.9975,150000,992,941
c,high_order,LED_g,5,1.0,150000,992,941
A_hat,high_order,LED_g,5,0.7,150000,33145,18186
A_hat,high_order,LED_g,5,0.7025,150000,32866,18030
A_hat,high_order,LED_g,5,0.705,150000,32590,17886
A_hat,high_order,LED_g,5,0.7075,150000,32291,17751
A_hat,high_order,LED_g,5,0.71,150000,32001,17597
A_hat,high_order,LED_g,5,0.7125,150000,31690,17447
A_hat,high_order,LED_g,5,0.715,150000,31450,17322
A_hat,high_order,LED_g,5,0.7175,150000,31165,17175
A_hat,high_order,LED_g,5,0.72,150000,30876,17033
A_hat,high_order,LED_g,5,0.7225,150000,30596,16896
A_hat,high_order,LED_g,5,0.725,150000,30307,16742
A_hat,high_order,LED_g,5,0.7275,150000,30018,16595
A_hat,high_order,LED_g,5,0.73,150000,29732,16441
A_hat,high_order,LED_g,5,0.7325,150000,29465,16304
A_hat,high_order,LED_g,5,0.735,150000,29192,16173
A_hat,high_order,LED_g,5,0.7375,150000,28888,16025
A_hat,high_order,LED_g,5,0.74,150000,28595,15883
A_hat,high_order,LED_g,5,0.7425,150000,28314,15752
A_hat,high_order,LED_g,5,0.745,150000,28049,15616
A_hat,high_order,LED_g,5,0.7475,150000,27772,15474
A_hat,high_order,LED_g,5,0.75,150000,27474,15321
A_hat,high_order,LED_g,5,0.7525,150000,27193,15178
A_hat,high_order,LED_g,5,0.755,150000,26893,15032
A_hat,high_order,LED_g,5,0.7575,150000,26588,14878
A_hat,high_order,LED_g,5,0.76,150000,26307,14743
A_hat,high_order,LED_g,5,0.7625,150000,26037,14604
A_hat,high_order,LED_g,5,0.765,150000,25759,14454
A_hat,high_order,LED_g,5,0.7675,150000,25463,14283
A_hat,high_order,LED_g,5,0.77,150000,25202,14150
A_hat,high_order,LED_g,5,0.7725,150000,24936,14021
A_hat,high_order,LED_g,5,0.775,150000,24665,13867
A_hat,high_order,LED_g,5,0.7775,150000,24375,13728
A_hat,high_order,LED_g,5,0.78,150000,24053,13560
A_hat,high_order,LED_g,5,0.7825,150000,23774,13424
A_hat,high_order,LED_g,5,0.785,150000,23504,13269
A_hat,high_order,LED_g,5,0.7875,150000,23239,13127
A_hat,high_order,LED_g,5,0.79,150000,22972,12999
A_hat,high_order,LED_g,5,0.7925,150000,22711,12862
A_hat,high_order,LED_g,5,0.795,150000,22447,12743
A_hat,high_order,LED_g,5,0.7975,150000,22157,12600
A_hat,high_order,LED_g,5,0.8,150000,21870,12444
A_hat,high_order,LED_g,5,0.8025,150000,21581,12289
A_hat,high_order,LED_g,5,0.805,150000,21311,12147
A_hat,high_order,LED_g,5,0.8075,150000,21000,11987
A_hat,high_order,LED_g,5,0.81,150000,20727,11859
A_hat,high_order,LED_g,5,0.8125,150000,20488,11719
A_hat,high_order,LED_g,5,0.815,150000,20212,11572
A_hat,high_order,LED_g,5,0.8175,150000,19958,11452
A_hat,high_order,LED_g,5,0.82,150000,19670,11303
A_hat,high_order,LED_g,5,0.8225,150000,19362,11146
A_hat,high_order,LED_g,5,0.825,150000,19103,11006
A_hat,high_order,LED_g,5,0.8275,150000,18817,10864
A_hat,high_order,LED_g,5,0.83,150000,18563,10731
A_hat,high_order,LED_g,5,0.8325,150000,18295,10591
A_hat,high_order,LED_g,5,0.835,150000,18051,10472
A_hat,high_order,LED_g,5,0.8375,150000,17823,10333
A_hat,high_order,LED_g,5,0.84,150000,17575,10199
A_hat,high_order,LED_g,5,0.8425,150000,17318,10070
A_hat,high_order,LED_g,5,0.845,150000,17060,9933
A_hat,high_order,LED_g,5,0.8475,150000,16788,9780
A_hat,high_order,LED_g,5,0.85,150000,16519,9636
A_hat,high_order,LED_g,5,0.8525,150000,16248,9485
A_hat,high_order,LED_g,5,0.855,150000,15995,9347
A_hat,high_order,LED_g,5,0.8575,150000,15738,9211
A_hat,high_order,LED_g,5,0.86,150000,15476,9059
A_hat,high_order,LED_g,5,0.8625,150000,15238,8929
A_hat,high_order,LED_g,5,0.865,150000,14973,8795
A_hat,high_order,LED_g,5,0.8675,150000,14699,8636
A_hat,high_order,LED_g,5,0.87,150000,14412,8478
A_hat,high_order,LED_g,5,0.8725,150000,14152,8323
A_hat,high_order,LED_g,5,0.875,150000,13891,8168
A_hat,high_order,LED_g,5,0.8775,150000,13626,8012
A_hat,high_order,LED_g,5,0.88,150000,13338,7865
A_hat,high_order,LED_g,5,0.8825,150000,13066,7709
A_hat,high_order,LED_g,5,0.885,150000,12803,7557
A_hat,high_order,LED_g,5,0.8875,150000,12518,7413
A_hat,high_order,LED_g,5,0.89,150000,12265,7282
A_hat,high_order,LED_g,5,0.8925,150000,11996,7148
A_hat,high_order,LED_g,5,0.895,150000,11711,6995
A_hat,high_order,LED_g,5,0.8975,150000,11464,6872
A_hat,high_order,LED_g,5,0.9,150000,11207,6732
A_hat,high_order,LED_g,5,0.9025,150000,10945,6580
A_hat,high_order,LED_g,5,0.905,150000,10682,6433
A_hat,high_order,LED_g,5,0.9075,150000,10430,6289
A_hat,high_order,LED_g,5,0.91,150000,10179,6132
A_hat,high_order,LED_g,5,0.9125,150000,9914,5968
A_hat,high_order,LED_g,5,0.915,150000,9656,5810
A_hat,high_order,LED_g,5,0.9175,150000,9430,5697
A_hat,high_order,LED_g,5,0.92,150000,9171,5541
A_hat,high_order,LED_g,5,0.9225,150000,8950,5403
A_hat,high_order,LED_g,5,0.925,150000,8732,5286
A_hat,high_order,LED_g,5,0.9275,150000,8515,5167
A_hat,high_order,LED_g,5,0.93,150000,8259,5017
A_hat,high_order,LED_g,5,0.9325,150000,8010,4877
A_hat,high_order,LED_g,5,0.935,150000,7764,4727
A_hat,high_order,LED_g,5,0.9375,150000,7513,4576
A_hat,high_order,LED_g,5,0.94,150000,7285,4453
A_hat,high_order,LED_g,5,0.9425,150000,7042,4305
A_hat,high_order,LED_g,5,0.945,150000,6782,4145
A_hat,high_order,LED_g,5,0.9475,150000,6528,3992
A_hat,high_order,LED_g,5,0.95,150000,6305,3866
A_hat,high_order,LED_g,5,0.9525,150000,6060,3715
A_hat,high_order,LED_g,5,0.955,150000,5812,3562
A_hat,high_order,LED_g,5,0.9575,150000,5569,3416
A_hat,high_order,LED_g,5,0.96,150000,5335,3270
A_hat,high_order,LED_g,5,0.9625,150000,5099,3128
A_hat,high_order,LED_g,5,0.965,150000,4844,2974
A_hat,high_order,LED_g,5,0.9675,150000,4585,2802
A_hat,high_order,LED_g,5,0.97,150000,4315,2647
A_hat,high_order,LED_g,5,0.9725,150000,4040,2481
A_hat,high_order,LED_g,5,0.975,150000,3771,2324
A_hat,high_order,LED_g,5,0.9775,150000,3515,2174
A_hat,high_order,LED_g,5,0.98,150000,3217,2005
A_hat,high_order,LED_g,5,0.9825,150000,2923,1837
A_hat,high_order,LED_g,5,0.985,150000,2611,1645
A_hat,high_order,LED_g,5,0.9875,150000,2260,1424
A_hat,high_order,LED_g,5,0.99,150000,1889,1191
A_hat,high_order,LED_g,5,0.9925,150000,1523,976
A_hat,high_order,LED_g,5,0.995,150000,1119,714
A_hat,high_order,LED_g,5,0.9975,150000,623,401
A_hat,high_order,LED_g,5,1.0,150000,0,0
C,high_order,LED_g,5,0.7,150000,22538,15018
C,high_order,LED_g,5,0.7025,150000,22230,14823
C,high_order,LED_g,5,0.705,150000,21900,14615
C,high_order,LED_g,5,0.7075,150000,21552,14377
C,high_order,LED_g,5,0.71,150000,21213,14165
C,high_order,LED_g,5,0.7125,150000,20893,13959
C,high_order,LED_g,5,0.715,150000,20558,13753
C,high_order,LED_g,5,0.7175,150000,20214,13511
C,high_order,LED_g,5,0.72,150000,19892,13295
C,high_order,LED_g,5,0.7225,150000,19560,13092
C,high_order,LED_g,5,0.725,150000,19239,12896
C,high_order,LED_g,5,0.7275,150000,18913,12694
C,high_order,LED_g,5,0.73,150000,18592,12493
C,high_order,LED_g,5,0.7325,150000,18280,12296
C,high_order,LED_g,5,0.735,150000,18007,12129
C,high_order,LED_g,5,0.7375,150000,17676,11922
C,high_order,LED_g,5,0.74,150000,17344,11702
C,high_order,LED_g,5,0.7425,150000,17041,11510
C,high_order,LED_g,5,0.745,150000,16737,11327
C,high_order,LED_g,5,0.7475,150000,16446,11141
C,high_order,LED_g,5,0.75,150000,16141,10948
C,high_order,LED_g,5,0.7525,150000,15858,10764
C,high_order,LED_g,5,0.755,150000,15580,10568
C,high_order,LED_g,5,0.7575,150000,15246,10354
C,high_order,LED_g,5,0.76,150000,14975,10182
C,high_order,LED_g,5,0.7625,150000,14668,9973
C,high_order,LED_g,5,0.765,150000,14360,9776
C,high_order,LED_g,5,0.7675,150000,14095,9598
C,high_order,LED_g,5,0.77,150000,13800,9397
C,high_order,LED_g,5,0.7725,150000,13534,9227
C,high_order,LED_g,5,0.775,150000,13241,9042
C,high_order,LED_g,5,0.7775,150000,12955,8843
C,high_order,LED_g,5,0.78,150000,12690,8661
C,high_order,LED_g,5,0.7825,150000,12365,8430
C,high_order,LED_g,5,0.785,150000,12112,8258
C,high_order,LED_g,5,0.7875,150000,11848,8078
C,high_order,LED_g,5,0.79,150000,11560,7878
C,high_order,LED_g,5,0.7925,150000,11269,7691
C,high_order,LED_g,5,0.795,150000,10985,7505
C,high_order,LED_g,5,0.7975,150000,10737,7335
C,high_order,LED_g,5,0.8,150000,10472,7156
C,high_order,LED_g,5,0.8025,150000,10239,6994
C,high_order,LED_g,5,0.805,150000,9971,6810
C,high_order,LED_g,5,0.8075,150000,9752,6664
C,high_order,LED_g,5,0.81,150000,9501,6492
C,high_order,LED_g,5,0.8125,150000,9244,6314
C,high_order,LED_g,5,0.815,150000,8997,6135
C,high_order,LED_g,5,0.8175,150000,8755,5970
C,high_order,LED_g,5,0.82,150000,8547,5818
C,high_order,LED_g,5,0.8225,150000,8334,5673
C,high_order,LED_g,5,0.825,150000,8145,5539
C,high_order,LED_g,5,0.8275,150000,7927,5383
C,high_order,LED_g,5,0.83,150000,7718,5230
C,high_order,LED_g,5,0.8325,150000,7509,5087
C,high_order,LED_g,5,0.835,150000,7300,4945
C,high_order,LED_g,5,0.8375,150000,7092,4807
C,high_order,LED_g,5,0.84,150000,6893,4668
C,high_order,LED_g,5,0.8425,150000,6686,4519
C,high_order,LED_g,5,0.845,150000,6505,4390
C,high_order,LED_g,5,0.8475,150000,6330,4269
C,high_order,LED_g,5,0.85,150000,6178,4172
C,high_order,LED_g,5,0.8525,150000,5976,4024
C,high_order,LED_g,5,0.855,150000,5779,3891
C,high_order,LED_g,5,0.8575,150000,5612,3790
C,high_order,LED_g,5,0.86,150000,5458,3692
C,high_order,LED_g,5,0.8625,150000,5298,3570
C,high_order,LED_g,5,0.865,150000,5149,3468
C,high_order,LED_g,5,0.8675,150000,4966,3342
C,high_order,LED_g,5,0.87,150000,4814,3231
C,high_order,LED_g,5,0.8725,150000,4646,3112
C,high_order,LED_g,5,0.875,150000,4510,3020
C,high_order,LED_g,5,0.8775,150000,4381,2940
C,high_order,LED_g,5,0.88,150000,4234,2842
C,high_order,LED_g,5,0.8825,150000,4072,2729
C,high_order,LED_g,5,0.885,150000,3943,2639
C,high_order,LED_g,5,0.8875,150000,3812,2560
C,high_order,LED_g,5,0.89,150000,3675,2473
C,high_order,LED_g,5,0.8925,150000,3562,2391
C,high_order,LED_g,5,0.895,150000,3432,2303
C,high_order,LED_g,5,0.8975,150000,3313,2216
C,high_order,LED_g,5,0.9,150000,3200,2134
C,high_order,LED_g,5,0.9025,150000,3088,2065
C,high_order,LED_g,5,0.905,150000,2989,2002
C,high_order,LED_g,5,0.9075,150000,2892,1942
C,high_order,LED_g,5,0.91,150000,2794,1885
C,high_order,LED_g,5,0.9125,150000,2691,1821
C,high_order,LED_g,5,0.915,150000,2607,1761
C,high_order,LED_g,5,0.9175,150000,2494,1679
C,high_order,LED_g,5,0.92,150000,2394,1615
C,high_order,LED_g,5,0.9225,150000,2292,1555
C,high_order,LED_g,5,0.925,150000,2189,1480
C,high_order,LED_g,5,0.9275,150000,2097,1418
C,high_order,LED_g,5,0.93,150000,1997,1349
C,high_order,LED_g,5,0.9325,150000,1899,1291
C,high_order,LED_g,5,0.935,150000,1824,1246
C,high_order,LED_g,5,0.9375,150000,1735,1185
C,high_order,LED_g,5,0.94,150000,1652,1124
C,high_order,LED_g,5,0.9425,150000,1571,1072
C,high_order,LED_g,5,0.945,150000,1473,992
C,high_order,LED_g,5,0.9475,150000,1395,936
C,high_order,LED_g,5,0.95,150000,1306,879
C,high_order,LED_g,5,0.9525,150000,1225,815
C,high_order,LED_g,5,0.955,150000,1159,773
C,high_order,LED_g,5,0.9575,150000,1080,716
C,high_order,LED_g,5,0.96,150000,1009,663
C,high_order,LED_g,5,0.9625,150000,941,617
C,high_order,LED_g,5,0.965,150000,875,572
C,high_order,LED_g,5,0.9675,150000,810,527
C,high_order,LED_g,5,0.97,150000,749,491
C,high_order,LED_g,5,0.9725,150000,678,447
C,high_order,LED_g,5,0.975,150000,599,394
C,high_order,LED_g,5,0.9775,150000,547,359
C,high_order,LED_g,5,0.98,150000,484,308
C,high_order,LED_g,5,0.9825,150000,429,269
C,high_order,LED_g,5,0.985,150000,368,231
C,high_order,LED_g,5,0.9875,150000,319,197
C,high_order,LED_g,5,0.99,150000,268,166
C,high_order,LED_g,5,0.9925,150000,194,113
C,high_order,LED_g,5,0.995,150000,150,87
C,high_order,LED_g,5,0.9975,150000,83,47
C,high_order,LED_g,5,1.0,150000,0,0
C,binary_relevance,LED_g,5,0.7,150000,11418,7490
C,binary_relevance,LED_g,5,0.7025,150000,11185,7346
C,binary_relevance,LED_g,5,0.705,150000,10959,7206
C,binary_relevance,LED_g,5,0.7075,150000,10745,7084
C,binary_relevance,LED_g,5,0.71,150000,10521,6947
C,binary_relevance,LED_g,5,0.7125,150000,10341,6841
C,binary_relevance,LED_g,5,0.715,150000,10120,6694
C,binary_relevance,LED_g,5,0.7175,150000,9919,6564
C,binary_relevance,LED_g,5,0.72,150000,9719,6440
C,binary_relevance,LED_g,5,0.7225,150000,9523,6307
C,binary_relevance,LED_g,5,0.725,150000,9301,6177
C,binary_relevance,LED_g,5,0.7275,150000,9100,6050
C,binary_relevance,LED_g,5,0.73,150000,8886,5914
C,binary_relevance,LED_g,5,0.7325,150000,8665,5777
C,binary_relevance,LED_g,5,0.735,150000,8454,5648
C,binary_relevance,LED_g,5,0.7375,150000,8217,5491
C,binary_relevance,LED_g,5,0.74,150000,8012,5361
C,binary_relevance,LED_g,5,0.7425,150000,7805,5226
C,binary_relevance,LED_g,5,0.745,150000,7574,5077
C,binary_relevance,LED_g,5,0.7475,150000,7371,4945
C,binary_relevance,LED_g,5,0.75,150000,7156,4797
C,binary_relevance,LED_g,5,0.7525,150000,6955,4661
C,binary_relevance,LED_g,5,0.755,150000,6749,4516
C,binary_relevance,LED_g,5,0.7575,150000,6529,4370
C,binary_relevance,LED_g,5,0.76,150000,6343,4243
C,binary_relevance,LED_g,5,0.7625,150000,6161,4116
C,binary_relevance,LED_g,5,0.765,150000,5988,4001
C,binary_relevance,LED_g,5,0.7675,150000,5806,3879
C,binary_relevance,LED_g,5,0.77,150000,5614,3755
C,binary_relevance,LED_g,5,0.7725,150000,5457,3654
C,binary_relevance,LED_g,5,0.775,150000,5317,3561
C,binary_relevance,LED_g,5,0.7775,150000,5176,3471
C,binary_relevance,LED_g,5,0.78,150000,5002,3355
C,binary_relevance,LED_g,5,0.7825,150000,4871,3268
C,binary_relevance,LED_g,5,0.785,150000,4717,3175
C,binary_relevance,LED_g,5,0.7875,150000,4577,3088
C,binary_relevance,LED_g,5,0.79,150000,4461,3016
C,binary_relevance,LED_g,5,0.7925,150000,4354,2952
C,binary_relevance,LED_g,5,0.795,150000,4232,2873
C,binary_relevance,LED_g,5,0.7975,150000,4105,2783
C,binary_relevance,LED_g,5,0.8,150000,3973,2691
C,binary_relevance,LED_g,5,0.8025,150000,3858,2615
C,binary_relevance,LED_g,5,0.805,150000,3739,2525
C,binary_relevance,LED_g,5,0.8075,150000,3634,2453
C,binary_relevance,LED_g,5,0.81,150000,3528,2382
C,binary_relevance,LED_g,5,0.8125,150000,3428,2317
C,binary_relevance,LED_g,5,0.815,150000,3310,2234
C,binary_relevance,LED_g,5,0.8175,150000,3213,2171
C,binary_relevance,LED_g,5,0.82,150000,3112,2101
C,binary_relevance,LED_g,5,0.8225,150000,3027,2052
C,binary_relevance,LED_g,5,0.825,150000,2912,1980
C,binary_relevance,LED_g,5,0.8275,150000,2822,1921
C,binary_relevance,LED_g,5,0.83,150000,2732,1857
C,binary_relevance,LED_g,5,0.8325,150000,2645,1806
C,binary_relevance,LED_g,5,0.835,150000,2540,1730
C,binary_relevance,LED_g,5,0.8375,150000,2438,1663
C,binary_relevance,LED_g,5,0.84,150000,2354,1608
C,binary_relevance,LED_g,5,0.8425,150000,2287,1560
C,binary_relevance,LED_g,5,0.845,150000,2197,1504
C,binary_relevance,LED_g,5,0.8475,150000,2110,1442
C,binary_relevance,LED_g,5,0.85,150000,2006,1362
C,binary_relevance,LED_g,5,0.8525,150000,1937,1315
C,binary_relevance,LED_g,5,0.855,150000,1858,1262
C,binary_relevance,LED_g,5,0.8575,150000,1788,1209
C,binary_relevance,LED_g,5,0.86,150000,1698,1145
C,binary_relevance,LED_g,5,0.8625,150000,1629,1097
C,binary_relevance,LED_g,5,0.865,150000,1556,1054
C,binary_relevance,LED_g,5,0.8675,150000,1472,995
C,binary_relevance,LED_g,5,0.87,150000,1386,940
C,binary_relevance,LED_g,5,0.8725,150000,1310,884
C,binary_relevance,LED_g,5,0.875,150000,1259,847
C,binary_relevance,LED_g,5,0.8775,150000,1207,812
C,binary_relevance,LED_g,5,0.88,150000,1148,773
C,binary_relevance,LED_g,5,0.8825,150000,1106,741
C,binary_relevance,LED_g,5,0.885,150000,1057,707
C,binary_relevance,LED_g,5,0.8875,150000,1015,680
C,binary_relevance,LED_g,5,0.89,150000,968,643
C,binary_relevance,LED_g,5,0.8925,150000,917,607
C,binary_relevance,LED_g,5,0.895,150000,877,579
C,binary_relevance,LED_g,5,0.8975,150000,837,555
C,binary_relevance,LED_g,5,0.9,150000,777,524
C,binary_relevance,LED_g,5,0.9025,150000,730,493
C,binary_relevance,LED_g,5,0.905,150000,676,456
C,binary_relevance,LED_g,5,0.9075,150000,642,430
C,binary_relevance,LED_g,5,0.91,150000,610,406
C,binary_relevance,LED_g,5,0.9125,150000,574,381
C,binary_relevance,LED_g,5,0.915,150000,551,365
C,binary_relevance,LED_g,5,0.9175,150000,519,340
C,binary_relevance,LED_g,5,0.92,150000,497,325
C,binary_relevance,LED_g,5,0.9225,150000,458,300
C,binary_relevance,LED_g,5,0.925,150000,434,283
C,binary_relevance,LED_g,5,0.9275,150000,406,267
C,binary_relevance,LED_g,5,0.93,150000,382,251
C,binary_relevance,LED_g,5,0.9325,150000,360,240
C,binary_relevance,LED_g,5,0.935,150000,342,228
C,binary_relevance,LED_g,5,0.9375,150000,323,215
C,binary_relevance,LED_g,5,0.94,150000,293,190
C,binary_relevance,LED_g,5,0.9425,150000,280,179
C,binary_relevance,LED_g,5,0.945,150000,267,168
C,binary_relevance,LED_g,5,0.9475,150000,248,155
C,binary_relevance,LED_g,5,0.95,150000,227,142
C,binary_relevance,LED_g,5,0.9525,150000,204,128
C,binary_relevance,LED_g,5,0.955,150000,182,111
C,binary_relevance,LED_g,5,0.9575,150000,170,101
C,binary_relevance,LED_g,5,0.96,150000,154,90
C,binary_relevance,LED_g,5,0.9625,150000,137,80
C,binary_relevance,LED_g,5,0.965,150000,120,69
C,binary_relevance,LED_g,5,0.9675,150000,110,64
C,binary_relevance,LED_g,5,0.97,150000,99,59
C,binary_relevance,LED_g,5,0.9725,150000,95,58
C,binary_relevance,LED_g,5,0.975,150000,87,55
C,binary_relevance,LED_g,5,0.9775,150000,77,49
C,binary_relevance,LED_g,5,0.98,150000,70,44
C,binary_relevance,LED_g,5,0.9825,150000,64,40
C,binary_relevance,LED_g,5,0.985,150000,59,37
C,binary_relevance,LED_g,5,0.9875,150000,48,31
C,binary_relevance,LED_g,5,0.99,150000,44,27
C,binary_relevance,LED_g,5,0.9925,150000,35,19
C,binary_relevance,LED_g,5,0.995,150000,27,16
C,binary_relevance,LED_g,5,0.9975,150000,18,9
C,binary_relevance,LED_g,5,1.0,150000,0,0
w,high_order,LED_g,5,0.7,150000,21096,17021
w,high_order,LED_g,5,0.7025,150000,20647,16689
w,high_order,LED_g,5,0.705,150000,20200,16347
w,high_order,LED_g,5,0.7075,150000,19758,15988
w,high_order,LED_g,5,0.71,150000,19330,15658
w,high_order,LED_g,5,0.7125,150000,18888,15309
w,high_order,LED_g,5,0.715,150000,18467,14998
w,high_order,LED_g,5,0.7175,150000,18051,14677
w,high_order,LED_g,5,0.72,150000,17631,14371
w,high_order,LED_g,5,0.7225,150000,17223,14047
w,high_order,LED_g,5,0.725,150000,16833,13757
w,high_order,LED_g,5,0.7275,150000,16389,13421
w,high_order,LED_g,5,0.73,150000,15964,13090
w,high_order,LED_g,5,0.7325,150000,15549,12762
w,high_order,LED_g,5,0.735,150000,15192,12487
w,high_order,LED_g,5,0.7375,150000,14816,12189
w,high_order,LED_g,5,0.74,150000,14441,11886
w,high_order,LED_g,5,0.7425,150000,14078,11602
w,high_order,LED_g,5,0.745,150000,13719,11311
w,high_order,LED_g,5,0.7475,150000,13371,11029
w,high_order,LED_g,5,0.75,150000,13010,10736
w,high_order,LED_g,5,0.7525,150000,12678,10471
w,high_order,LED_g,5,0.755,150000,12352,10204
w,high_order,LED_g,5,0.7575,150000,12006,9920
w,high_order,LED_g,5,0.76,150000,11683,9667
w,high_order,LED_g,5,0.7625,150000,11349,9401
w,high_order,LED_g,5,0.765,150000,11046,9162
w,high_order,LED_g,5,0.7675,150000,10728,8904
w,high_order,LED_g,5,0.77,150000,10434,8656
w,high_order,LED_g,5,0.7725,150000,10148,8418
w,high_order,LED_g,5,0.775,150000,9886,8215
w,high_order,LED_g,5,0.7775,150000,9630,8013
w,high_order,LED_g,5,0.78,150000,9345,7778
w,high_order,LED_g,5,0.7825,150000,9088,7583
w,high_order,LED_g,5,0.785,150000,8831,7375
w,high_order,LED_g,5,0.7875,150000,8551,7159
w,high_order,LED_g,5,0.79,150000,8312,6958
w,high_order,LED_g,5,0.7925,150000,8076,6765
w,high_order,LED_g,5,0.795,150000,7836,6566
w,high_order,LED_g,5,0.7975,150000,7585,6361
w,high_order,LED_g,5,0.8,150000,7328,6152
w,high_order,LED_g,5,0.8025,150000,7081,5951
w,high_order,LED_g,5,0.805,150000,6868,5769
w,high_order,LED_g,5,0.8075,150000,6645,5588
w,high_order,LED_g,5,0.81,150000,6404,5392
w,high_order,LED_g,5,0.8125,150000,6182,5198
w,high_order,LED_g,5,0.815,150000,5977,5038
w,high_order,LED_g,5,0.8175,150000,5774,4869
w,high_order,LED_g,5,0.82,150000,5548,4680
w,high_order,LED_g,5,0.8225,150000,5356,4513
w,high_order,LED_g,5,0.825,150000,5150,4348
w,high_order,LED_g,5,0.8275,150000,4982,4212
w,high_order,LED_g,5,0.83,150000,4792,4055
w,high_order,LED_g,5,0.8325,150000,4621,3913
w,high_order,LED_g,5,0.835,150000,4452,3768
w,high_order,LED_g,5,0.8375,150000,4275,3619
w,high_order,LED_g,5,0.84,150000,4113,3474
w,high_order,LED_g,5,0.8425,150000,3945,3328
w,high_order,LED_g,5,0.845,150000,3783,3198
w,high_order,LED_g,5,0.8475,150000,3638,3082
w,high_order,LED_g,5,0.85,150000,3502,2969
w,high_order,LED_g,5,0.8525,150000,3352,2843
w,high_order,LED_g,5,0.855,150000,3199,2714
w,high_order,LED_g,5,0.8575,150000,3080,2614
w,high_order,LED_g,5,0.86,150000,2941,2495
w,high_order,LED_g,5,0.8625,150000,2830,2403
w,high_order,LED_g,5,0.865,150000,2687,2286
w,high_order,LED_g,5,0.8675,150000,2572,2185
w,high_order,LED_g,5,0.87,150000,2434,2075
w,high_order,LED_g,5,0.8725,150000,2324,1981
w,high_order,LED_g,5,0.875,150000,2207,1881
w,high_order,LED_g,5,0.8775,150000,2099,1796
w,high_order,LED_g,5,0.88,150000,1986,1702
w,high_order,LED_g,5,0.8825,150000,1873,1612
w,high_order,LED_g,5,0.885,150000,1774,1529
w,high_order,LED_g,5,0.8875,150000,1679,1450
w,high_order,LED_g,5,0.89,150000,1578,1362
w,high_order,LED_g,5,0.8925,150000,1468,1270
w,high_order,LED_g,5,0.895,150000,1389,1202
w,high_order,LED_g,5,0.8975,150000,1308,1136
w,high_order,LED_g,5,0.9,150000,1231,1073
w,high_order,LED_g,5,0.9025,150000,1157,1008
w,high_order,LED_g,5,0.905,150000,1079,948
w,high_order,LED_g,5,0.9075,150000,1014,889
w,high_order,LED_g,5,0.91,150000,938,820
w,high_order,LED_g,5,0.9125,150000,879,766
w,high_order,LED_g,5,0.915,150000,820,713
w,high_order,LED_g,5,0.9175,150000,756,661
w,high_order,LED_g,5,0.92,150000,690,604
w,high_order,LED_g,5,0.9225,150000,617,543
w,high_order,LED_g,5,0.925,150000,567,500
w,high_order,LED_g,5,0.9275,150000,510,447
w,high_order,LED_g,5,0.93,150000,462,404
w,high_order,LED_g,5,0.9325,150000,415,366
w,high_order,LED_g,5,0.935,150000,371,325
w,high_order,LED_g,5,0.9375,150000,323,283
w,high_order,LED_g,5,0.94,150000,288,253
w,high_order,LED_g,5,0.9425,150000,260,229
w,high_order,LED_g,5,0.945,150000,236,207
w,high_order,LED_g,5,0.9475,150000,211,184
w,high_order,LED_g,5,0.95,150000,178,154
w,high_order,LED_g,5,0.9525,150000,158,136
w,high_order,LED_g,5,0.955,150000,136,118
w,high_order,LED_g,5,0.9575,150000,116,99
w,high_order,LED_g,5,0.96,150000,102,86
w,high_order,LED_g,5,0.9625,150000,90,75
w,high_order,LED_g,5,0.965,150000,77,66
w,high_order,LED_g,5,0.9675,150000,63,55
w,high_order,LED_g,5,0.97,150000,54,47
w,high_order,LED_g,5,0.9725,150000,50,43
w,high_order,LED_g,5,0.975,150000,42,38
w,high_order,LED_g,5,0.9775,150000,33,30
w,high_order,LED_g,5,0.98,150000,27,25
w,high_order,LED_g,5,0.9825,150000,18,17
w,high_order,LED_g,5,0.985,150000,13,12
w,high_order,LED_g,5,0.9875,150000,8,7
w,high_order,LED_g,5,0.99,150000,5,4
w,high_order,LED_g,5,0.9925,150000,0,0
w,high_order,LED_g,5,0.995,150000,0,0
w,high_order,LED_g,5,0.9975,150000,0,0
w,high_order,LED_g,5,1.0,150000,0,0
A_hat,binary_relevance_probe,LED_g,5,0.7,600000,54793,30692
A_hat,binary_relevance_probe,LED_g,5,0.7025,600000,54052,30293
A_hat,binary_relevance_probe,LED_g,5,0.705,600000,53324,29914
A_hat,binary_relevance_probe,LED_g,5,0.7075,600000,52632,29576
A_hat,binary_relevance_probe,LED_g,5,0.71,600000,51864,29182
A_hat,binary_relevance_probe,LED_g,5,0.7125,600000,51105,28756
A_hat,binary_relevance_probe,LED_g,5,0.715,600000,50382,28362
A_hat,binary_relevance_probe,LED_g,5,0.7175,600000,49620,27968
A_hat,binary_relevance_probe,LED_g,5,0.72,600000,48945,27598
A_hat,binary_relevance_probe,LED_g,5,0.7225,600000,48293,27246
A_hat,binary_relevance_probe,LED_g,5,0.725,600000,47564,26839
A_hat,binary_relevance_probe,LED_g,5,0.7275,600000,46872,26489
A_hat,binary_relevance_probe,LED_g,5,0.73,600000,46169,26091
A_hat,binary_relevance_probe,LED_g,5,0.7325,600000,45500,25707
A_hat,binary_relevance_probe,LED_g,5,0.735,600000,44826,25351
A_hat,binary_relevance_probe,LED_g,5,0.7375,600000,44139,24987
A_hat,binary_relevance_probe,LED_g,5,0.74,600000,43473,24634
A_hat,binary_relevance_probe,LED_g,5,0.7425,600000,42785,24272
A_hat,binary_relevance_probe,LED_g,5,0.745,600000,42179,23963
A_hat,binary_relevance_probe,LED_g,5,0.7475,600000,41497,23578
A_hat,binary_relevance_probe,LED_g,5,0.75,600000,40878,23250
A_hat,binary_relevance_probe,LED_g,5,0.7525,600000,40231,22916
A_hat,binary_relevance_probe,LED_g,5,0.755,600000,39639,22603
A_hat,binary_relevance_probe,LED_g,5,0.7575,600000,38984,22253
A_hat,binary_relevance_probe,LED_g,5,0.76,600000,38397,21934
A_hat,binary_relevance_probe,LED_g,5,0.7625,600000,37755,21598
A_hat,binary_relevance_probe,LED_g,5,0.765,600000,37154,21258
A_hat,binary_relevance_probe,LED_g,5,0.7675,600000,36563,20945
A_hat,binary_relevance_probe,LED_g,5,0.77,600000,35993,20626
A_hat,binary_relevance_probe,LED_g,5,0.7725,600000,35417,20311
A_hat,binary_relevance_probe,LED_g,5,0.775,600000,34848,19998
A_hat,binary_relevance_probe,LED_g,5,0.7775,600000,34306,19719
A_hat,binary_relevance_probe,LED_g,5,0.78,600000,33736,19419
A_hat,binary_relevance_probe,LED_g,5,0.7825,600000,33177,19118
A_hat,binary_relevance_probe,LED_g,5,0.785,600000,32598,18806
A_hat,binary_relevance_probe,LED_g,5,0.7875,600000,32014,18493
A_hat,binary_relevance_probe,LED_g,5,0.79,600000,31450,18185
A_hat,binary_relevance_probe,LED_g,5,0.7925,600000,30897,17867
A_hat,binary_relevance_probe,LED_g,5,0.795,600000,30371,17558
A_hat,binary_relevance_probe,LED_g,5,0.7975,600000,29863,17283
A_hat,binary_relevance_probe,LED_g,5,0.8,600000,29330,16994
A_hat,binary_relevance_probe,LED_g,5,0.8025,600000,28792,16706
A_hat,binary_relevance_probe,LED_g,5,0.805,600000,28291,16442
A_hat,binary_relevance_probe,LED_g,5,0.8075,600000,27804,16187
A_hat,binary_relevance_probe,LED_g,5,0.81,600000,27283,15888
A_hat,binary_relevance_probe,LED_g,5,0.8125,600000,26741,15576
A_hat,binary_relevance_probe,LED_g,5,0.815,600000,26231,15298
A_hat,binary_relevance_probe,LED_g,5,0.8175,600000,25758,15028
A_hat,binary_relevance_probe,LED_g,5,0.82,600000,25263,14758
A_hat,binary_relevance_probe,LED_g,5,0.8225,600000,24785,14486
A_hat,binary_relevance_probe,LED_g,5,0.825,600000,24330,14225
A_hat,binary_relevance_probe,LED_g,5,0.8275,600000,23835,13940
A_hat,binary_relevance_probe,LED_g,5,0.83,600000,23381,13697
A_hat,binary_relevance_probe,LED_g,5,0.8325,600000,22948,13455
A_hat,binary_relevance_probe,LED_g,5,0.835,600000,22524,13212
A_hat,binary_relevance_probe,LED_g,5,0.8375,600000,22064,12973
A_hat,binary_relevance_probe,LED_g,5,0.84,600000,21588,12710
A_hat,binary_relevance_probe,LED_g,5,0.8425,600000,21164,12472
A_hat,binary_relevance_probe,LED_g,5,0.845,600000,20689,12193
A_hat,binary_relevance_probe,LED_g,5,0.8475,600000,20281,11954
A_hat,binary_relevance_probe,LED_g,5,0.85,600000,19871,11717
A_hat,binary_relevance_probe,LED_g,5,0.8525,600000,19484,11495
A_hat,binary_relevance_probe,LED_g,5,0.855,600000,19101,11277
A_hat,binary_relevance_probe,LED_g,5,0.8575,600000,18660,11013
A_hat,binary_relevance_probe,LED_g,5,0.86,600000,18291,10802
A_hat,binary_relevance_probe,LED_g,5,0.8625,600000,17906,10586
A_hat,binary_relevance_probe,LED_g,5,0.865,600000,17486,10353
A_hat,binary_relevance_probe,LED_g,5,0.8675,600000,17095,10137
A_hat,binary_relevance_probe,LED_g,5,0.87,600000,16689,9906
A_hat,binary_relevance_probe,LED_g,5,0.8725,600000,16289,9679
A_hat,binary_relevance_probe,LED_g,5,0.875,600000,15945,9476
A_hat,binary_relevance_probe,LED_g,5,0.8775,600000,15584,9264
A_hat,binary_relevance_probe,LED_g,5,0.88,600000,15224,9045
A_hat,binary_relevance_probe,LED_g,5,0.8825,600000,14869,8832
A_hat,binary_relevance_probe,LED_g,5,0.885,600000,14476,8593
A_hat,binary_relevance_probe,LED_g,5,0.8875,600000,14137,8394
A_hat,binary_relevance_probe,LED_g,5,0.89,600000,13812,8191
A_hat,binary_relevance_probe,LED_g,5,0.8925,600000,13492,8009
A_hat,binary_relevance_probe,LED_g,5,0.895,600000,13130,7790
A_hat,binary_relevance_probe,LED_g,5,0.8975,600000,12769,7574
A_hat,binary_relevance_probe,LED_g,5,0.9,600000,12400,7361
A_hat,binary_relevance_probe,LED_g,5,0.9025,600000,12041,7145
A_hat,binary_relevance_probe,LED_g,5,0.905,600000,11735,6954
A_hat,binary_relevance_probe,LED_g,5,0.9075,600000,11436,6768
A_hat,binary_relevance_probe,LED_g,5,0.91,600000,11153,6596
A_hat,binary_relevance_probe,LED_g,5,0.9125,600000,10860,6406
A_hat,binary_relevance_probe,LED_g,5,0.915,600000,10552,6221
A_hat,binary_relevance_probe,LED_g,5,0.9175,600000,10248,6032
A_hat,binary_relevance_probe,LED_g,5,0.92,600000,9936,5848
A_hat,binary_relevance_probe,LED_g,5,0.9225,600000,9642,5685
A_hat,binary_relevance_probe,LED_g,5,0.925,600000,9326,5486
A_hat,binary_relevance_probe,LED_g,5,0.9275,600000,9030,5303
A_hat,binary_relevance_probe,LED_g,5,0.93,600000,8719,5100
A_hat,binary_relevance_probe,LED_g,5,0.9325,600000,8433,4930
A_hat,binary_relevance_probe,LED_g,5,0.935,600000,8143,4752
A_hat,binary_relevance_probe,LED_g,5,0.9375,600000,7858,4559
A_hat,binary_relevance_probe,LED_g,5,0.94,600000,7593,4390
A_hat,binary_relevance_probe,LED_g,5,0.9425,600000,7301,4201
A_hat,binary_relevance_probe,LED_g,5,0.945,600000,6997,3997
A_hat,binary_relevance_probe,LED_g,5,0.9475,600000,6712,3823
A_hat,binary_relevance_probe,LED_g,5,0.95,600000,6431,3641
A_hat,binary_relevance_probe,LED_g,5,0.9525,600000,6168,3477
A_hat,binary_relevance_probe,LED_g,5,0.955,600000,5910,3314
A_hat,binary_relevance_probe,LED_g,5,0.9575,600000,5643,3148
A_hat,binary_relevance_probe,LED_g,5,0.96,600000,5401,2998
A_hat,binary_relevance_probe,LED_g,5,0.9625,600000,5176,2861
A_hat,binary_relevance_probe,LED_g,5,0.965,600000,4934,2706
A_hat,binary_relevance_probe,LED_g,5,0.9675,600000,4707,2563
A_hat,binary_relevance_probe,LED_g,5,0.97,600000,4502,2427
A_hat,binary_relevance_probe,LED_g,5,0.9725,600000,4275,2301
A_hat,binary_relevance_probe,LED_g,5,0.975,600000,4030,2158
A_hat,binary_relevance_probe,LED_g,5,0.9775,600000,3806,2012
A_hat,binary_relevance_probe,LED_g,5,0.98,600000,3577,1877
A_hat,binary_relevance_probe,LED_g,5,0.9825,600000,3340,1720
A_hat,binary_relevance_probe,LED_g,5,0.985,600000,3115,1588
A_hat,binary_relevance_probe,LED_g,5,0.9875,600000,2905,1469
A_hat,binary_relevance_probe,LED_g,5,0.99,600000,2657,1329
A_hat,binary_relevance_probe,LED_g,5,0.9925,600000,2416,1189
A_hat,binary_relevance_probe,LED_g,5,0.995,600000,2115,1029
A_hat,binary_relevance_probe,LED_g,5,0.9975,600000,1712,807
A_hat,binary_relevance_probe,LED_g,5,1.0,600000,109,54
M,high_order,RBF_f,5,0.7,150000,83144,63722
M,high_order,RBF_f,5,0.7025,150000,82871,63539
M,high_order,RBF_f,5,0.705,150000,82541,63325
M,high_order,RBF_f,5,0.7075,150000,82222,63101
M,high_order,RBF_f,5,0.71,150000,81889,62865
M,high_order,RBF_f,5,0.7125,150000,81552,62621
M,high_order,RBF_f,5,0.715,150000,81214,62391
M,high_order,RBF_f,5,0.7175,150000,80881,62153
M,high_order,RBF_f,5,0.72,150000,80508,61875
M,high_order,RBF_f,5,0.7225,150000,80159,61634
M,high_order,RBF_f,5,0.725,150000,79809,61383
M,high_order,RBF_f,5,0.7275,150000,79427,61112
M,high_order,RBF_f,5,0.73,150000,79026,60839
M,high_order,RBF_f,5,0.7325,150000,78655,60574
M,high_order,RBF_f,5,0.735,150000,78210,60264
M,high_order,RBF_f,5,0.7375,150000,77812,59982
M,high_order,RBF_f,5,0.74,150000,77423,59705
M,high_order,RBF_f,5,0.7425,150000,77034,59431
M,high_order,RBF_f,5,0.745,150000,76647,59160
M,high_order,RBF_f,5,0.7475,150000,76303,58922
M,high_order,RBF_f,5,0.75,150000,75892,58625
M,high_order,RBF_f,5,0.7525,150000,75526,58369
M,high_order,RBF_f,5,0.755,150000,75126,58092
M,high_order,RBF_f,5,0.7575,150000,74787,57838
M,high_order,RBF_f,5,0.76,150000,74440,57574
M,high_order,RBF_f,5,0.7625,150000,74074,57315
M,high_order,RBF_f,5,0.765,150000,73731,57064
M,high_order,RBF_f,5,0.7675,150000,73291,56745
M,high_order,RBF_f,5,0.77,150000,72913,56449
M,high_order,RBF_f,5,0.7725,150000,72557,56185
M,high_order,RBF_f,5,0.775,150000,72160,55896
M,high_order,RBF_f,5,0.7775,150000,71796,55640
M,high_order,RBF_f,5,0.78,150000,71380,55326
M,high_order,RBF_f,5,0.7825,150000,71014,55047
M,high_order,RBF_f,5,0.785,150000,70578,54708
M,high_order,RBF_f,5,0.7875,150000,70230,54447
M,high_order,RBF_f,5,0.79,150000,69872,54196
M,high_order,RBF_f,5,0.7925,150000,69463,53887
M,high_order,RBF_f,5,0.795,150000,68958,53504
M,high_order,RBF_f,5,0.7975,150000,68477,53159
M,high_order,RBF_f,5,0.8,150000,68035,52826
M,high_order,RBF_f,5,0.8025,150000,67612,52516
M,high_order,RBF_f,5,0.805,150000,67213,52198
M,high_order,RBF_f,5,0.8075,150000,66800,51894
M,high_order,RBF_f,5,0.81,150000,66424,51624
M,high_order,RBF_f,5,0.8125,150000,66017,51339
M,high_order,RBF_f,5,0.815,150000,65653,51053
M,high_order,RBF_f,5,0.8175,150000,65255,50756
M,high_order,RBF_f,5,0.82,150000,64859,50446
M,high_order,RBF_f,5,0.8225,150000,64453,50146
M,high_order,RBF_f,5,0.825,150000,64092,49868
M,high_order,RBF_f,5,0.8275,150000,63691,49580
M,high_order,RBF_f,5,0.83,150000,63331,49316
M,high_order,RBF_f,5,0.8325,150000,62956,49033
M,high_order,RBF_f,5,0.835,150000,62503,48689
M,high_order,RBF_f,5,0.8375,150000,62057,48325
M,high_order,RBF_f,5,0.84,150000,61581,47949
M,high_order,RBF_f,5,0.8425,150000,61084,47563
M,high_order,RBF_f,5,0.845,150000,60601,47184
M,high_order,RBF_f,5,0.8475,150000,60103,46797
M,high_order,RBF_f,5,0.85,150000,59613,46407
M,high_order,RBF_f,5,0.8525,150000,59102,46012
M,high_order,RBF_f,5,0.855,150000,58662,45656
M,high_order,RBF_f,5,0.8575,150000,58227,45317
M,high_order,RBF_f,5,0.86,150000,57811,44989
M,high_order,RBF_f,5,0.8625,150000,57388,44670
M,high_order,RBF_f,5,0.865,150000,56944,44332
M,high_order,RBF_f,5,0.8675,150000,56486,43986
M,high_order,RBF_f,5,0.87,150000,56074,43680
M,high_order,RBF_f,5,0.8725,150000,55681,43386
M,high_order,RBF_f,5,0.875,150000,55293,43090
M,high_order,RBF_f,5,0.8775,150000,54872,42763
M,high_order,RBF_f,5,0.88,150000,54406,42388
M,high_order,RBF_f,5,0.8825,150000,53949,42021
M,high_order,RBF_f,5,0.885,150000,53517,41692
M,high_order,RBF_f,5,0.8875,150000,53058,41344
M,high_order,RBF_f,5,0.89,150000,52631,41007
M,high_order,RBF_f,5,0.8925,150000,52175,40625
M,high_order,RBF_f,5,0.895,150000,51737,40279
M,high_order,RBF_f,5,0.8975,150000,51304,39927
M,high_order,RBF_f,5,0.9,150000,50849,39559
M,high_order,RBF_f,5,0.9025,150000,50365,39176
M,high_order,RBF_f,5,0.905,150000,49879,38785
M,high_order,RBF_f,5,0.9075,150000,49385,38386
M,high_order,RBF_f,5,0.91,150000,48912,38017
M,high_order,RBF_f,5,0.9125,150000,48433,37627
M,high_order,RBF_f,5,0.915,150000,47980,37256
M,high_order,RBF_f,5,0.9175,150000,47569,36926
M,high_order,RBF_f,5,0.92,150000,47044,36508
M,high_order,RBF_f,5,0.9225,150000,46571,36133
M,high_order,RBF_f,5,0.925,150000,46157,35793
M,high_order,RBF_f,5,0.9275,150000,45678,35405
M,high_order,RBF_f,5,0.93,150000,45226,35047
M,high_order,RBF_f,5,0.9325,150000,44713,34628
M,high_order,RBF_f,5,0.935,150000,44245,34244
M,high_order,RBF_f,5,0.9375,150000,43773,33861
M,high_order,RBF_f,5,0.94,150000,43220,33390
M,high_order,RBF_f,5,0.9425,150000,42663,32926
M,high_order,RBF_f,5,0.945,150000,42120,32470
M,high_order,RBF_f,5,0.9475,150000,41533,31973
M,high_order,RBF_f,5,0.95,150000,40987,31525
M,high_order,RBF_f,5,0.9525,150000,40353,31012
M,high_order,RBF_f,5,0.955,150000,39852,30587
M,high_order,RBF_f,5,0.9575,150000,39303,30134
M,high_order,RBF_f,5,0.96,150000,38724,29654
M,high_order,RBF_f,5,0.9625,150000,38171,29200
M,high_order,RBF_f,5,0.965,150000,37592,28714
M,high_order,RBF_f,5,0.9675,150000,36986,28209
M,high_order,RBF_f,5,0.97,150000,36296,27642
M,high_order,RBF_f,5,0.9725,150000,35576,27027
M,high_order,RBF_f,5,0.975,150000,34819,26405
M,high_order,RBF_f,5,0.9775,150000,34121,25813
M,high_order,RBF_f,5,0.98,150000,33360,25185
M,high_order,RBF_f,5,0.9825,150000,32528,24499
M,high_order,RBF_f,5,0.985,150000,31630,23731
M,high_order,RBF_f,5,0.9875,150000,30590,22862
M,high_order,RBF_f,5,0.99,150000,29430,21887
M,high_order,RBF_f,5,0.9925,150000,27879,20558
M,high_order,RBF_f,5,0.995,150000,26012,18950
M,high_order,RBF_f,5,0.9975,150000,23323,16604
M,high_order,RBF_f,5,1.0,150000,12437,7744
c,high_order,RBF_f,5,0.7,150000,72475,72063
c,high_order,RBF_f,5,0.7025,150000,72475,72063
c,high_order,RBF_f,5,0.705,150000,72475,72063
c,high_order,RBF_f,5,0.7075,150000,72475,72063
c,high_order,RBF_f,5,0.71,150000,72475,72063
c,high_order,RBF_f,5,0.7125,150000,72475,72063
c,high_order,RBF_f,5,0.715,150000,72475,72063
c,high_order,RBF_f,5,0.7175,150000,72475,72063
c,high_order,RBF_f,5,0.72,150000,72475,72063
c,high_order,RBF_f,5,0.7225,150000,72475,72063
c,high_order,RBF_f,5,0.725,150000,67837,67617
c,high_order,RBF_f,5,0.7275,150000,67837,67617
c,high_order,RBF_f,5,0.73,150000,67837,67617
c,high_order,RBF_f,5,0.7325,150000,67837,67617
c,high_order,RBF_f,5,0.735,150000,67837,67617
c,high_order,RBF_f,5,0.7375,150000,67837,67617
c,high_order,RBF_f,5,0.74,150000,67837,67617
c,high_order,RBF_f,5,0.7425,150000,67837,67617
c,high_order,RBF_f,5,0.745,150000,67837,67617
c,high_order,RBF_f,5,0.7475,150000,67837,67617
c,high_order,RBF_f,5,0.75,150000,67837,67617
c,high_order,RBF_f,5,0.7525,150000,67837,67617
c,high_order,RBF_f,5,0.755,150000,67837,67617
c,high_order,RBF_f,5,0.7575,150000,67837,67617
c,high_order,RBF_f,5,0.76,150000,62778,62662
c,high_order,RBF_f,5,0.7625,150000,62778,62662
c,high_order,RBF_f,5,0.765,150000,62778,62662
c,high_order,RBF_f,5,0.7675,150000,62778,62662
c,high_order,RBF_f,5,0.77,150000,62778,62662
c,high_order,RBF_f,5,0.7725,150000,62778,62662
c,high_order,RBF_f,5,0.775,150000,62778,62662
c,high_order,RBF_f,5,0.7775,150000,62778,62662
c,high_order,RBF_f,5,0.78,150000,62778,62662
c,high_order,RBF_f,5,0.7825,150000,62778,62662
c,high_order,RBF_f,5,0.785,150000,62778,62662
c,high_order,RBF_f,5,0.7875,150000,62778,62662
c,high_order,RBF_f,5,0.79,150000,62778,62662
c,high_order,RBF_f,5,0.7925,150000,62778,62662
c,high_order,RBF_f,5,0.795,150000,57503,57439
c,high_order,RBF_f,5,0.7975,150000,57503,57439
c,high_order,RBF_f,5,0.8,150000,57503,57439
c,high_order,RBF_f,5,0.8025,150000,57503,57439
c,high_order,RBF_f,5,0.805,150000,57503,57439
c,high_order,RBF_f,5,0.8075,150000,57503,57439
c,high_order,RBF_f,5,0.81,150000,57503,57439
c,high_order,RBF_f,5,0.8125,150000,57503,57439
c,high_order,RBF_f,5,0.815,150000,57503,57439
c,high_order,RBF_f,5,0.8175,150000,57503,57439
c,high_order,RBF_f,5,0.82,150000,57503,57439
c,high_order,RBF_f,5,0.8225,150000,57503,57439
c,high_order,RBF_f,5,0.825,150000,57503,57439
c,high_order,RBF_f,5,0.8275,150000,57503,57439
c,high_order,RBF_f,5,0.83,150000,51678,51652
c,high_order,RBF_f,5,0.8325,150000,51678,51652
c,high_order,RBF_f,5,0.835,150000,51678,51652
c,high_order,RBF_f,5,0.8375,150000,51678,51652
c,high_order,RBF_f,5,0.84,150000,51678,51652
c,high_order,RBF_f,5,0.8425,150000,51678,51652
c,high_order,RBF_f,5,0.845,150000,51678,51652
c,high_order,RBF_f,5,0.8475,150000,51678,51652
c,high_order,RBF_f,5,0.85,150000,51678,51652
c,high_order,RBF_f,5,0.8525,150000,51678,51652
c,high_order,RBF_f,5,0.855,150000,51678,51652
c,high_order,RBF_f,5,0.8575,150000,51678,51652
c,high_order,RBF_f,5,0.86,150000,51678,51652
c,high_order,RBF_f,5,0.8625,150000,45138,45130
c,high_order,RBF_f,5,0.865,150000,45138,45130
c,high_order,RBF_f,5,0.8675,150000,45138,45130
c,high_order,RBF_f,5,0.87,150000,45138,45130
c,high_order,RBF_f,5,0.8725,150000,45138,45130
c,high_order,RBF_f,5,0.875,150000,45138,45130
c,high_order,RBF_f,5,0.8775,150000,45138,45130
c,high_order,RBF_f,5,0.88,150000,45138,45130
c,high_order,RBF_f,5,0.8825,150000,45138,45130
c,high_order,RBF_f,5,0.885,150000,45138,45130
c,high_order,RBF_f,5,0.8875,150000,45138,45130
c,high_order,RBF_f,5,0.89,150000,45138,45130
c,high_order,RBF_f,5,0.8925,150000,45138,45130
c,high_order,RBF_f,5,0.895,150000,45138,45130
c,high_order,RBF_f,5,0.8975,150000,37783,37782
c,high_order,RBF_f,5,0.9,150000,37783,37782
c,high_order,RBF_f,5,0.9025,150000,37783,37782
c,high_order,RBF_f,5,0.905,150000,37783,37782
c,high_order,RBF_f,5,0.9075,150000,37783,37782
c,high_order,RBF_f,5,0.91,150000,37783,37782
c,high_order,RBF_f,5,0.9125,150000,37783,37782
c,high_order,RBF_f,5,0.915,150000,37783,37782
c,high_order,RBF_f,5,0.9175,150000,37783,37782
c,high_order,RBF_f,5,0.92,150000,37783,37782
c,high_order,RBF_f,5,0.9225,150000,37783,37782
c,high_order,RBF_f,5,0.925,150000,37783,37782
c,high_order,RBF_f,5,0.9275,150000,37783,37782
c,high_order,RBF_f,5,0.93,150000,37783,37782
c,high_order,RBF_f,5,0.9325,150000,28870,28870
c,high_order,RBF_f,5,0.935,150000,28870,28870
c,high_order,RBF_f,5,0.9375,150000,28870,28870
c,high_order,RBF_f,5,0.94,150000,28870,28870
c,high_order,RBF_f,5,0.9425,150000,28870,28870
c,high_order,RBF_f,5,0.945,150000,28870,28870
c,high_order,RBF_f,5,0.9475,150000,28870,28870
c,high_order,RBF_f,5,0.95,150000,28870,28870
c,high_order,RBF_f,5,0.9525,150000,28870,28870
c,high_order,RBF_f,5,0.955,150000,28870,28870
c,high_order,RBF_f,5,0.9575,150000,28870,28870
c,high_order,RBF_f,5,0.96,150000,28870,28870
c,high_order,RBF_f,5,0.9625,150000,28870,28870
c,high_order,RBF_f,5,0.965,150000,28870,28870
c,high_order,RBF_f,5,0.9675,150000,16421,16421
c,high_order,RBF_f,5,0.97,150000,16421,16421
c,high_order,RBF_f,5,0.9725,150000,16421,16421
c,high_order,RBF_f,5,0.975,150000,16421,16421
c,high_order,RBF_f,5,0.9775,150000,16421,16421
c,high_order,RBF_f,5,0.98,150000,16421,16421
c,high_order,RBF_f,5,0.9825,150000,16421,16421
c,high_order,RBF_f,5,0.985,150000,16421,16421
c,high_order,RBF_f,5,0.9875,150000,16421,16421
c,high_order,RBF_f,5,0.99,150000,16421,16421
c,high_order,RBF_f,5,0.9925,150000,16421,16421
c,high_order,RBF_f,5,0.995,150000,16421,16421
c,high_order,RBF_f,5,0.9975,150000,16421,16421
c,high_order,RBF_f,5,1.0,150000,16421,16421
A_hat,high_order,RBF_f,5,0.7,150000,69147,47363
A_hat,high_order,RBF_f,5,0.7025,150000,68483,46942
A_hat,high_order,RBF_f,5,0.705,150000,67862,46518
A_hat,high_order,RBF_f,5,0.7075,150000,67153,46049
A_hat,high_order,RBF_f,5,0.71,150000,66511,45606
A_hat,high_order,RBF_f,5,0.7125,150000,65853,45185
A_hat,high_order,RBF_f,5,0.715,150000,65161,44721
A_hat,high_order,RBF_f,5,0.7175,150000,64413,44228
A_hat,high_order,RBF_f,5,0.72,150000,63764,43837
A_hat,high_order,RBF_f,5,0.7225,150000,63023,43317
A_hat,high_order,RBF_f,5,0.725,150000,62290,42843
A_hat,high_order,RBF_f,5,0.7275,150000,61582,42360
A_hat,high_order,RBF_f,5,0.73,150000,60917,41929
A_hat,high_order,RBF_f,5,0.7325,150000,60190,41426
A_hat,high_order,RBF_f,5,0.735,150000,59442,40924
A_hat,high_order,RBF_f,5,0.7375,150000,58711,40449
A_hat,high_order,RBF_f,5,0.74,150000,58052,40017
A_hat,high_order,RBF_f,5,0.7425,150000,57344,39532
A_hat,high_order,RBF_f,5,0.745,150000,56654,39082
A_hat,high_order,RBF_f,5,0.7475,150000,55953,38615
A_hat,high_order,RBF_f,5,0.75,150000,55223,38136
A_hat,high_order,RBF_f,5,0.7525,150000,54518,37673
A_hat,high_order,RBF_f,5,0.755,150000,53818,37207
A_hat,high_order,RBF_f,5,0.7575,150000,53109,36721
A_hat,high_order,RBF_f,5,0.76,150000,52396,36219
A_hat,high_order,RBF_f,5,0.7625,150000,51690,35751
A_hat,high_order,RBF_f,5,0.765,150000,50993,35266
A_hat,high_order,RBF_f,5,0.7675,150000,50281,34789
A_hat,high_order,RBF_f,5,0.77,150000,49579,34326
A_hat,high_order,RBF_f,5,0.7725,150000,48863,33838
A_hat,high_order,RBF_f,5,0.775,150000,48159,33371
A_hat,high_order,RBF_f,5,0.7775,150000,47420,32856
A_hat,high_order,RBF_f,5,0.78,150000,46697,32363
A_hat,high_order,RBF_f,5,0.7825,150000,45972,31870
A_hat,high_order,RBF_f,5,0.785,150000,45196,31316
A_hat,high_order,RBF_f,5,0.7875,150000,44468,30816
A_hat,high_order,RBF_f,5,0.79,150000,43803,30366
A_hat,high_order,RBF_f,5,0.7925,150000,43072,29875
A_hat,high_order,RBF_f,5,0.795,150000,42371,29394
A_hat,high_order,RBF_f,5,0.7975,150000,41623,28895
A_hat,high_order,RBF_f,5,0.8,150000,40929,28397
A_hat,high_order,RBF_f,5,0.8025,150000,40202,27897
A_hat,high_order,RBF_f,5,0.805,150000,39478,27401
A_hat,high_order,RBF_f,5,0.8075,150000,38788,26938
A_hat,high_order,RBF_f,5,0.81,150000,38083,26454
A_hat,high_order,RBF_f,5,0.8125,150000,37351,25949
A_hat,high_order,RBF_f,5,0.815,150000,36619,25437
A_hat,high_order,RBF_f,5,0.8175,150000,35827,24906
A_hat,high_order,RBF_f,5,0.82,150000,35061,24360
A_hat,high_order,RBF_f,5,0.8225,150000,34343,23872
A_hat,high_order,RBF_f,5,0.825,150000,33644,23384
A_hat,high_order,RBF_f,5,0.8275,150000,32947,22897
A_hat,high_order,RBF_f,5,0.83,150000,32240,22384
A_hat,high_order,RBF_f,5,0.8325,150000,31500,21851
A_hat,high_order,RBF_f,5,0.835,150000,30777,21338
A_hat,high_order,RBF_f,5,0.8375,150000,30022,20813
A_hat,high_order,RBF_f,5,0.84,150000,29336,20342
A_hat,high_order,RBF_f,5,0.8425,150000,28639,19883
A_hat,high_order,RBF_f,5,0.845,150000,27931,19386
A_hat,high_order,RBF_f,5,0.8475,150000,27239,18902
A_hat,high_order,RBF_f,5,0.85,150000,26489,18368
A_hat,high_order,RBF_f,5,0.8525,150000,25766,17870
A_hat,high_order,RBF_f,5,0.855,150000,25059,17384
A_hat,high_order,RBF_f,5,0.8575,150000,24349,16903
A_hat,high_order,RBF_f,5,0.86,150000,23689,16454
A_hat,high_order,RBF_f,5,0.8625,150000,22954,15930
A_hat,high_order,RBF_f,5,0.865,150000,22231,15418
A_hat,high_order,RBF_f,5,0.8675,150000,21566,14936
A_hat,high_order,RBF_f,5,0.87,150000,20869,14421
A_hat,high_order,RBF_f,5,0.8725,150000,20197,13944
A_hat,high_order,RBF_f,5,0.875,150000,19536,13472
A_hat,high_order,RBF_f,5,0.8775,150000,18868,13011
A_hat,high_order,RBF_f,5,0.88,150000,18219,12553
A_hat,high_order,RBF_f,5,0.8825,150000,17597,12125
A_hat,high_order,RBF_f,5,0.885,150000,16961,11681
A_hat,high_order,RBF_f,5,0.8875,150000,16259,11199
A_hat,high_order,RBF_f,5,0.89,150000,15569,10714
A_hat,high_order,RBF_f,5,0.8925,150000,14953,10272
A_hat,high_order,RBF_f,5,0.895,150000,14336,9830
A_hat,high_order,RBF_f,5,0.8975,150000,13721,9413
A_hat,high_order,RBF_f,5,0.9,150000,13105,8976
A_hat,high_order,RBF_f,5,0.9025,150000,12507,8553
A_hat,high_order,RBF_f,5,0.905,150000,11922,8154
A_hat,high_order,RBF_f,5,0.9075,150000,11345,7746
A_hat,high_order,RBF_f,5,0.91,150000,10796,7364
A_hat,high_order,RBF_f,5,0.9125,150000,10202,6936
A_hat,high_order,RBF_f,5,0.915,150000,9656,6569
A_hat,high_order,RBF_f,5,0.9175,150000,9097,6175
A_hat,high_order,RBF_f,5,0.92,150000,8598,5817
A_hat,high_order,RBF_f,5,0.9225,150000,8041,5430
A_hat,high_order,RBF_f,5,0.925,150000,7515,5054
A_hat,high_order,RBF_f,5,0.9275,150000,7018,4705
A_hat,high_order,RBF_f,5,0.93,150000,6587,4423
A_hat,high_order,RBF_f,5,0.9325,150000,6113,4103
A_hat,high_order,RBF_f,5,0.935,150000,5680,3805
A_hat,high_order,RBF_f,5,0.9375,150000,5241,3512
A_hat,high_order,RBF_f,5,0.94,150000,4820,3200
A_hat,high_order,RBF_f,5,0.9425,150000,4389,2906
A_hat,high_order,RBF_f,5,0.945,150000,4011,2638
A_hat,high_order,RBF_f,5,0.9475,150000,3628,2368
A_hat,high_order,RBF_f,5,0.95,150000,3288,2132
A_hat,high_order,RBF_f,5,0.9525,150000,2941,1887
A_hat,high_order,RBF_f,5,0.955,150000,2628,1695
A_hat,high_order,RBF_f,5,0.9575,150000,2295,1458
A_hat,high_order,RBF_f,5,0.96,150000,2013,1266
A_hat,high_order,RBF_f,5,0.9625,150000,1729,1074
A_hat,high_order,RBF_f,5,0.965,150000,1479,913
A_hat,high_order,RBF_f,5,0.9675,150000,1250,772
A_hat,high_order,RBF_f,5,0.97,150000,1045,629
A_hat,high_order,RBF_f,5,0.9725,150000,875,520
A_hat,high_order,RBF_f,5,0.975,150000,683,401
A_hat,high_order,RBF_f,5,0.9775,150000,543,317
A_hat,high_order,RBF_f,5,0.98,150000,427,248
A_hat,high_order,RBF_f,5,0.9825,150000,319,179
A_hat,high_order,RBF_f,5,0.985,150000,224,120
A_hat,high_order,RBF_f,5,0.9875,150000,156,73
A_hat,high_order,RBF_f,5,0.99,150000,87,36
A_hat,high_order,RBF_f,5,0.9925,150000,34,12
A_hat,high_order,RBF_f,5,0.995,150000,19,7
A_hat,high_order,RBF_f,5,0.9975,150000,8,1
A_hat,high_order,RBF_f,5,1.0,150000,0,0
C,high_order,RBF_f,5,0.7,150000,65622,51385
C,high_order,RBF_f,5,0.7025,150000,64978,50936
C,high_order,RBF_f,5,0.705,150000,64340,50479
C,high_order,RBF_f,5,0.7075,150000,63765,50068
C,high_order,RBF_f,5,0.71,150000,63124,49624
C,high_order,RBF_f,5,0.7125,150000,62477,49179
C,high_order,RBF_f,5,0.715,150000,61774,48658
C,high_order,RBF_f,5,0.7175,150000,61081,48168
C,high_order,RBF_f,5,0.72,150000,60453,47728
C,high_order,RBF_f,5,0.7225,150000,59800,47258
C,high_order,RBF_f,5,0.725,150000,59135,46771
C,high_order,RBF_f,5,0.7275,150000,58403,46234
C,high_order,RBF_f,5,0.73,150000,57778,45772
C,high_order,RBF_f,5,0.7325,150000,57105,45282
C,high_order,RBF_f,5,0.735,150000,56410,44763
C,high_order,RBF_f,5,0.7375,150000,55715,44264
C,high_order,RBF_f,5,0.74,150000,55052,43772
C,high_order,RBF_f,5,0.7425,150000,54333,43241
C,high_order,RBF_f,5,0.745,150000,53602,42705
C,high_order,RBF_f,5,0.7475,150000,52927,42201
C,high_order,RBF_f,5,0.75,150000,52204,41634
C,high_order,RBF_f,5,0.7525,150000,51502,41109
C,high_order,RBF_f,5,0.755,150000,50859,40618
C,high_order,RBF_f,5,0.7575,150000,50203,40127
C,high_order,RBF_f,5,0.76,150000,49515,39602
C,high_order,RBF_f,5,0.7625,150000,48769,39046
C,high_order,RBF_f,5,0.765,150000,48092,38512
C,high_order,RBF_f,5,0.7675,150000,47383,37972
C,high_order,RBF_f,5,0.77,150000,46694,37458
C,high_order,RBF_f,5,0.7725,150000,45997,36898
C,high_order,RBF_f,5,0.775,150000,45293,36370
C,high_order,RBF_f,5,0.7775,150000,44616,35865
C,high_order,RBF_f,5,0.78,150000,43919,35341
C,high_order,RBF_f,5,0.7825,150000,43236,34819
C,high_order,RBF_f,5,0.785,150000,42479,34227
C,high_order,RBF_f,5,0.7875,150000,41801,33728
C,high_order,RBF_f,5,0.79,150000,41127,33224
C,high_order,RBF_f,5,0.7925,150000,40421,32681
C,high_order,RBF_f,5,0.795,150000,39757,32171
C,high_order,RBF_f,5,0.7975,150000,39034,31596
C,high_order,RBF_f,5,0.8,150000,38394,31080
C,high_order,RBF_f,5,0.8025,150000,37654,30479
C,high_order,RBF_f,5,0.805,150000,36917,29897
C,high_order,RBF_f,5,0.8075,150000,36271,29374
C,high_order,RBF_f,5,0.81,150000,35570,28814
C,high_order,RBF_f,5,0.8125,150000,34821,28225
C,high_order,RBF_f,5,0.815,150000,34130,27694
C,high_order,RBF_f,5,0.8175,150000,33478,27172
C,high_order,RBF_f,5,0.82,150000,32804,26650
C,high_order,RBF_f,5,0.8225,150000,32098,26090
C,high_order,RBF_f,5,0.825,150000,31386,25542
C,high_order,RBF_f,5,0.8275,150000,30699,25011
C,high_order,RBF_f,5,0.83,150000,30043,24497
C,high_order,RBF_f,5,0.8325,150000,29309,23920
C,high_order,RBF_f,5,0.835,150000,28661,23403
C,high_order,RBF_f,5,0.8375,150000,28025,22875
C,high_order,RBF_f,5,0.84,150000,27338,22328
C,high_order,RBF_f,5,0.8425,150000,26681,21796
C,high_order,RBF_f,5,0.845,150000,26020,21257
C,high_order,RBF_f,5,0.8475,150000,25322,20693
C,high_order,RBF_f,5,0.85,150000,24601,20098
C,high_order,RBF_f,5,0.8525,150000,23905,19536
C,high_order,RBF_f,5,0.855,150000,23200,18950
C,high_order,RBF_f,5,0.8575,150000,22562,18445
C,high_order,RBF_f,5,0.86,150000,21896,17912
C,high_order,RBF_f,5,0.8625,150000,21223,17382
C,high_order,RBF_f,5,0.865,150000,20605,16879
C,high_order,RBF_f,5,0.8675,150000,19949,16355
C,high_order,RBF_f,5,0.87,150000,19350,15883
C,high_order,RBF_f,5,0.8725,150000,18698,15347
C,high_order,RBF_f,5,0.875,150000,18066,14818
C,high_order,RBF_f,5,0.8775,150000,17414,14281
C,high_order,RBF_f,5,0.88,150000,16828,13787
C,high_order,RBF_f,5,0.8825,150000,16229,13295
C,high_order,RBF_f,5,0.885,150000,15642,12816
C,high_order,RBF_f,5,0.8875,150000,15012,12287
C,high_order,RBF_f,5,0.89,150000,14403,11770
C,high_order,RBF_f,5,0.8925,150000,13816,11277
C,high_order,RBF_f,5,0.895,150000,13195,10763
C,high_order,RBF_f,5,0.8975,150000,12649,10316
C,high_order,RBF_f,5,0.9,150000,12087,9843
C,high_order,RBF_f,5,0.9025,150000,11512,9370
C,high_order,RBF_f,5,0.905,150000,10987,8935
C,high_order,RBF_f,5,0.9075,150000,10411,8478
C,high_order,RBF_f,5,0.91,150000,9894,8045
C,high_order,RBF_f,5,0.9125,150000,9402,7638
C,high_order,RBF_f,5,0.915,150000,8930,7241
C,high_order,RBF_f,5,0.9175,150000,8466,6871
C,high_order,RBF_f,5,0.92,150000,7954,6450
C,high_order,RBF_f,5,0.9225,150000,7497,6068
C,high_order,RBF_f,5,0.925,150000,7070,5722
C,high_order,RBF_f,5,0.9275,150000,6609,5353
C,high_order,RBF_f,5,0.93,150000,6167,4997
C,high_order,RBF_f,5,0.9325,150000,5740,4634
C,high_order,RBF_f,5,0.935,150000,5346,4310
C,high_order,RBF_f,5,0.9375,150000,4933,3972
C,high_order,RBF_f,5,0.94,150000,4532,3635
C,high_order,RBF_f,5,0.9425,150000,4159,3329
C,high_order,RBF_f,5,0.945,150000,3803,3036
C,high_order,RBF_f,5,0.9475,150000,3450,2749
C,high_order,RBF_f,5,0.95,150000,3104,2456
C,high_order,RBF_f,5,0.9525,150000,2789,2200
C,high_order,RBF_f,5,0.955,150000,2483,1952
C,high_order,RBF_f,5,0.9575,150000,2215,1726
C,high_order,RBF_f,5,0.96,150000,1969,1532
C,high_order,RBF_f,5,0.9625,150000,1732,1338
C,high_order,RBF_f,5,0.965,150000,1477,1142
C,high_order,RBF_f,5,0.9675,150000,1265,973
C,high_order,RBF_f,5,0.97,150000,1069,821
C,high_order,RBF_f,5,0.9725,150000,894,680
C,high_order,RBF_f,5,0.975,150000,707,528
C,high_order,RBF_f,5,0.9775,150000,558,414
C,high_order,RBF_f,5,0.98,150000,414,292
C,high_order,RBF_f,5,0.9825,150000,303,211
C,high_order,RBF_f,5,0.985,150000,222,154
C,high_order,RBF_f,5,0.9875,150000,140,95
C,high_order,RBF_f,5,0.99,150000,104,70
C,high_order,RBF_f,5,0.9925,150000,46,26
C,high_order,RBF_f,5,0.995,150000,18,10
C,high_order,RBF_f,5,0.9975,150000,6,4
C,high_order,RBF_f,5,1.0,150000,0,0
C,binary_relevance,RBF_f,5,0.7,150000,70654,58869
C,binary_relevance,RBF_f,5,0.7025,150000,70144,58504
C,binary_relevance,RBF_f,5,0.705,150000,69579,58115
C,binary_relevance,RBF_f,5,0.7075,150000,69067,57753
C,binary_relevance,RBF_f,5,0.71,150000,68501,57346
C,binary_relevance,RBF_f,5,0.7125,150000,67940,56918
C,binary_relevance,RBF_f,5,0.715,150000,67382,56529
C,binary_relevance,RBF_f,5,0.7175,150000,66790,56111
C,binary_relevance,RBF_f,5,0.72,150000,66171,55681
C,binary_relevance,RBF_f,5,0.7225,150000,65598,55271
C,binary_relevance,RBF_f,5,0.725,150000,64999,54845
C,binary_relevance,RBF_f,5,0.7275,150000,64393,54389
C,binary_relevance,RBF_f,5,0.73,150000,63760,53924
C,binary_relevance,RBF_f,5,0.7325,150000,63100,53452
C,binary_relevance,RBF_f,5,0.735,150000,62488,52998
C,binary_relevance,RBF_f,5,0.7375,150000,61882,52545
C,binary_relevance,RBF_f,5,0.74,150000,61229,52045
C,binary_relevance,RBF_f,5,0.7425,150000,60557,51552
C,binary_relevance,RBF_f,5,0.745,150000,59893,51053
C,binary_relevance,RBF_f,5,0.7475,150000,59198,50505
C,binary_relevance,RBF_f,5,0.75,150000,58506,49985
C,binary_relevance,RBF_f,5,0.7525,150000,57808,49460
C,binary_relevance,RBF_f,5,0.755,150000,57073,48874
C,binary_relevance,RBF_f,5,0.7575,150000,56299,48265
C,binary_relevance,RBF_f,5,0.76,150000,55529,47672
C,binary_relevance,RBF_f,5,0.7625,150000,54781,47079
C,binary_relevance,RBF_f,5,0.765,150000,53984,46459
C,binary_relevance,RBF_f,5,0.7675,150000,53241,45875
C,binary_relevance,RBF_f,5,0.77,150000,52492,45297
C,binary_relevance,RBF_f,5,0.7725,150000,51693,44685
C,binary_relevance,RBF_f,5,0.775,150000,50955,44120
C,binary_relevance,RBF_f,5,0.7775,150000,50257,43559
C,binary_relevance,RBF_f,5,0.78,150000,49549,42987
C,binary_relevance,RBF_f,5,0.7825,150000,48894,42470
C,binary_relevance,RBF_f,5,0.785,150000,48116,41868
C,binary_relevance,RBF_f,5,0.7875,150000,47398,41277
C,binary_relevance,RBF_f,5,0.79,150000,46709,40715
C,binary_relevance,RBF_f,5,0.7925,150000,46009,40160
C,binary_relevance,RBF_f,5,0.795,150000,45253,39567
C,binary_relevance,RBF_f,5,0.7975,150000,44459,38924
C,binary_relevance,RBF_f,5,0.8,150000,43774,38368
C,binary_relevance,RBF_f,5,0.8025,150000,43052,37797
C,binary_relevance,RBF_f,5,0.805,150000,42375,37223
C,binary_relevance,RBF_f,5,0.8075,150000,41662,36646
C,binary_relevance,RBF_f,5,0.81,150000,40886,35998
C,binary_relevance,RBF_f,5,0.8125,150000,40186,35399
C,binary_relevance,RBF_f,5,0.815,150000,39399,34761
C,binary_relevance,RBF_f,5,0.8175,150000,38600,34090
C,binary_relevance,RBF_f,5,0.82,150000,37772,33390
C,binary_relevance,RBF_f,5,0.8225,150000,36864,32617
C,binary_relevance,RBF_f,5,0.825,150000,35934,31843
C,binary_relevance,RBF_f,5,0.8275,150000,35071,31110
C,binary_relevance,RBF_f,5,0.83,150000,34209,30383
C,binary_relevance,RBF_f,5,0.8325,150000,33317,29637
C,binary_relevance,RBF_f,5,0.835,150000,32386,28857
C,binary_relevance,RBF_f,5,0.8375,150000,31473,28091
C,binary_relevance,RBF_f,5,0.84,150000,30491,27248
C,binary_relevance,RBF_f,5,0.8425,150000,29351,26274
C,binary_relevance,RBF_f,5,0.845,150000,28032,25123
C,binary_relevance,RBF_f,5,0.8475,150000,26839,24104
C,binary_relevance,RBF_f,5,0.85,150000,25812,23214
C,binary_relevance,RBF_f,5,0.8525,150000,24782,22339
C,binary_relevance,RBF_f,5,0.855,150000,23863,21538
C,binary_relevance,RBF_f,5,0.8575,150000,23039,20822
C,binary_relevance,RBF_f,5,0.86,150000,22167,20054
C,binary_relevance,RBF_f,5,0.8625,150000,21336,19321
C,binary_relevance,RBF_f,5,0.865,150000,20509,18607
C,binary_relevance,RBF_f,5,0.8675,150000,19756,17959
C,binary_relevance,RBF_f,5,0.87,150000,19049,17336
C,binary_relevance,RBF_f,5,0.8725,150000,18474,16836
C,binary_relevance,RBF_f,5,0.875,150000,17838,16275
C,binary_relevance,RBF_f,5,0.8775,150000,17290,15797
C,binary_relevance,RBF_f,5,0.88,150000,16786,15347
C,binary_relevance,RBF_f,5,0.8825,150000,16220,14843
C,binary_relevance,RBF_f,5,0.885,150000,15653,14340
C,binary_relevance,RBF_f,5,0.8875,150000,15049,13802
C,binary_relevance,RBF_f,5,0.89,150000,14486,13294
C,binary_relevance,RBF_f,5,0.8925,150000,13941,12813
C,binary_relevance,RBF_f,5,0.895,150000,13371,12313
C,binary_relevance,RBF_f,5,0.8975,150000,12878,11869
C,binary_relevance,RBF_f,5,0.9,150000,12298,11359
C,binary_relevance,RBF_f,5,0.9025,150000,11755,10858
C,binary_relevance,RBF_f,5,0.905,150000,11145,10301
C,binary_relevance,RBF_f,5,0.9075,150000,10594,9808
C,binary_relevance,RBF_f,5,0.91,150000,10059,9324
C,binary_relevance,RBF_f,5,0.9125,150000,9486,8801
C,binary_relevance,RBF_f,5,0.915,150000,8899,8262
C,binary_relevance,RBF_f,5,0.9175,150000,8333,7734
C,binary_relevance,RBF_f,5,0.92,150000,7774,7217
C,binary_relevance,RBF_f,5,0.9225,150000,7252,6731
C,binary_relevance,RBF_f,5,0.925,150000,6701,6217
C,binary_relevance,RBF_f,5,0.9275,150000,6239,5784
C,binary_relevance,RBF_f,5,0.93,150000,5763,5358
C,binary_relevance,RBF_f,5,0.9325,150000,5275,4905
C,binary_relevance,RBF_f,5,0.935,150000,4810,4469
C,binary_relevance,RBF_f,5,0.9375,150000,4360,4040
C,binary_relevance,RBF_f,5,0.94,150000,3933,3641
C,binary_relevance,RBF_f,5,0.9425,150000,3531,3262
C,binary_relevance,RBF_f,5,0.945,150000,3124,2878
C,binary_relevance,RBF_f,5,0.9475,150000,2710,2489
C,binary_relevance,RBF_f,5,0.95,150000,2394,2192
C,binary_relevance,RBF_f,5,0.9525,150000,2099,1914
C,binary_relevance,RBF_f,5,0.955,150000,1835,1668
C,binary_relevance,RBF_f,5,0.9575,150000,1619,1465
C,binary_relevance,RBF_f,5,0.96,150000,1365,1225
C,binary_relevance,RBF_f,5,0.9625,150000,1148,1018
C,binary_relevance,RBF_f,5,0.965,150000,976,850
C,binary_relevance,RBF_f,5,0.9675,150000,821,707
C,binary_relevance,RBF_f,5,0.97,150000,706,600
C,binary_relevance,RBF_f,5,0.9725,150000,626,532
C,binary_relevance,RBF_f,5,0.975,150000,555,465
C,binary_relevance,RBF_f,5,0.9775,150000,501,416
C,binary_relevance,RBF_f,5,0.98,150000,452,369
C,binary_relevance,RBF_f,5,0.9825,150000,405,327
C,binary_relevance,RBF_f,5,0.985,150000,348,271
C,binary_relevance,RBF_f,5,0.9875,150000,312,238
C,binary_relevance,RBF_f,5,0.99,150000,273,207
C,binary_relevance,RBF_f,5,0.9925,150000,234,175
C,binary_relevance,RBF_f,5,0.995,150000,205,148
C,binary_relevance,RBF_f,5,0.9975,150000,149,101
C,binary_relevance,RBF_f,5,1.0,150000,34,16
w,high_order,RBF_f,5,0.7,150000,62719,60785
w,high_order,RBF_f,5,0.7025,150000,61884,60044
w,high_order,RBF_f,5,0.705,150000,61101,59341
w,high_order,RBF_f,5,0.7075,150000,60292,58600
w,high_order,RBF_f,5,0.71,150000,59450,57846
w,high_order,RBF_f,5,0.7125,150000,58644,57118
w,high_order,RBF_f,5,0.715,150000,57799,56352
w,high_order,RBF_f,5,0.7175,150000,56988,55601
w,high_order,RBF_f,5,0.72,150000,56131,54790
w,high_order,RBF_f,5,0.7225,150000,55295,54010
w,high_order,RBF_f,5,0.725,150000,54444,53224
w,high_order,RBF_f,5,0.7275,150000,53602,52449
w,high_order,RBF_f,5,0.73,150000,52756,51648
w,high_order,RBF_f,5,0.7325,150000,52010,50938
w,high_order,RBF_f,5,0.735,150000,51196,50170
w,high_order,RBF_f,5,0.7375,150000,50400,49414
w,high_order,RBF_f,5,0.74,150000,49582,48642
w,high_order,RBF_f,5,0.7425,150000,48752,47873
w,high_order,RBF_f,5,0.745,150000,47942,47103
w,high_order,RBF_f,5,0.7475,150000,47119,46321
w,high_order,RBF_f,5,0.75,150000,46293,45542
w,high_order,RBF_f,5,0.7525,150000,45465,44752
w,high_order,RBF_f,5,0.755,150000,44626,43949
w,high_order,RBF_f,5,0.7575,150000,43810,43167
w,high_order,RBF_f,5,0.76,150000,42977,42377
w,high_order,RBF_f,5,0.7625,150000,42137,41573
w,high_order,RBF_f,5,0.765,150000,41311,40778
w,high_order,RBF_f,5,0.7675,150000,40503,39997
w,high_order,RBF_f,5,0.77,150000,39720,39250
w,high_order,RBF_f,5,0.7725,150000,38927,38482
w,high_order,RBF_f,5,0.775,150000,38116,37692
w,high_order,RBF_f,5,0.7775,150000,37306,36906
w,high_order,RBF_f,5,0.78,150000,36527,36151
w,high_order,RBF_f,5,0.7825,150000,35723,35373
w,high_order,RBF_f,5,0.785,150000,34850,34521
w,high_order,RBF_f,5,0.7875,150000,34070,33764
w,high_order,RBF_f,5,0.79,150000,33244,32951
w,high_order,RBF_f,5,0.7925,150000,32448,32176
w,high_order,RBF_f,5,0.795,150000,31608,31347
w,high_order,RBF_f,5,0.7975,150000,30830,30585
w,high_order,RBF_f,5,0.8,150000,30020,29796
w,high_order,RBF_f,5,0.8025,150000,29209,28998
w,high_order,RBF_f,5,0.805,150000,28399,28201
w,high_order,RBF_f,5,0.8075,150000,27648,27456
w,high_order,RBF_f,5,0.81,150000,26897,26712
w,high_order,RBF_f,5,0.8125,150000,26121,25944
w,high_order,RBF_f,5,0.815,150000,25379,25214
w,high_order,RBF_f,5,0.8175,150000,24614,24461
w,high_order,RBF_f,5,0.82,150000,23888,23743
w,high_order,RBF_f,5,0.8225,150000,23181,23049
w,high_order,RBF_f,5,0.825,150000,22408,22285
w,high_order,RBF_f,5,0.8275,150000,21667,21550
w,high_order,RBF_f,5,0.83,150000,20946,20841
w,high_order,RBF_f,5,0.8325,150000,20226,20130
w,high_order,RBF_f,5,0.835,150000,19508,19420
w,high_order,RBF_f,5,0.8375,150000,18816,18734
w,high_order,RBF_f,5,0.84,150000,18137,18061
w,high_order,RBF_f,5,0.8425,150000,17464,17392
w,high_order,RBF_f,5,0.845,150000,16800,16733
w,high_order,RBF_f,5,0.8475,150000,16146,16080
w,high_order,RBF_f,5,0.85,150000,15493,15433
w,high_order,RBF_f,5,0.8525,150000,14875,14819
w,high_order,RBF_f,5,0.855,150000,14246,14192
w,high_order,RBF_f,5,0.8575,150000,13665,13615
w,high_order,RBF_f,5,0.86,150000,13078,13031
w,high_order,RBF_f,5,0.8625,150000,12501,12458
w,high_order,RBF_f,5,0.865,150000,11919,11881
w,high_order,RBF_f,5,0.8675,150000,11345,11311
w,high_order,RBF_f,5,0.87,150000,10758,10726
w,high_order,RBF_f,5,0.8725,150000,10236,10206
w,high_order,RBF_f,5,0.875,150000,9729,9701
w,high_order,RBF_f,5,0.8775,150000,9205,9182
w,high_order,RBF_f,5,0.88,150000,8705,8684
w,high_order,RBF_f,5,0.8825,150000,8194,8174
w,high_order,RBF_f,5,0.885,150000,7673,7655
w,high_order,RBF_f,5,0.8875,150000,7194,7178
w,high_order,RBF_f,5,0.89,150000,6700,6686
w,high_order,RBF_f,5,0.8925,150000,6262,6249
w,high_order,RBF_f,5,0.895,150000,5813,5802
w,high_order,RBF_f,5,0.8975,150000,5372,5364
w,high_order,RBF_f,5,0.9,150000,4964,4957
w,high_order,RBF_f,5,0.9025,150000,4608,4602
w,high_order,RBF_f,5,0.905,150000,4217,4212
w,high_order,RBF_f,5,0.9075,150000,3886,3883
w,high_order,RBF_f,5,0.91,150000,3542,3539
w,high_order,RBF_f,5,0.9125,150000,3190,3187
w,high_order,RBF_f,5,0.915,150000,2902,2899
w,high_order,RBF_f,5,0.9175,150000,2627,2624
w,high_order,RBF_f,5,0.92,150000,2377,2375
w,high_order,RBF_f,5,0.9225,150000,2112,2111
w,high_order,RBF_f,5,0.925,150000,1881,1880
w,high_order,RBF_f,5,0.9275,150000,1683,1682
w,high_order,RBF_f,5,0.93,150000,1476,1475
w,high_order,RBF_f,5,0.9325,150000,1282,1281
w,high_order,RBF_f,5,0.935,150000,1106,1106
w,high_order,RBF_f,5,0.9375,150000,946,946
w,high_order,RBF_f,5,0.94,150000,787,787
w,high_order,RBF_f,5,0.9425,150000,656,656
w,high_order,RBF_f,5,0.945,150000,558,558
w,high_order,RBF_f,5,0.9475,150000,468,468
w,high_order,RBF_f,5,0.95,150000,383,383
w,high_order,RBF_f,5,0.9525,150000,299,299
w,high_order,RBF_f,5,0.955,150000,239,239
w,high_order,RBF_f,5,0.9575,150000,181,181
w,high_order,RBF_f,5,0.96,150000,136,136
w,high_order,RBF_f,5,0.9625,150000,88,88
w,high_order,RBF_f,5,0.965,150000,63,63
w,high_order,RBF_f,5,0.9675,150000,33,33
w,high_order,RBF_f,5,0.97,150000,21,21
w,high_order,RBF_f,5,0.9725,150000,9,9
w,high_order,RBF_f,5,0.975,150000,3,3
w,high_order,RBF_f,5,0.9775,150000,1,1
w,high_order,RBF_f,5,0.98,150000,0,0
w,high_order,RBF_f,5,0.9825,150000,0,0
w,high_order,RBF_f,5,0.985,150000,0,0
w,high_order,RBF_f,5,0.9875,150000,0,0
w,high_order,RBF_f,5,0.99,150000,0,0
w,high_order,RBF_f,5,0.9925,150000,0,0
w,high_order,RBF_f,5,0.995,150000,0,0
w,high_order,RBF_f,5,0.9975,150000,0,0
w,high_order,RBF_f,5,1.0,150000,0,0
A_hat,binary_relevance_probe,RBF_f,5,0.7,600000,270883,208612
A_hat,binary_relevance_probe,RBF_f,5,0.7025,600000,265807,205086
A_hat,binary_relevance_probe,RBF_f,5,0.705,600000,261537,202158
A_hat,binary_relevance_probe,RBF_f,5,0.7075,600000,257330,199207
A_hat,binary_relevance_probe,RBF_f,5,0.71,600000,252386,195709
A_hat,binary_relevance_probe,RBF_f,5,0.7125,600000,247192,192042
A_hat,binary_relevance_probe,RBF_f,5,0.715,600000,240590,187363
A_hat,binary_relevance_probe,RBF_f,5,0.7175,600000,233176,182068
A_hat,binary_relevance_probe,RBF_f,5,0.72,600000,225501,176579
A_hat,binary_relevance_probe,RBF_f,5,0.7225,600000,219307,172178
A_hat,binary_relevance_probe,RBF_f,5,0.725,600000,213332,167850
A_hat,binary_relevance_probe,RBF_f,5,0.7275,600000,207020,163309
A_hat,binary_relevance_probe,RBF_f,5,0.73,600000,201175,159122
A_hat,binary_relevance_probe,RBF_f,5,0.7325,600000,196063,155408
A_hat,binary_relevance_probe,RBF_f,5,0.735,600000,193064,153268
A_hat,binary_relevance_probe,RBF_f,5,0.7375,600000,190231,151264
A_hat,binary_relevance_probe,RBF_f,5,0.74,600000,185475,147777
A_hat,binary_relevance_probe,RBF_f,5,0.7425,600000,182440,145596
A_hat,binary_relevance_probe,RBF_f,5,0.745,600000,179647,143583
A_hat,binary_relevance_probe,RBF_f,5,0.7475,600000,176438,141277
A_hat,binary_relevance_probe,RBF_f,5,0.75,600000,172657,138534
A_hat,binary_relevance_probe,RBF_f,5,0.7525,600000,169531,136234
A_hat,binary_relevance_probe,RBF_f,5,0.755,600000,165744,133474
A_hat,binary_relevance_probe,RBF_f,5,0.7575,600000,160924,129886
A_hat,binary_relevance_probe,RBF_f,5,0.76,600000,157060,126996
A_hat,binary_relevance_probe,RBF_f,5,0.7625,600000,154476,125061
A_hat,binary_relevance_probe,RBF_f,5,0.765,600000,152165,123349
A_hat,binary_relevance_probe,RBF_f,5,0.7675,600000,149983,121712
A_hat,binary_relevance_probe,RBF_f,5,0.77,600000,147811,120097
A_hat,binary_relevance_probe,RBF_f,5,0.7725,600000,145667,118498
A_hat,binary_relevance_probe,RBF_f,5,0.775,600000,143421,116788
A_hat,binary_relevance_probe,RBF_f,5,0.7775,600000,141143,115063
A_hat,binary_relevance_probe,RBF_f,5,0.78,600000,138836,113300
A_hat,binary_relevance_probe,RBF_f,5,0.7825,600000,136235,111309
A_hat,binary_relevance_probe,RBF_f,5,0.785,600000,133779,109420
A_hat,binary_relevance_probe,RBF_f,5,0.7875,600000,131342,107604
A_hat,binary_relevance_probe,RBF_f,5,0.79,600000,128949,105785
A_hat,binary_relevance_probe,RBF_f,5,0.7925,600000,126609,104010
A_hat,binary_relevance_probe,RBF_f,5,0.795,600000,124134,102150
A_hat,binary_relevance_probe,RBF_f,5,0.7975,600000,121726,100289
A_hat,binary_relevance_probe,RBF_f,5,0.8,600000,119338,98435
A_hat,binary_relevance_probe,RBF_f,5,0.8025,600000,116983,96660
A_hat,binary_relevance_probe,RBF_f,5,0.805,600000,114492,94714
A_hat,binary_relevance_probe,RBF_f,5,0.8075,600000,112036,92751
A_hat,binary_relevance_probe,RBF_f,5,0.81,600000,109602,90844
A_hat,binary_relevance_probe,RBF_f,5,0.8125,600000,107170,88901
A_hat,binary_relevance_probe,RBF_f,5,0.815,600000,104638,86880
A_hat,binary_relevance_probe,RBF_f,5,0.8175,600000,102266,85025
A_hat,binary_relevance_probe,RBF_f,5,0.82,600000,100003,83229
A_hat,binary_relevance_probe,RBF_f,5,0.8225,600000,97780,81476
A_hat,binary_relevance_probe,RBF_f,5,0.825,600000,95538,79725
A_hat,binary_relevance_probe,RBF_f,5,0.8275,600000,93317,77949
A_hat,binary_relevance_probe,RBF_f,5,0.83,600000,91068,76189
A_hat,binary_relevance_probe,RBF_f,5,0.8325,600000,88780,74368
A_hat,binary_relevance_probe,RBF_f,5,0.835,600000,86518,72543
A_hat,binary_relevance_probe,RBF_f,5,0.8375,600000,84300,70752
A_hat,binary_relevance_probe,RBF_f,5,0.84,600000,81977,68881
A_hat,binary_relevance_probe,RBF_f,5,0.8425,600000,79728,67052
A_hat,binary_relevance_probe,RBF_f,5,0.845,600000,77382,65132
A_hat,binary_relevance_probe,RBF_f,5,0.8475,600000,74923,63137
A_hat,binary_relevance_probe,RBF_f,5,0.85,600000,72493,61120
A_hat,binary_relevance_probe,RBF_f,5,0.8525,600000,70128,59155
A_hat,binary_relevance_probe,RBF_f,5,0.855,600000,67712,57123
A_hat,binary_relevance_probe,RBF_f,5,0.8575,600000,65359,55166
A_hat,binary_relevance_probe,RBF_f,5,0.86,600000,62970,53192
A_hat,binary_relevance_probe,RBF_f,5,0.8625,600000,60634,51238
A_hat,binary_relevance_probe,RBF_f,5,0.865,600000,58357,49368
A_hat,binary_relevance_probe,RBF_f,5,0.8675,600000,56141,47533
A_hat,binary_relevance_probe,RBF_f,5,0.87,600000,53969,45728
A_hat,binary_relevance_probe,RBF_f,5,0.8725,600000,51864,43951
A_hat,binary_relevance_probe,RBF_f,5,0.875,600000,49800,42229
A_hat,binary_relevance_probe,RBF_f,5,0.8775,600000,47789,40563
A_hat,binary_relevance_probe,RBF_f,5,0.88,600000,45894,38978
A_hat,binary_relevance_probe,RBF_f,5,0.8825,600000,44021,37427
A_hat,binary_relevance_probe,RBF_f,5,0.885,600000,42193,35887
A_hat,binary_relevance_probe,RBF_f,5,0.8875,600000,40321,34295
A_hat,binary_relevance_probe,RBF_f,5,0.89,600000,38543,32825
A_hat,binary_relevance_probe,RBF_f,5,0.8925,600000,36766,31302
A_hat,binary_relevance_probe,RBF_f,5,0.895,600000,35028,29863
A_hat,binary_relevance_probe,RBF_f,5,0.8975,600000,33345,28462
A_hat,binary_relevance_probe,RBF_f,5,0.9,600000,31646,27023
A_hat,binary_relevance_probe,RBF_f,5,0.9025,600000,30017,25674
A_hat,binary_relevance_probe,RBF_f,5,0.905,600000,28401,24289
A_hat,binary_relevance_probe,RBF_f,5,0.9075,600000,26844,22951
A_hat,binary_relevance_probe,RBF_f,5,0.91,600000,25500,21798
A_hat,binary_relevance_probe,RBF_f,5,0.9125,600000,24041,20513
A_hat,binary_relevance_probe,RBF_f,5,0.915,600000,22594,19228
A_hat,binary_relevance_probe,RBF_f,5,0.9175,600000,21171,17970
A_hat,binary_relevance_probe,RBF_f,5,0.92,600000,19832,16823
A_hat,binary_relevance_probe,RBF_f,5,0.9225,600000,18560,15697
A_hat,binary_relevance_probe,RBF_f,5,0.925,600000,17406,14689
A_hat,binary_relevance_probe,RBF_f,5,0.9275,600000,16314,13727
A_hat,binary_relevance_probe,RBF_f,5,0.93,600000,15277,12834
A_hat,binary_relevance_probe,RBF_f,5,0.9325,600000,14274,11948
A_hat,binary_relevance_probe,RBF_f,5,0.935,600000,13327,11120
A_hat,binary_relevance_probe,RBF_f,5,0.9375,600000,12434,10334
A_hat,binary_relevance_probe,RBF_f,5,0.94,600000,11592,9590
A_hat,binary_relevance_probe,RBF_f,5,0.9425,600000,10822,8917
A_hat,binary_relevance_probe,RBF_f,5,0.945,600000,10075,8251
A_hat,binary_relevance_probe,RBF_f,5,0.9475,600000,9470,7728
A_hat,binary_relevance_probe,RBF_f,5,0.95,600000,8920,7252
A_hat,binary_relevance_probe,RBF_f,5,0.9525,600000,8346,6763
A_hat,binary_relevance_probe,RBF_f,5,0.955,600000,7895,6378
A_hat,binary_relevance_probe,RBF_f,5,0.9575,600000,7514,6068
A_hat,binary_relevance_probe,RBF_f,5,0.96,600000,7162,5775
A_hat,binary_relevance_probe,RBF_f,5,0.9625,600000,6808,5465
A_hat,binary_relevance_probe,RBF_f,5,0.965,600000,6429,5159
A_hat,binary_relevance_probe,RBF_f,5,0.9675,600000,6096,4871
A_hat,binary_relevance_probe,RBF_f,5,0.97,600000,5713,4542
A_hat,binary_relevance_probe,RBF_f,5,0.9725,600000,5381,4265
A_hat,binary_relevance_probe,RBF_f,5,0.975,600000,5090,4015
A_hat,binary_relevance_probe,RBF_f,5,0.9775,600000,4857,3821
A_hat,binary_relevance_probe,RBF_f,5,0.98,600000,4607,3605
A_hat,binary_relevance_probe,RBF_f,5,0.9825,600000,4273,3315
A_hat,binary_relevance_probe,RBF_f,5,0.985,600000,3907,3006
A_hat,binary_relevance_probe,RBF_f,5,0.9875,600000,3631,2771
A_hat,binary_relevance_probe,RBF_f,5,0.99,600000,3348,2534
A_hat,binary_relevance_probe,RBF_f,5,0.9925,600000,3008,2248
A_hat,binary_relevance_probe,RBF_f,5,0.995,600000,2579,1860
A_hat,binary_relevance_probe,RBF_f,5,0.9975,600000,1952,1290
A_hat,binary_relevance_probe,RBF_f,5,1.0,600000,936,577
M,high_order,RBF_m,5,0.7,150000,98779,76843
M,high_order,RBF_m,5,0.7025,150000,98531,76692
M,high_order,RBF_m,5,0.705,150000,98196,76472
M,high_order,RBF_m,5,0.7075,150000,97891,76272
M,high_order,RBF_m,5,0.71,150000,97618,76084
M,high_order,RBF_m,5,0.7125,150000,97344,75910
M,high_order,RBF_m,5,0.715,150000,97087,75737
M,high_order,RBF_m,5,0.7175,150000,96821,75558
M,high_order,RBF_m,5,0.72,150000,96503,75360
M,high_order,RBF_m,5,0.7225,150000,96234,75171
M,high_order,RBF_m,5,0.725,150000,95968,74990
M,high_order,RBF_m,5,0.7275,150000,95696,74806
M,high_order,RBF_m,5,0.73,150000,95439,74634
M,high_order,RBF_m,5,0.7325,150000,95183,74468
M,high_order,RBF_m,5,0.735,150000,94922,74290
M,high_order,RBF_m,5,0.7375,150000,94706,74140
M,high_order,RBF_m,5,0.74,150000,94438,73958
M,high_order,RBF_m,5,0.7425,150000,94191,73807
M,high_order,RBF_m,5,0.745,150000,93934,73640
M,high_order,RBF_m,5,0.7475,150000,93662,73445
M,high_order,RBF_m,5,0.75,150000,93358,73227
M,high_order,RBF_m,5,0.7525,150000,93096,73039
M,high_order,RBF_m,5,0.755,150000,92791,72816
M,high_order,RBF_m,5,0.7575,150000,92514,72611
M,high_order,RBF_m,5,0.76,150000,92209,72396
M,high_order,RBF_m,5,0.7625,150000,91858,72144
M,high_order,RBF_m,5,0.765,150000,91515,71885
M,high_order,RBF_m,5,0.7675,150000,91151,71618
M,high_order,RBF_m,5,0.77,150000,90809,71372
M,high_order,RBF_m,5,0.7725,150000,90501,71149
M,high_order,RBF_m,5,0.775,150000,90224,70949
M,high_order,RBF_m,5,0.7775,150000,89908,70741
M,high_order,RBF_m,5,0.78,150000,89615,70532
M,high_order,RBF_m,5,0.7825,150000,89277,70288
M,high_order,RBF_m,5,0.785,150000,88990,70076
M,high_order,RBF_m,5,0.7875,150000,88676,69858
M,high_order,RBF_m,5,0.79,150000,88375,69649
M,high_order,RBF_m,5,0.7925,150000,88081,69433
M,high_order,RBF_m,5,0.795,150000,87774,69236
M,high_order,RBF_m,5,0.7975,150000,87424,68995
M,high_order,RBF_m,5,0.8,150000,87085,68748
M,high_order,RBF_m,5,0.8025,150000,86745,68497
M,high_order,RBF_m,5,0.805,150000,86405,68253
M,high_order,RBF_m,5,0.8075,150000,86041,67993
M,high_order,RBF_m,5,0.81,150000,85673,67736
M,high_order,RBF_m,5,0.8125,150000,85313,67481
M,high_order,RBF_m,5,0.815,150000,84936,67206
M,high_order,RBF_m,5,0.8175,150000,84558,66928
M,high_order,RBF_m,5,0.82,150000,84143,66625
M,high_order,RBF_m,5,0.8225,150000,83774,66345
M,high_order,RBF_m,5,0.825,150000,83394,66067
M,high_order,RBF_m,5,0.8275,150000,82943,65739
M,high_order,RBF_m,5,0.83,150000,82493,65405
M,high_order,RBF_m,5,0.8325,150000,82161,65168
M,high_order,RBF_m,5,0.835,150000,81746,64867
M,high_order,RBF_m,5,0.8375,150000,81386,64599
M,high_order,RBF_m,5,0.84,150000,80976,64278
M,high_order,RBF_m,5,0.8425,150000,80568,63988
M,high_order,RBF_m,5,0.845,150000,80213,63720
M,high_order,RBF_m,5,0.8475,150000,79784,63409
M,high_order,RBF_m,5,0.85,150000,79356,63090
M,high_order,RBF_m,5,0.8525,150000,78844,62694
M,high_order,RBF_m,5,0.855,150000,78400,62350
M,high_order,RBF_m,5,0.8575,150000,77935,61999
M,high_order,RBF_m,5,0.86,150000,77473,61657
M,high_order,RBF_m,5,0.8625,150000,76989,61271
M,high_order,RBF_m,5,0.865,150000,76523,60924
M,high_order,RBF_m,5,0.8675,150000,76028,60551
M,high_order,RBF_m,5,0.87,150000,75534,60155
M,high_order,RBF_m,5,0.8725,150000,75082,59803
M,high_order,RBF_m,5,0.875,150000,74596,59435
M,high_order,RBF_m,5,0.8775,150000,74102,59067
M,high_order,RBF_m,5,0.88,150000,73544,58621
M,high_order,RBF_m,5,0.8825,150000,72960,58164
M,high_order,RBF_m,5,0.885,150000,72290,57638
M,high_order,RBF_m,5,0.8875,150000,71670,57150
M,high_order,RBF_m,5,0.89,150000,71075,56673
M,high_order,RBF_m,5,0.8925,150000,70506,56227
M,high_order,RBF_m,5,0.895,150000,69920,55752
M,high_order,RBF_m,5,0.8975,150000,69310,55275
M,high_order,RBF_m,5,0.9,150000,68741,54853
M,high_order,RBF_m,5,0.9025,150000,68145,54354
M,high_order,RBF_m,5,0.905,150000,67527,53862
M,high_order,RBF_m,5,0.9075,150000,66878,53326
M,high_order,RBF_m,5,0.91,150000,66274,52839
M,high_order,RBF_m,5,0.9125,150000,65588,52287
M,high_order,RBF_m,5,0.915,150000,64940,51746
M,high_order,RBF_m,5,0.9175,150000,64300,51243
M,high_order,RBF_m,5,0.92,150000,63697,50765
M,high_order,RBF_m,5,0.9225,150000,63049,50235
M,high_order,RBF_m,5,0.925,150000,62408,49708
M,high_order,RBF_m,5,0.9275,150000,61723,49169
M,high_order,RBF_m,5,0.93,150000,61150,48715
M,high_order,RBF_m,5,0.9325,150000,60528,48206
M,high_order,RBF_m,5,0.935,150000,59834,47636
M,high_order,RBF_m,5,0.9375,150000,59012,46964
M,high_order,RBF_m,5,0.94,150000,58243,46343
M,high_order,RBF_m,5,0.9425,150000,57480,45728
M,high_order,RBF_m,5,0.945,150000,56709,45101
M,high_order,RBF_m,5,0.9475,150000,55949,44473
M,high_order,RBF_m,5,0.95,150000,55130,43789
M,high_order,RBF_m,5,0.9525,150000,54294,43093
M,high_order,RBF_m,5,0.955,150000,53558,42472
M,high_order,RBF_m,5,0.9575,150000,52651,41716
M,high_order,RBF_m,5,0.96,150000,51770,40965
M,high_order,RBF_m,5,0.9625,150000,50928,40238
M,high_order,RBF_m,5,0.965,150000,50020,39491
M,high_order,RBF_m,5,0.9675,150000,49171,38782
M,high_order,RBF_m,5,0.97,150000,48233,37972
M,high_order,RBF_m,5,0.9725,150000,47263,37153
M,high_order,RBF_m,5,0.975,150000,46307,36345
M,high_order,RBF_m,5,0.9775,150000,45319,35538
M,high_order,RBF_m,5,0.98,150000,44389,34785
M,high_order,RBF_m,5,0.9825,150000,43296,33885
M,high_order,RBF_m,5,0.985,150000,42229,32987
M,high_order,RBF_m,5,0.9875,150000,41016,31966
M,high_order,RBF_m,5,0.99,150000,39777,30917
M,high_order,RBF_m,5,0.9925,150000,38190,29555
M,high_order,RBF_m,5,0.995,150000,36133,27781
M,high_order,RBF_m,5,0.9975,150000,33479,25488
M,high_order,RBF_m,5,1.0,150000,19060,13446
c,high_order,RBF_m,5,0.7,150000,66422,66114
c,high_order,RBF_m,5,0.7025,150000,66422,66114
c,high_order,RBF_m,5,0.705,150000,66422,66114
c,high_order,RBF_m,5,0.7075,150000,66422,66114
c,high_order,RBF_m,5,0.71,150000,66422,66114
c,high_order,RBF_m,5,0.7125,150000,66422,66114
c,high_order,RBF_m,5,0.715,150000,66422,66114
c,high_order,RBF_m,5,0.7175,150000,66422,66114
c,high_order,RBF_m,5,0.72,150000,66422,66114
c,high_order,RBF_m,5,0.7225,150000,66422,66114
c,high_order,RBF_m,5,0.725,150000,60505,60357
c,high_order,RBF_m,5,0.7275,150000,60505,60357
c,high_order,RBF_m,5,0.73,150000,60505,60357
c,high_order,RBF_m,5,0.7325,150000,60505,60357
c,high_order,RBF_m,5,0.735,150000,60505,60357
c,high_order,RBF_m,5,0.7375,150000,60505,60357
c,high_order,RBF_m,5,0.74,150000,60505,60357
c,high_order,RBF_m,5,0.7425,150000,60505,60357
c,high_order,RBF_m,5,0.745,150000,60505,60357
c,high_order,RBF_m,5,0.7475,150000,60505,60357
c,high_order,RBF_m,5,0.75,150000,60505,60357
c,high_order,RBF_m,5,0.7525,150000,60505,60357
c,high_order,RBF_m,5,0.755,150000,60505,60357
c,high_order,RBF_m,5,0.7575,150000,60505,60357
c,high_order,RBF_m,5,0.76,150000,54572,54509
c,high_order,RBF_m,5,0.7625,150000,54572,54509
c,high_order,RBF_m,5,0.765,150000,54572,54509
c,high_order,RBF_m,5,0.7675,150000,54572,54509
c,high_order,RBF_m,5,0.77,150000,54572,54509
c,high_order,RBF_m,5,0.7725,150000,54572,54509
c,high_order,RBF_m,5,0.775,150000,54572,54509
c,high_order,RBF_m,5,0.7775,150000,54572,54509
c,high_order,RBF_m,5,0.78,150000,54572,54509
c,high_order,RBF_m,5,0.7825,150000,54572,54509
c,high_order,RBF_m,5,0.785,150000,54572,54509
c,high_order,RBF_m,5,0.7875,150000,54572,54509
c,high_order,RBF_m,5,0.79,150000,54572,54509
c,high_order,RBF_m,5,0.7925,150000,54572,54509
c,high_order,RBF_m,5,0.795,150000,48579,48536
c,high_order,RBF_m,5,0.7975,150000,48579,48536
c,high_order,RBF_m,5,0.8,150000,48579,48536
c,high_order,RBF_m,5,0.8025,150000,48579,48536
c,high_order,RBF_m,5,0.805,150000,48579,48536
c,high_order,RBF_m,5,0.8075,150000,48579,48536
c,high_order,RBF_m,5,0.81,150000,48579,48536
c,high_order,RBF_m,5,0.8125,150000,48579,48536
c,high_order,RBF_m,5,0.815,150000,48579,48536
c,high_order,RBF_m,5,0.8175,150000,48579,48536
c,high_order,RBF_m,5,0.82,150000,48579,48536
c,high_order,RBF_m,5,0.8225,150000,48579,48536
c,high_order,RBF_m,5,0.825,150000,48579,48536
c,high_order,RBF_m,5,0.8275,150000,48579,48536
c,high_order,RBF_m,5,0.83,150000,42305,42288
c,high_order,RBF_m,5,0.8325,150000,42305,42288
c,high_order,RBF_m,5,0.835,150000,42305,42288
c,high_order,RBF_m,5,0.8375,150000,42305,42288
c,high_order,RBF_m,5,0.84,150000,42305,42288
c,high_order,RBF_m,5,0.8425,150000,42305,42288
c,high_order,RBF_m,5,0.845,150000,42305,42288
c,high_order,RBF_m,5,0.8475,150000,42305,42288
c,high_order,RBF_m,5,0.85,150000,42305,42288
c,high_order,RBF_m,5,0.8525,150000,42305,42288
c,high_order,RBF_m,5,0.855,150000,42305,42288
c,high_order,RBF_m,5,0.8575,150000,42305,42288
c,high_order,RBF_m,5,0.86,150000,42305,42288
c,high_order,RBF_m,5,0.8625,150000,35781,35777
c,high_order,RBF_m,5,0.865,150000,35781,35777
c,high_order,RBF_m,5,0.8675,150000,35781,35777
c,high_order,RBF_m,5,0.87,150000,35781,35777
c,high_order,RBF_m,5,0.8725,150000,35781,35777
c,high_order,RBF_m,5,0.875,150000,35781,35777
c,high_order,RBF_m,5,0.8775,150000,35781,35777
c,high_order,RBF_m,5,0.88,150000,35781,35777
c,high_order,RBF_m,5,0.8825,150000,35781,35777
c,high_order,RBF_m,5,0.885,150000,35781,35777
c,high_order,RBF_m,5,0.8875,150000,35781,35777
c,high_order,RBF_m,5,0.89,150000,35781,35777
c,high_order,RBF_m,5,0.8925,150000,35781,35777
c,high_order,RBF_m,5,0.895,150000,35781,35777
c,high_order,RBF_m,5,0.8975,150000,28605,28605
c,high_order,RBF_m,5,0.9,150000,28605,28605
c,high_order,RBF_m,5,0.9025,150000,28605,28605
c,high_order,RBF_m,5,0.905,150000,28605,28605
c,high_order,RBF_m,5,0.9075,150000,28605,28605
c,high_order,RBF_m,5,0.91,150000,28605,28605
c,high_order,RBF_m,5,0.9125,150000,28605,28605
c,high_order,RBF_m,5,0.915,150000,28605,28605
c,high_order,RBF_m,5,0.9175,150000,28605,28605
c,high_order,RBF_m,5,0.92,150000,28605,28605
c,high_order,RBF_m,5,0.9225,150000,28605,28605
c,high_order,RBF_m,5,0.925,150000,28605,28605
c,high_order,RBF_m,5,0.9275,150000,28605,28605
c,high_order,RBF_m,5,0.93,150000,28605,28605
c,high_order,RBF_m,5,0.9325,150000,19600,19600
c,high_order,RBF_m,5,0.935,150000,19600,19600
c,high_order,RBF_m,5,0.9375,150000,19600,19600
c,high_order,RBF_m,5,0.94,150000,19600,19600
c,high_order,RBF_m,5,0.9425,150000,19600,19600
c,high_order,RBF_m,5,0.945,150000,19600,19600
c,high_order,RBF_m,5,0.9475,150000,19600,19600
c,high_order,RBF_m,5,0.95,150000,19600,19600
c,high_order,RBF_m,5,0.9525,150000,19600,19600
c,high_order,RBF_m,5,0.955,150000,19600,19600
c,high_order,RBF_m,5,0.9575,150000,19600,19600
c,high_order,RBF_m,5,0.96,150000,19600,19600
c,high_order,RBF_m,5,0.9625,150000,19600,19600
c,high_order,RBF_m,5,0.965,150000,19600,19600
c,high_order,RBF_m,5,0.9675,150000,8921,8921
c,high_order,RBF_m,5,0.97,150000,8921,8921
c,high_order,RBF_m,5,0.9725,150000,8921,8921
c,high_order,RBF_m,5,0.975,150000,8921,8921
c,high_order,RBF_m,5,0.9775,150000,8921,8921
c,high_order,RBF_m,5,0.98,150000,8921,8921
c,high_order,RBF_m,5,0.9825,150000,8921,8921
c,high_order,RBF_m,5,0.985,150000,8921,8921
c,high_order,RBF_m,5,0.9875,150000,8921,8921
c,high_order,RBF_m,5,0.99,150000,8921,8921
c,high_order,RBF_m,5,0.9925,150000,8921,8921
c,high_order,RBF_m,5,0.995,150000,8921,8921
c,high_order,RBF_m,5,0.9975,150000,8921,8921
c,high_order,RBF_m,5,1.0,150000,8921,8921
A_hat,high_order,RBF_m,5,0.7,150000,78008,55253
A_hat,high_order,RBF_m,5,0.7025,150000,77358,54796
A_hat,high_order,RBF_m,5,0.705,150000,76690,54358
A_hat,high_order,RBF_m,5,0.7075,150000,76006,53894
A_hat,high_order,RBF_m,5,0.71,150000,75337,53433
A_hat,high_order,RBF_m,5,0.7125,150000,74702,53010
A_hat,high_order,RBF_m,5,0.715,150000,74064,52587
A_hat,high_order,RBF_m,5,0.7175,150000,73337,52092
A_hat,high_order,RBF_m,5,0.72,150000,72668,51637
A_hat,high_order,RBF_m,5,0.7225,150000,72011,51184
A_hat,high_order,RBF_m,5,0.725,150000,71348,50738
A_hat,high_order,RBF_m,5,0.7275,150000,70658,50265
A_hat,high_order,RBF_m,5,0.73,150000,69939,49787
A_hat,high_order,RBF_m,5,0.7325,150000,69204,49282
A_hat,high_order,RBF_m,5,0.735,150000,68500,48795
A_hat,high_order,RBF_m,5,0.7375,150000,67802,48303
A_hat,high_order,RBF_m,5,0.74,150000,67123,47841
A_hat,high_order,RBF_m,5,0.7425,150000,66367,47302
A_hat,high_order,RBF_m,5,0.745,150000,65658,46809
A_hat,high_order,RBF_m,5,0.7475,150000,64973,46315
A_hat,high_order,RBF_m,5,0.75,150000,64255,45818
A_hat,high_order,RBF_m,5,0.7525,150000,63519,45311
A_hat,high_order,RBF_m,5,0.755,150000,62786,44789
A_hat,high_order,RBF_m,5,0.7575,150000,62048,44289
A_hat,high_order,RBF_m,5,0.76,150000,61294,43743
A_hat,high_order,RBF_m,5,0.7625,150000,60577,43227
A_hat,high_order,RBF_m,5,0.765,150000,59866,42750
A_hat,high_order,RBF_m,5,0.7675,150000,59083,42203
A_hat,high_order,RBF_m,5,0.77,150000,58305,41664
A_hat,high_order,RBF_m,5,0.7725,150000,57570,41171
A_hat,high_order,RBF_m,5,0.775,150000,56848,40667
A_hat,high_order,RBF_m,5,0.7775,150000,56108,40137
A_hat,high_order,RBF_m,5,0.78,150000,55373,39603
A_hat,high_order,RBF_m,5,0.7825,150000,54572,39014
A_hat,high_order,RBF_m,5,0.785,150000,53831,38508
A_hat,high_order,RBF_m,5,0.7875,150000,53052,37962
A_hat,high_order,RBF_m,5,0.79,150000,52246,37380
A_hat,high_order,RBF_m,5,0.7925,150000,51504,36857
A_hat,high_order,RBF_m,5,0.795,150000,50781,36353
A_hat,high_order,RBF_m,5,0.7975,150000,50042,35834
A_hat,high_order,RBF_m,5,0.8,150000,49260,35288
A_hat,high_order,RBF_m,5,0.8025,150000,48534,34777
A_hat,high_order,RBF_m,5,0.805,150000,47736,34220
A_hat,high_order,RBF_m,5,0.8075,150000,46921,33634
A_hat,high_order,RBF_m,5,0.81,150000,46092,33055
A_hat,high_order,RBF_m,5,0.8125,150000,45300,32489
A_hat,high_order,RBF_m,5,0.815,150000,44540,31935
A_hat,high_order,RBF_m,5,0.8175,150000,43768,31406
A_hat,high_order,RBF_m,5,0.82,150000,42996,30862
A_hat,high_order,RBF_m,5,0.8225,150000,42170,30279
A_hat,high_order,RBF_m,5,0.825,150000,41394,29707
A_hat,high_order,RBF_m,5,0.8275,150000,40568,29140
A_hat,high_order,RBF_m,5,0.83,150000,39771,28581
A_hat,high_order,RBF_m,5,0.8325,150000,38995,28025
A_hat,high_order,RBF_m,5,0.835,150000,38213,27480
A_hat,high_order,RBF_m,5,0.8375,150000,37350,26856
A_hat,high_order,RBF_m,5,0.84,150000,36561,26287
A_hat,high_order,RBF_m,5,0.8425,150000,35669,25672
A_hat,high_order,RBF_m,5,0.845,150000,34891,25109
A_hat,high_order,RBF_m,5,0.8475,150000,34123,24557
A_hat,high_order,RBF_m,5,0.85,150000,33323,24004
A_hat,high_order,RBF_m,5,0.8525,150000,32525,23429
A_hat,high_order,RBF_m,5,0.855,150000,31737,22863
A_hat,high_order,RBF_m,5,0.8575,150000,30950,22282
A_hat,high_order,RBF_m,5,0.86,150000,30156,21716
A_hat,high_order,RBF_m,5,0.8625,150000,29336,21115
A_hat,high_order,RBF_m,5,0.865,150000,28544,20551
A_hat,high_order,RBF_m,5,0.8675,150000,27752,19961
A_hat,high_order,RBF_m,5,0.87,150000,26942,19361
A_hat,high_order,RBF_m,5,0.8725,150000,26131,18760
A_hat,high_order,RBF_m,5,0.875,150000,25372,18199
A_hat,high_order,RBF_m,5,0.8775,150000,24664,17709
A_hat,high_order,RBF_m,5,0.88,150000,23864,17136
A_hat,high_order,RBF_m,5,0.8825,150000,23094,16587
A_hat,high_order,RBF_m,5,0.885,150000,22292,16030
A_hat,high_order,RBF_m,5,0.8875,150000,21460,15416
A_hat,high_order,RBF_m,5,0.89,150000,20662,14859
A_hat,high_order,RBF_m,5,0.8925,150000,19927,14333
A_hat,high_order,RBF_m,5,0.895,150000,19147,13762
A_hat,high_order,RBF_m,5,0.8975,150000,18406,13246
A_hat,high_order,RBF_m,5,0.9,150000,17663,12705
A_hat,high_order,RBF_m,5,0.9025,150000,16872,12133
A_hat,high_order,RBF_m,5,0.905,150000,16135,11592
A_hat,high_order,RBF_m,5,0.9075,150000,15378,11042
A_hat,high_order,RBF_m,5,0.91,150000,14681,10553
A_hat,high_order,RBF_m,5,0.9125,150000,13977,10021
A_hat,high_order,RBF_m,5,0.915,150000,13328,9527
A_hat,high_order,RBF_m,5,0.9175,150000,12628,9011
A_hat,high_order,RBF_m,5,0.92,150000,11906,8474
A_hat,high_order,RBF_m,5,0.9225,150000,11232,7982
A_hat,high_order,RBF_m,5,0.925,150000,10537,7472
A_hat,high_order,RBF_m,5,0.9275,150000,9901,7007
A_hat,high_order,RBF_m,5,0.93,150000,9256,6529
A_hat,high_order,RBF_m,5,0.9325,150000,8597,6053
A_hat,high_order,RBF_m,5,0.935,150000,7991,5612
A_hat,high_order,RBF_m,5,0.9375,150000,7432,5181
A_hat,high_order,RBF_m,5,0.94,150000,6882,4795
A_hat,high_order,RBF_m,5,0.9425,150000,6328,4397
A_hat,high_order,RBF_m,5,0.945,150000,5774,4002
A_hat,high_order,RBF_m,5,0.9475,150000,5320,3667
A_hat,high_order,RBF_m,5,0.95,150000,4791,3293
A_hat,high_order,RBF_m,5,0.9525,150000,4346,2962
A_hat,high_order,RBF_m,5,0.955,150000,3922,2640
A_hat,high_order,RBF_m,5,0.9575,150000,3494,2341
A_hat,high_order,RBF_m,5,0.96,150000,3101,2055
A_hat,high_order,RBF_m,5,0.9625,150000,2695,1775
A_hat,high_order,RBF_m,5,0.965,150000,2281,1483
A_hat,high_order,RBF_m,5,0.9675,150000,1966,1271
A_hat,high_order,RBF_m,5,0.97,150000,1638,1039
A_hat,high_order,RBF_m,5,0.9725,150000,1337,845
A_hat,high_order,RBF_m,5,0.975,150000,1090,687
A_hat,high_order,RBF_m,5,0.9775,150000,876,539
A_hat,high_order,RBF_m,5,0.98,150000,679,412
A_hat,high_order,RBF_m,5,0.9825,150000,513,307
A_hat,high_order,RBF_m,5,0.985,150000,354,203
A_hat,high_order,RBF_m,5,0.9875,150000,237,132
A_hat,high_order,RBF_m,5,0.99,150000,147,83
A_hat,high_order,RBF_m,5,0.9925,150000,81,44
A_hat,high_order,RBF_m,5,0.995,150000,36,18
A_hat,high_order,RBF_m,5,0.9975,150000,12,3
A_hat,high_order,RBF_m,5,1.0,150000,0,0
C,high_order,RBF_m,5,0.7,150000,79672,63348
C,high_order,RBF_m,5,0.7025,150000,79060,62907
C,high_order,RBF_m,5,0.705,150000,78429,62452
C,high_order,RBF_m,5,0.7075,150000,77849,62027
C,high_order,RBF_m,5,0.71,150000,77198,61549
C,high_order,RBF_m,5,0.7125,150000,76549,61062
C,high_order,RBF_m,5,0.715,150000,75901,60608
C,high_order,RBF_m,5,0.7175,150000,75330,60194
C,high_order,RBF_m,5,0.72,150000,74686,59726
C,high_order,RBF_m,5,0.7225,150000,74052,59272
C,high_order,RBF_m,5,0.725,150000,73453,58829
C,high_order,RBF_m,5,0.7275,150000,72799,58361
C,high_order,RBF_m,5,0.73,150000,72176,57920
C,high_order,RBF_m,5,0.7325,150000,71512,57428
C,high_order,RBF_m,5,0.735,150000,70840,56948
C,high_order,RBF_m,5,0.7375,150000,70159,56450
C,high_order,RBF_m,5,0.74,150000,69519,55972
C,high_order,RBF_m,5,0.7425,150000,68905,55499
C,high_order,RBF_m,5,0.745,150000,68225,54990
C,high_order,RBF_m,5,0.7475,150000,67570,54507
C,high_order,RBF_m,5,0.75,150000,66882,53990
C,high_order,RBF_m,5,0.7525,150000,66164,53453
C,high_order,RBF_m,5,0.755,150000,65464,52916
C,high_order,RBF_m,5,0.7575,150000,64733,52373
C,high_order,RBF_m,5,0.76,150000,64001,51832
C,high_order,RBF_m,5,0.7625,150000,63318,51318
C,high_order,RBF_m,5,0.765,150000,62582,50759
C,high_order,RBF_m,5,0.7675,150000,61863,50208
C,high_order,RBF_m,5,0.77,150000,61123,49650
C,high_order,RBF_m,5,0.7725,150000,60435,49126
C,high_order,RBF_m,5,0.775,150000,59704,48552
C,high_order,RBF_m,5,0.7775,150000,58951,47983
C,high_order,RBF_m,5,0.78,150000,58200,47396
C,high_order,RBF_m,5,0.7825,150000,57451,46829
C,high_order,RBF_m,5,0.785,150000,56721,46272
C,high_order,RBF_m,5,0.7875,150000,55956,45664
C,high_order,RBF_m,5,0.79,150000,55206,45060
C,high_order,RBF_m,5,0.7925,150000,54480,44506
C,high_order,RBF_m,5,0.795,150000,53692,43892
C,high_order,RBF_m,5,0.7975,150000,52904,43271
C,high_order,RBF_m,5,0.8,150000,52136,42666
C,high_order,RBF_m,5,0.8025,150000,51389,42065
C,high_order,RBF_m,5,0.805,150000,50613,41455
C,high_order,RBF_m,5,0.8075,150000,49846,40847
C,high_order,RBF_m,5,0.81,150000,49084,40247
C,high_order,RBF_m,5,0.8125,150000,48391,39703
C,high_order,RBF_m,5,0.815,150000,47649,39118
C,high_order,RBF_m,5,0.8175,150000,46851,38468
C,high_order,RBF_m,5,0.82,150000,46081,37864
C,high_order,RBF_m,5,0.8225,150000,45307,37238
C,high_order,RBF_m,5,0.825,150000,44581,36692
C,high_order,RBF_m,5,0.8275,150000,43775,36055
C,high_order,RBF_m,5,0.83,150000,42942,35385
C,high_order,RBF_m,5,0.8325,150000,42090,34707
C,high_order,RBF_m,5,0.835,150000,41332,34099
C,high_order,RBF_m,5,0.8375,150000,40478,33414
C,high_order,RBF_m,5,0.84,150000,39666,32745
C,high_order,RBF_m,5,0.8425,150000,38858,32117
C,high_order,RBF_m,5,0.845,150000,38066,31481
C,high_order,RBF_m,5,0.8475,150000,37250,30825
C,high_order,RBF_m,5,0.85,150000,36440,30160
C,high_order,RBF_m,5,0.8525,150000,35680,29519
C,high_order,RBF_m,5,0.855,150000,34855,28841
C,high_order,RBF_m,5,0.8575,150000,34050,28190
C,high_order,RBF_m,5,0.86,150000,33188,27483
C,high_order,RBF_m,5,0.8625,150000,32393,26850
C,high_order,RBF_m,5,0.865,150000,31610,26215
C,high_order,RBF_m,5,0.8675,150000,30818,25570
C,high_order,RBF_m,5,0.87,150000,30025,24911
C,high_order,RBF_m,5,0.8725,150000,29153,24198
C,high_order,RBF_m,5,0.875,150000,28356,23535
C,high_order,RBF_m,5,0.8775,150000,27586,22892
C,high_order,RBF_m,5,0.88,150000,26798,22240
C,high_order,RBF_m,5,0.8825,150000,26010,21600
C,high_order,RBF_m,5,0.885,150000,25227,20950
C,high_order,RBF_m,5,0.8875,150000,24460,20333
C,high_order,RBF_m,5,0.89,150000,23661,19667
C,high_order,RBF_m,5,0.8925,150000,22908,19031
C,high_order,RBF_m,5,0.895,150000,22097,18364
C,high_order,RBF_m,5,0.8975,150000,21299,17690
C,high_order,RBF_m,5,0.9,150000,20536,17042
C,high_order,RBF_m,5,0.9025,150000,19766,16390
C,high_order,RBF_m,5,0.905,150000,18988,15740
C,high_order,RBF_m,5,0.9075,150000,18171,15047
C,high_order,RBF_m,5,0.91,150000,17384,14396
C,high_order,RBF_m,5,0.9125,150000,16599,13733
C,high_order,RBF_m,5,0.915,150000,15861,13127
C,high_order,RBF_m,5,0.9175,150000,15078,12471
C,high_order,RBF_m,5,0.92,150000,14319,11861
C,high_order,RBF_m,5,0.9225,150000,13568,11215
C,high_order,RBF_m,5,0.925,150000,12817,10592
C,high_order,RBF_m,5,0.9275,150000,12143,10031
C,high_order,RBF_m,5,0.93,150000,11452,9452
C,high_order,RBF_m,5,0.9325,150000,10771,8871
C,high_order,RBF_m,5,0.935,150000,10106,8312
C,high_order,RBF_m,5,0.9375,150000,9418,7729
C,high_order,RBF_m,5,0.94,150000,8785,7197
C,high_order,RBF_m,5,0.9425,150000,8156,6687
C,high_order,RBF_m,5,0.945,150000,7541,6173
C,high_order,RBF_m,5,0.9475,150000,6922,5645
C,high_order,RBF_m,5,0.95,150000,6330,5163
C,high_order,RBF_m,5,0.9525,150000,5794,4701
C,high_order,RBF_m,5,0.955,150000,5242,4244
C,high_order,RBF_m,5,0.9575,150000,4657,3769
C,high_order,RBF_m,5,0.96,150000,4133,3339
C,high_order,RBF_m,5,0.9625,150000,3666,2948
C,high_order,RBF_m,5,0.965,150000,3222,2566
C,high_order,RBF_m,5,0.9675,150000,2793,2205
C,high_order,RBF_m,5,0.97,150000,2373,1864
C,high_order,RBF_m,5,0.9725,150000,1962,1529
C,high_order,RBF_m,5,0.975,150000,1638,1260
C,high_order,RBF_m,5,0.9775,150000,1319,996
C,high_order,RBF_m,5,0.98,150000,1054,775
C,high_order,RBF_m,5,0.9825,150000,794,576
C,high_order,RBF_m,5,0.985,150000,579,417
C,high_order,RBF_m,5,0.9875,150000,383,259
C,high_order,RBF_m,5,0.99,150000,256,173
C,high_order,RBF_m,5,0.9925,150000,136,85
C,high_order,RBF_m,5,0.995,150000,61,31
C,high_order,RBF_m,5,0.9975,150000,15,4
C,high_order,RBF_m,5,1.0,150000,0,0
C,binary_relevance,RBF_m,5,0.7,150000,80433,67028
C,binary_relevance,RBF_m,5,0.7025,150000,79961,66707
C,binary_relevance,RBF_m,5,0.705,150000,79433,66365
C,binary_relevance,RBF_m,5,0.7075,150000,78921,66001
C,binary_relevance,RBF_m,5,0.71,150000,78439,65652
C,binary_relevance,RBF_m,5,0.7125,150000,77966,65328
C,binary_relevance,RBF_m,5,0.715,150000,77464,64976
C,binary_relevance,RBF_m,5,0.7175,150000,76967,64607
C,binary_relevance,RBF_m,5,0.72,150000,76447,64215
C,binary_relevance,RBF_m,5,0.7225,150000,75945,63849
C,binary_relevance,RBF_m,5,0.725,150000,75382,63437
C,binary_relevance,RBF_m,5,0.7275,150000,74864,63056
C,binary_relevance,RBF_m,5,0.73,150000,74259,62605
C,binary_relevance,RBF_m,5,0.7325,150000,73707,62214
C,binary_relevance,RBF_m,5,0.735,150000,73158,61804
C,binary_relevance,RBF_m,5,0.7375,150000,72579,61378
C,binary_relevance,RBF_m,5,0.74,150000,71958,60935
C,binary_relevance,RBF_m,5,0.7425,150000,71347,60497
C,binary_relevance,RBF_m,5,0.745,150000,70736,60047
C,binary_relevance,RBF_m,5,0.7475,150000,70026,59538
C,binary_relevance,RBF_m,5,0.75,150000,69369,59053
C,binary_relevance,RBF_m,5,0.7525,150000,68717,58579
C,binary_relevance,RBF_m,5,0.755,150000,68018,58046
C,binary_relevance,RBF_m,5,0.7575,150000,67315,57516
C,binary_relevance,RBF_m,5,0.76,150000,66563,56931
C,binary_relevance,RBF_m,5,0.7625,150000,65815,56338
C,binary_relevance,RBF_m,5,0.765,150000,65039,55707
C,binary_relevance,RBF_m,5,0.7675,150000,64267,55103
C,binary_relevance,RBF_m,5,0.77,150000,63518,54513
C,binary_relevance,RBF_m,5,0.7725,150000,62801,53938
C,binary_relevance,RBF_m,5,0.775,150000,62053,53346
C,binary_relevance,RBF_m,5,0.7775,150000,61252,52725
C,binary_relevance,RBF_m,5,0.78,150000,60444,52100
C,binary_relevance,RBF_m,5,0.7825,150000,59527,51386
C,binary_relevance,RBF_m,5,0.785,150000,58599,50672
C,binary_relevance,RBF_m,5,0.7875,150000,57630,49905
C,binary_relevance,RBF_m,5,0.79,150000,56795,49223
C,binary_relevance,RBF_m,5,0.7925,150000,55859,48464
C,binary_relevance,RBF_m,5,0.795,150000,54922,47686
C,binary_relevance,RBF_m,5,0.7975,150000,53983,46909
C,binary_relevance,RBF_m,5,0.8,150000,52985,46094
C,binary_relevance,RBF_m,5,0.8025,150000,51977,45257
C,binary_relevance,RBF_m,5,0.805,150000,50999,44457
C,binary_relevance,RBF_m,5,0.8075,150000,50072,43682
C,binary_relevance,RBF_m,5,0.81,150000,48990,42763
C,binary_relevance,RBF_m,5,0.8125,150000,47921,41888
C,binary_relevance,RBF_m,5,0.815,150000,46877,41018
C,binary_relevance,RBF_m,5,0.8175,150000,45928,40236
C,binary_relevance,RBF_m,5,0.82,150000,45022,39479
C,binary_relevance,RBF_m,5,0.8225,150000,44079,38716
C,binary_relevance,RBF_m,5,0.825,150000,43093,37918
C,binary_relevance,RBF_m,5,0.8275,150000,42052,37047
C,binary_relevance,RBF_m,5,0.83,150000,41112,36252
C,binary_relevance,RBF_m,5,0.8325,150000,40148,35423
C,binary_relevance,RBF_m,5,0.835,150000,39123,34549
C,binary_relevance,RBF_m,5,0.8375,150000,37954,33548
C,binary_relevance,RBF_m,5,0.84,150000,36690,32484
C,binary_relevance,RBF_m,5,0.8425,150000,35469,31419
C,binary_relevance,RBF_m,5,0.845,150000,34174,30307
C,binary_relevance,RBF_m,5,0.8475,150000,32965,29267
C,binary_relevance,RBF_m,5,0.85,150000,31731,28204
C,binary_relevance,RBF_m,5,0.8525,150000,30450,27100
C,binary_relevance,RBF_m,5,0.855,150000,29006,25871
C,binary_relevance,RBF_m,5,0.8575,150000,27507,24602
C,binary_relevance,RBF_m,5,0.86,150000,26128,23413
C,binary_relevance,RBF_m,5,0.8625,150000,24815,22291
C,binary_relevance,RBF_m,5,0.865,150000,23362,21033
C,binary_relevance,RBF_m,5,0.8675,150000,22164,19979
C,binary_relevance,RBF_m,5,0.87,150000,21019,18990
C,binary_relevance,RBF_m,5,0.8725,150000,20040,18159
C,binary_relevance,RBF_m,5,0.875,150000,18929,17195
C,binary_relevance,RBF_m,5,0.8775,150000,17863,16285
C,binary_relevance,RBF_m,5,0.88,150000,17088,15596
C,binary_relevance,RBF_m,5,0.8825,150000,16323,14931
C,binary_relevance,RBF_m,5,0.885,150000,15723,14415
C,binary_relevance,RBF_m,5,0.8875,150000,15001,13778
C,binary_relevance,RBF_m,5,0.89,150000,14433,13293
C,binary_relevance,RBF_m,5,0.8925,150000,13990,12904
C,binary_relevance,RBF_m,5,0.895,150000,13546,12516
C,binary_relevance,RBF_m,5,0.8975,150000,13091,12116
C,binary_relevance,RBF_m,5,0.9,150000,12652,11730
C,binary_relevance,RBF_m,5,0.9025,150000,12199,11313
C,binary_relevance,RBF_m,5,0.905,150000,11730,10896
C,binary_relevance,RBF_m,5,0.9075,150000,11269,10485
C,binary_relevance,RBF_m,5,0.91,150000,10835,10095
C,binary_relevance,RBF_m,5,0.9125,150000,10426,9728
C,binary_relevance,RBF_m,5,0.915,150000,10017,9351
C,binary_relevance,RBF_m,5,0.9175,150000,9594,8970
C,binary_relevance,RBF_m,5,0.92,150000,9179,8586
C,binary_relevance,RBF_m,5,0.9225,150000,8747,8183
C,binary_relevance,RBF_m,5,0.925,150000,8316,7787
C,binary_relevance,RBF_m,5,0.9275,150000,7901,7408
C,binary_relevance,RBF_m,5,0.93,150000,7523,7062
C,binary_relevance,RBF_m,5,0.9325,150000,7101,6668
C,binary_relevance,RBF_m,5,0.935,150000,6685,6288
C,binary_relevance,RBF_m,5,0.9375,150000,6287,5916
C,binary_relevance,RBF_m,5,0.94,150000,5874,5530
C,binary_relevance,RBF_m,5,0.9425,150000,5479,5155
C,binary_relevance,RBF_m,5,0.945,150000,5085,4779
C,binary_relevance,RBF_m,5,0.9475,150000,4726,4449
C,binary_relevance,RBF_m,5,0.95,150000,4367,4113
C,binary_relevance,RBF_m,5,0.9525,150000,3973,3742
C,binary_relevance,RBF_m,5,0.955,150000,3598,3386
C,binary_relevance,RBF_m,5,0.9575,150000,3237,3049
C,binary_relevance,RBF_m,5,0.96,150000,2873,2699
C,binary_relevance,RBF_m,5,0.9625,150000,2565,2404
C,binary_relevance,RBF_m,5,0.965,150000,2292,2149
C,binary_relevance,RBF_m,5,0.9675,150000,2049,1919
C,binary_relevance,RBF_m,5,0.97,150000,1792,1677
C,binary_relevance,RBF_m,5,0.9725,150000,1554,1453
C,binary_relevance,RBF_m,5,0.975,150000,1361,1267
C,binary_relevance,RBF_m,5,0.9775,150000,1178,1091
C,binary_relevance,RBF_m,5,0.98,150000,997,913
C,binary_relevance,RBF_m,5,0.9825,150000,817,742
C,binary_relevance,RBF_m,5,0.985,150000,662,599
C,binary_relevance,RBF_m,5,0.9875,150000,536,480
C,binary_relevance,RBF_m,5,0.99,150000,466,414
C,binary_relevance,RBF_m,5,0.9925,150000,404,360
C,binary_relevance,RBF_m,5,0.995,150000,337,296
C,binary_relevance,RBF_m,5,0.9975,150000,238,206
C,binary_relevance,RBF_m,5,1.0,150000,52,41
w,high_order,RBF_m,5,0.7,150000,61406,59644
w,high_order,RBF_m,5,0.7025,150000,60483,58802
w,high_order,RBF_m,5,0.705,150000,59640,58044
w,high_order,RBF_m,5,0.7075,150000,58803,57265
w,high_order,RBF_m,5,0.71,150000,57973,56484
w,high_order,RBF_m,5,0.7125,150000,57125,55699
w,high_order,RBF_m,5,0.715,150000,56351,54982
w,high_order,RBF_m,5,0.7175,150000,55506,54201
w,high_order,RBF_m,5,0.72,150000,54676,53428
w,high_order,RBF_m,5,0.7225,150000,53850,52671
w,high_order,RBF_m,5,0.725,150000,53034,51909
w,high_order,RBF_m,5,0.7275,150000,52171,51095
w,high_order,RBF_m,5,0.73,150000,51327,50299
w,high_order,RBF_m,5,0.7325,150000,50488,49513
w,high_order,RBF_m,5,0.735,150000,49731,48802
w,high_order,RBF_m,5,0.7375,150000,48913,48023
w,high_order,RBF_m,5,0.74,150000,48085,47240
w,high_order,RBF_m,5,0.7425,150000,47212,46414
w,high_order,RBF_m,5,0.745,150000,46364,45603
w,high_order,RBF_m,5,0.7475,150000,45571,44854
w,high_order,RBF_m,5,0.75,150000,44746,44055
w,high_order,RBF_m,5,0.7525,150000,43969,43319
w,high_order,RBF_m,5,0.755,150000,43213,42592
w,high_order,RBF_m,5,0.7575,150000,42395,41814
w,high_order,RBF_m,5,0.76,150000,41577,41026
w,high_order,RBF_m,5,0.7625,150000,40752,40239
w,high_order,RBF_m,5,0.765,150000,39926,39439
w,high_order,RBF_m,5,0.7675,150000,39142,38680
w,high_order,RBF_m,5,0.77,150000,38355,37925
w,high_order,RBF_m,5,0.7725,150000,37525,37127
w,high_order,RBF_m,5,0.775,150000,36740,36359
w,high_order,RBF_m,5,0.7775,150000,35940,35584
w,high_order,RBF_m,5,0.78,150000,35104,34769
w,high_order,RBF_m,5,0.7825,150000,34292,33980
w,high_order,RBF_m,5,0.785,150000,33515,33216
w,high_order,RBF_m,5,0.7875,150000,32760,32476
w,high_order,RBF_m,5,0.79,150000,31980,31709
w,high_order,RBF_m,5,0.7925,150000,31246,30990
w,high_order,RBF_m,5,0.795,150000,30421,30179
w,high_order,RBF_m,5,0.7975,150000,29666,29436
w,high_order,RBF_m,5,0.8,150000,28936,28718
w,high_order,RBF_m,5,0.8025,150000,28187,27981
w,high_order,RBF_m,5,0.805,150000,27447,27250
w,high_order,RBF_m,5,0.8075,150000,26696,26515
w,high_order,RBF_m,5,0.81,150000,25934,25765
w,high_order,RBF_m,5,0.8125,150000,25250,25093
w,high_order,RBF_m,5,0.815,150000,24464,24319
w,high_order,RBF_m,5,0.8175,150000,23744,23611
w,high_order,RBF_m,5,0.82,150000,23046,22926
w,high_order,RBF_m,5,0.8225,150000,22386,22271
w,high_order,RBF_m,5,0.825,150000,21672,21564
w,high_order,RBF_m,5,0.8275,150000,20985,20882
w,high_order,RBF_m,5,0.83,150000,20264,20169
w,high_order,RBF_m,5,0.8325,150000,19549,19461
w,high_order,RBF_m,5,0.835,150000,18929,18849
w,high_order,RBF_m,5,0.8375,150000,18276,18199
w,high_order,RBF_m,5,0.84,150000,17598,17527
w,high_order,RBF_m,5,0.8425,150000,16927,16860
w,high_order,RBF_m,5,0.845,150000,16283,16224
w,high_order,RBF_m,5,0.8475,150000,15624,15568
w,high_order,RBF_m,5,0.85,150000,14991,14938
w,high_order,RBF_m,5,0.8525,150000,14355,14306
w,high_order,RBF_m,5,0.855,150000,13806,13758
w,high_order,RBF_m,5,0.8575,150000,13202,13158
w,high_order,RBF_m,5,0.86,150000,12603,12562
w,high_order,RBF_m,5,0.8625,150000,12083,12044
w,high_order,RBF_m,5,0.865,150000,11534,11497
w,high_order,RBF_m,5,0.8675,150000,10999,10965
w,high_order,RBF_m,5,0.87,150000,10455,10422
w,high_order,RBF_m,5,0.8725,150000,9961,9930
w,high_order,RBF_m,5,0.875,150000,9481,9453
w,high_order,RBF_m,5,0.8775,150000,8959,8935
w,high_order,RBF_m,5,0.88,150000,8510,8486
w,high_order,RBF_m,5,0.8825,150000,8048,8025
w,high_order,RBF_m,5,0.885,150000,7611,7590
w,high_order,RBF_m,5,0.8875,150000,7168,7148
w,high_order,RBF_m,5,0.89,150000,6728,6713
w,high_order,RBF_m,5,0.8925,150000,6316,6302
w,high_order,RBF_m,5,0.895,150000,5905,5892
w,high_order,RBF_m,5,0.8975,150000,5503,5492
w,high_order,RBF_m,5,0.9,150000,5101,5093
w,high_order,RBF_m,5,0.9025,150000,4756,4749
w,high_order,RBF_m,5,0.905,150000,4385,4378
w,high_order,RBF_m,5,0.9075,150000,4038,4032
w,high_order,RBF_m,5,0.91,150000,3686,3680
w,high_order,RBF_m,5,0.9125,150000,3375,3369
w,high_order,RBF_m,5,0.915,150000,3086,3082
w,high_order,RBF_m,5,0.9175,150000,2795,2791
w,high_order,RBF_m,5,0.92,150000,2525,2523
w,high_order,RBF_m,5,0.9225,150000,2254,2252
w,high_order,RBF_m,5,0.925,150000,1999,1997
w,high_order,RBF_m,5,0.9275,150000,1799,1798
w,high_order,RBF_m,5,0.93,150000,1574,1573
w,high_order,RBF_m,5,0.9325,150000,1359,1359
w,high_order,RBF_m,5,0.935,150000,1160,1160
w,high_order,RBF_m,5,0.9375,150000,1020,1020
w,high_order,RBF_m,5,0.94,150000,867,867
w,high_order,RBF_m,5,0.9425,150000,725,725
w,high_order,RBF_m,5,0.945,150000,617,617
w,high_order,RBF_m,5,0.9475,150000,514,514
w,high_order,RBF_m,5,0.95,150000,420,420
w,high_order,RBF_m,5,0.9525,150000,353,353
w,high_order,RBF_m,5,0.955,150000,281,281
w,high_order,RBF_m,5,0.9575,150000,227,227
w,high_order,RBF_m,5,0.96,150000,169,169
w,high_order,RBF_m,5,0.9625,150000,135,135
w,high_order,RBF_m,5,0.965,150000,99,99
w,high_order,RBF_m,5,0.9675,150000,67,67
w,high_order,RBF_m,5,0.97,150000,41,41
w,high_order,RBF_m,5,0.9725,150000,25,25
w,high_order,RBF_m,5,0.975,150000,11,11
w,high_order,RBF_m,5,0.9775,150000,4,4
w,high_order,RBF_m,5,0.98,150000,2,2
w,high_order,RBF_m,5,0.9825,150000,1,1
w,high_order,RBF_m,5,0.985,150000,0,0
w,high_order,RBF_m,5,0.9875,150000,0,0
w,high_order,RBF_m,5,0.99,150000,0,0
w,high_order,RBF_m,5,0.9925,150000,0,0
w,high_order,RBF_m,5,0.995,150000,0,0
w,high_order,RBF_m,5,0.9975,150000,0,0
w,high_order,RBF_m,5,1.0,150000,0,0
A_hat,binary_relevance_probe,RBF_m,5,0.7,600000,301699,230315
A_hat,binary_relevance_probe,RBF_m,5,0.7025,600000,298322,227918
A_hat,binary_relevance_probe,RBF_m,5,0.705,600000,294262,225078
A_hat,binary_relevance_probe,RBF_m,5,0.7075,600000,290707,222537
A_hat,binary_relevance_probe,RBF_m,5,0.71,600000,286997,219947
A_hat,binary_relevance_probe,RBF_m,5,0.7125,600000,282833,216974
A_hat,binary_relevance_probe,RBF_m,5,0.715,600000,278107,213591
A_hat,binary_relevance_probe,RBF_m,5,0.7175,600000,273097,209986
A_hat,binary_relevance_probe,RBF_m,5,0.72,600000,268228,206451
A_hat,binary_relevance_probe,RBF_m,5,0.7225,600000,263585,203045
A_hat,binary_relevance_probe,RBF_m,5,0.725,600000,255957,197406
A_hat,binary_relevance_probe,RBF_m,5,0.7275,600000,247345,191251
A_hat,binary_relevance_probe,RBF_m,5,0.73,600000,239409,185530
A_hat,binary_relevance_probe,RBF_m,5,0.7325,600000,231378,179708
A_hat,binary_relevance_probe,RBF_m,5,0.735,600000,221829,172783
A_hat,binary_relevance_probe,RBF_m,5,0.7375,600000,212956,166310
A_hat,binary_relevance_probe,RBF_m,5,0.74,600000,206062,161288
A_hat,binary_relevance_probe,RBF_m,5,0.7425,600000,199160,156261
A_hat,binary_relevance_probe,RBF_m,5,0.745,600000,189184,148906
A_hat,binary_relevance_probe,RBF_m,5,0.7475,600000,180650,142523
A_hat,binary_relevance_probe,RBF_m,5,0.75,600000,173257,137027
A_hat,binary_relevance_probe,RBF_m,5,0.7525,600000,165109,130999
A_hat,binary_relevance_probe,RBF_m,5,0.755,600000,153628,122629
A_hat,binary_relevance_probe,RBF_m,5,0.7575,600000,142221,114212
A_hat,binary_relevance_probe,RBF_m,5,0.76,600000,135026,108896
A_hat,binary_relevance_probe,RBF_m,5,0.7625,600000,130230,105296
A_hat,binary_relevance_probe,RBF_m,5,0.765,600000,125023,101350
A_hat,binary_relevance_probe,RBF_m,5,0.7675,600000,122061,99167
A_hat,binary_relevance_probe,RBF_m,5,0.77,600000,119596,97306
A_hat,binary_relevance_probe,RBF_m,5,0.7725,600000,117454,95644
A_hat,binary_relevance_probe,RBF_m,5,0.775,600000,115423,94053
A_hat,binary_relevance_probe,RBF_m,5,0.7775,600000,113317,92406
A_hat,binary_relevance_probe,RBF_m,5,0.78,600000,111331,90873
A_hat,binary_relevance_probe,RBF_m,5,0.7825,600000,109270,89283
A_hat,binary_relevance_probe,RBF_m,5,0.785,600000,107340,87768
A_hat,binary_relevance_probe,RBF_m,5,0.7875,600000,105155,86085
A_hat,binary_relevance_probe,RBF_m,5,0.79,600000,103180,84553
A_hat,binary_relevance_probe,RBF_m,5,0.7925,600000,101272,83036
A_hat,binary_relevance_probe,RBF_m,5,0.795,600000,99415,81579
A_hat,binary_relevance_probe,RBF_m,5,0.7975,600000,97579,80124
A_hat,binary_relevance_probe,RBF_m,5,0.8,600000,95639,78619
A_hat,binary_relevance_probe,RBF_m,5,0.8025,600000,93741,77119
A_hat,binary_relevance_probe,RBF_m,5,0.805,600000,91961,75710
A_hat,binary_relevance_probe,RBF_m,5,0.8075,600000,90023,74195
A_hat,binary_relevance_probe,RBF_m,5,0.81,600000,87907,72553
A_hat,binary_relevance_probe,RBF_m,5,0.8125,600000,85746,70813
A_hat,binary_relevance_probe,RBF_m,5,0.815,600000,83965,69409
A_hat,binary_relevance_probe,RBF_m,5,0.8175,600000,82248,68046
A_hat,binary_relevance_probe,RBF_m,5,0.82,600000,80584,66714
A_hat,binary_relevance_probe,RBF_m,5,0.8225,600000,78872,65344
A_hat,binary_relevance_probe,RBF_m,5,0.825,600000,77240,64063
A_hat,binary_relevance_probe,RBF_m,5,0.8275,600000,75643,62787
A_hat,binary_relevance_probe,RBF_m,5,0.83,600000,74039,61501
A_hat,binary_relevance_probe,RBF_m,5,0.8325,600000,72463,60261
A_hat,binary_relevance_probe,RBF_m,5,0.835,600000,70898,59019
A_hat,binary_relevance_probe,RBF_m,5,0.8375,600000,69334,57793
A_hat,binary_relevance_probe,RBF_m,5,0.84,600000,67761,56555
A_hat,binary_relevance_probe,RBF_m,5,0.8425,600000,66237,55336
A_hat,binary_relevance_probe,RBF_m,5,0.845,600000,64691,54122
A_hat,binary_relevance_probe,RBF_m,5,0.8475,600000,63039,52794
A_hat,binary_relevance_probe,RBF_m,5,0.85,600000,61358,51426
A_hat,binary_relevance_probe,RBF_m,5,0.8525,600000,59665,50063
A_hat,binary_relevance_probe,RBF_m,5,0.855,600000,57885,48626
A_hat,binary_relevance_probe,RBF_m,5,0.8575,600000,56252,47284
A_hat,binary_relevance_probe,RBF_m,5,0.86,600000,54594,45924
A_hat,binary_relevance_probe,RBF_m,5,0.8625,600000,52905,44514
A_hat,binary_relevance_probe,RBF_m,5,0.865,600000,51241,43157
A_hat,binary_relevance_probe,RBF_m,5,0.8675,600000,49586,41794
A_hat,binary_relevance_probe,RBF_m,5,0.87,600000,47910,40390
A_hat,binary_relevance_probe,RBF_m,5,0.8725,600000,46258,39010
A_hat,binary_relevance_probe,RBF_m,5,0.875,600000,44657,37687
A_hat,binary_relevance_probe,RBF_m,5,0.8775,600000,43105,36386
A_hat,binary_relevance_probe,RBF_m,5,0.88,600000,41609,35160
A_hat,binary_relevance_probe,RBF_m,5,0.8825,600000,40154,33969
A_hat,binary_relevance_probe,RBF_m,5,0.885,600000,38760,32803
A_hat,binary_relevance_probe,RBF_m,5,0.8875,600000,37268,31544
A_hat,binary_relevance_probe,RBF_m,5,0.89,600000,35878,30382
A_hat,binary_relevance_probe,RBF_m,5,0.8925,600000,34555,29285
A_hat,binary_relevance_probe,RBF_m,5,0.895,600000,33279,28234
A_hat,binary_relevance_probe,RBF_m,5,0.8975,600000,31977,27157
A_hat,binary_relevance_probe,RBF_m,5,0.9,600000,30788,26150
A_hat,binary_relevance_probe,RBF_m,5,0.9025,600000,29588,25143
A_hat,binary_relevance_probe,RBF_m,5,0.905,600000,28421,24163
A_hat,binary_relevance_probe,RBF_m,5,0.9075,600000,27321,23242
A_hat,binary_relevance_probe,RBF_m,5,0.91,600000,26087,22204
A_hat,binary_relevance_probe,RBF_m,5,0.9125,600000,25008,21289
A_hat,binary_relevance_probe,RBF_m,5,0.915,600000,23944,20378
A_hat,binary_relevance_probe,RBF_m,5,0.9175,600000,22953,19536
A_hat,binary_relevance_probe,RBF_m,5,0.92,600000,21962,18703
A_hat,binary_relevance_probe,RBF_m,5,0.9225,600000,20969,17840
A_hat,binary_relevance_probe,RBF_m,5,0.925,600000,19980,16999
A_hat,binary_relevance_probe,RBF_m,5,0.9275,600000,19019,16148
A_hat,binary_relevance_probe,RBF_m,5,0.93,600000,18118,15357
A_hat,binary_relevance_probe,RBF_m,5,0.9325,600000,17247,14593
A_hat,binary_relevance_probe,RBF_m,5,0.935,600000,16408,13868
A_hat,binary_relevance_probe,RBF_m,5,0.9375,600000,15575,13137
A_hat,binary_relevance_probe,RBF_m,5,0.94,600000,14749,12413
A_hat,binary_relevance_probe,RBF_m,5,0.9425,600000,13854,11624
A_hat,binary_relevance_probe,RBF_m,5,0.945,600000,13120,10986
A_hat,binary_relevance_probe,RBF_m,5,0.9475,600000,12401,10352
A_hat,binary_relevance_probe,RBF_m,5,0.95,600000,11693,9718
A_hat,binary_relevance_probe,RBF_m,5,0.9525,600000,10983,9082
A_hat,binary_relevance_probe,RBF_m,5,0.955,600000,10284,8456
A_hat,binary_relevance_probe,RBF_m,5,0.9575,600000,9602,7845
A_hat,binary_relevance_probe,RBF_m,5,0.96,600000,8990,7305
A_hat,binary_relevance_probe,RBF_m,5,0.9625,600000,8420,6808
A_hat,binary_relevance_probe,RBF_m,5,0.965,600000,7999,6450
A_hat,binary_relevance_probe,RBF_m,5,0.9675,600000,7554,6070
A_hat,binary_relevance_probe,RBF_m,5,0.97,600000,7105,5689
A_hat,binary_relevance_probe,RBF_m,5,0.9725,600000,6673,5323
A_hat,binary_relevance_probe,RBF_m,5,0.975,600000,6245,4950
A_hat,binary_relevance_probe,RBF_m,5,0.9775,600000,5827,4594
A_hat,binary_relevance_probe,RBF_m,5,0.98,600000,5438,4264
A_hat,binary_relevance_probe,RBF_m,5,0.9825,600000,5108,3989
A_hat,binary_relevance_probe,RBF_m,5,0.985,600000,4719,3657
A_hat,binary_relevance_probe,RBF_m,5,0.9875,600000,4189,3168
A_hat,binary_relevance_probe,RBF_m,5,0.99,600000,3748,2779
A_hat,binary_relevance_probe,RBF_m,5,0.9925,600000,3335,2427
A_hat,binary_relevance_probe,RBF_m,5,0.995,600000,2918,2080
A_hat,binary_relevance_probe,RBF_m,5,0.9975,600000,2424,1658
A_hat,binary_relevance_probe,RBF_m,5,1.0,600000,1105,687
M,high_order,airlines,5,0.7,150000,66522,42427
M,high_order,airlines,5,0.7025,150000,66357,42334
M,high_order,airlines,5,0.705,150000,66181,42210
M,high_order,airlines,5,0.7075,150000,66029,42105
M,high_order,airlines,5,0.71,150000,65883,42018
M,high_order,airlines,5,0.7125,150000,65749,41934
M,high_order,airlines,5,0.715,150000,65608,41837
M,high_order,airlines,5,0.7175,150000,65397,41690
M,high_order,airlines,5,0.72,150000,65231,41585
M,high_order,airlines,5,0.7225,150000,65095,41497
M,high_order,airlines,5,0.725,150000,64947,41409
M,high_order,airlines,5,0.7275,150000,64630,41226
M,high_order,airlines,5,0.73,150000,64431,41088
M,high_order,airlines,5,0.7325,150000,64261,40979
M,high_order,airlines,5,0.735,150000,64107,40887
M,high_order,airlines,5,0.7375,150000,63943,40783
M,high_order,airlines,5,0.74,150000,63793,40685
M,high_order,airlines,5,0.7425,150000,63640,40591
M,high_order,airlines,5,0.745,150000,63482,40497
M,high_order,airlines,5,0.7475,150000,63325,40405
M,high_order,airlines,5,0.75,150000,63187,40318
M,high_order,airlines,5,0.7525,150000,63020,40211
M,high_order,airlines,5,0.755,150000,62311,39770
M,high_order,airlines,5,0.7575,150000,62163,39683
M,high_order,airlines,5,0.76,150000,61986,39575
M,high_order,airlines,5,0.7625,150000,61830,39476
M,high_order,airlines,5,0.765,150000,61684,39382
M,high_order,airlines,5,0.7675,150000,61552,39303
M,high_order,airlines,5,0.77,150000,61400,39213
M,high_order,airlines,5,0.7725,150000,61270,39130
M,high_order,airlines,5,0.775,150000,61138,39034
M,high_order,airlines,5,0.7775,150000,61002,38938
M,high_order,airlines,5,0.78,150000,60866,38840
M,high_order,airlines,5,0.7825,150000,60719,38749
M,high_order,airlines,5,0.785,150000,60550,38643
M,high_order,airlines,5,0.7875,150000,60434,38566
M,high_order,airlines,5,0.79,150000,60279,38459
M,high_order,airlines,5,0.7925,150000,60156,38379
M,high_order,airlines,5,0.795,150000,60029,38303
M,high_order,airlines,5,0.7975,150000,59896,38222
M,high_order,airlines,5,0.8,150000,59721,38106
M,high_order,airlines,5,0.8025,150000,59566,38006
M,high_order,airlines,5,0.805,150000,59456,37937
M,high_order,airlines,5,0.8075,150000,59318,37849
M,high_order,airlines,5,0.81,150000,59181,37764
M,high_order,airlines,5,0.8125,150000,59023,37665
M,high_order,airlines,5,0.815,150000,58874,37572
M,high_order,airlines,5,0.8175,150000,58721,37473
M,high_order,airlines,5,0.82,150000,58552,37366
M,high_order,airlines,5,0.8225,150000,58414,37281
M,high_order,airlines,5,0.825,150000,58282,37208
M,high_order,airlines,5,0.8275,150000,58154,37123
M,high_order,airlines,5,0.83,150000,58001,37012
M,high_order,airlines,5,0.8325,150000,57874,36933
M,high_order,airlines,5,0.835,150000,57737,36835
M,high_order,airlines,5,0.8375,150000,57616,36747
M,high_order,airlines,5,0.84,150000,57457,36642
M,high_order,airlines,5,0.8425,150000,57320,36556
M,high_order,airlines,5,0.845,150000,57198,36470
M,high_order,airlines,5,0.8475,150000,57089,36393
M,high_order,airlines,5,0.85,150000,56933,36288
M,high_order,airlines,5,0.8525,150000,56796,36200
M,high_order,airlines,5,0.855,150000,56656,36115
M,high_order,airlines,5,0.8575,150000,56532,36025
M,high_order,airlines,5,0.86,150000,56382,35921
M,high_order,airlines,5,0.8625,150000,56250,35839
M,high_order,airlines,5,0.865,150000,56080,35737
M,high_order,airlines,5,0.8675,150000,55933,35636
M,high_order,airlines,5,0.87,150000,55791,35537
M,high_order,airlines,5,0.8725,150000,55644,35436
M,high_order,airlines,5,0.875,150000,55495,35333
M,high_order,airlines,5,0.8775,150000,55335,35232
M,high_order,airlines,5,0.88,150000,55184,35121
M,high_order,airlines,5,0.8825,150000,55025,35012
M,high_order,airlines,5,0.885,150000,54867,34906
M,high_order,airlines,5,0.8875,150000,54706,34808
M,high_order,airlines,5,0.89,150000,54544,34697
M,high_order,airlines,5,0.8925,150000,54417,34615
M,high_order,airlines,5,0.895,150000,54307,34546
M,high_order,airlines,5,0.8975,150000,54168,34451
M,high_order,airlines,5,0.9,150000,54020,34358
M,high_order,airlines,5,0.9025,150000,53865,34254
M,high_order,airlines,5,0.905,150000,53709,34156
M,high_order,airlines,5,0.9075,150000,53575,34070
M,high_order,airlines,5,0.91,150000,53420,33971
M,high_order,airlines,5,0.9125,150000,53278,33879
M,high_order,airlines,5,0.915,150000,53108,33765
M,high_order,airlines,5,0.9175,150000,52962,33666
M,high_order,airlines,5,0.92,150000,52806,33566
M,high_order,airlines,5,0.9225,150000,52674,33477
M,high_order,airlines,5,0.925,150000,52505,33364
M,high_order,airlines,5,0.9275,150000,52354,33261
M,high_order,airlines,5,0.93,150000,52172,33140
M,high_order,airlines,5,0.9325,150000,52028,33042
M,high_order,airlines,5,0.935,150000,51882,32935
M,high_order,airlines,5,0.9375,150000,51699,32821
M,high_order,airlines,5,0.94,150000,51507,32691
M,high_order,airlines,5,0.9425,150000,51334,32570
M,high_order,airlines,5,0.945,150000,51169,32458
M,high_order,airlines,5,0.9475,150000,51007,32359
M,high_order,airlines,5,0.95,150000,50829,32242
M,high_order,airlines,5,0.9525,150000,50643,32116
M,high_order,airlines,5,0.955,150000,50479,32005
M,high_order,airlines,5,0.9575,150000,50285,31870
M,high_order,airlines,5,0.96,150000,50074,31717
M,high_order,airlines,5,0.9625,150000,49864,31579
M,high_order,airlines,5,0.965,150000,49659,31453
M,high_order,airlines,5,0.9675,150000,49428,31306
M,high_order,airlines,5,0.97,150000,49231,31164
M,high_order,airlines,5,0.9725,150000,49004,31018
M,high_order,airlines,5,0.975,150000,48735,30838
M,high_order,airlines,5,0.9775,150000,48506,30705
M,high_order,airlines,5,0.98,150000,48263,30545
M,high_order,airlines,5,0.9825,150000,47981,30377
M,high_order,airlines,5,0.985,150000,47680,30187
M,high_order,airlines,5,0.9875,150000,47355,29977
M,high_order,airlines,5,0.99,150000,46962,29742
M,high_order,airlines,5,0.9925,150000,46530,29458
M,high_order,airlines,5,0.995,150000,45996,29109
M,high_order,airlines,5,0.9975,150000,45288,28676
M,high_order,airlines,5,1.0,150000,42053,26794
c,high_order,airlines,5,0.7,150000,93035,61093
c,high_order,airlines,5,0.7025,150000,93035,61093
c,high_order,airlines,5,0.705,150000,93035,61093
c,high_order,airlines,5,0.7075,150000,93035,61093
c,high_order,airlines,5,0.71,150000,93035,61093
c,high_order,airlines,5,0.7125,150000,93035,61093
c,high_order,airlines,5,0.715,150000,93035,61093
c,high_order,airlines,5,0.7175,150000,93035,61093
c,high_order,airlines,5,0.72,150000,93035,61093
c,high_order,airlines,5,0.7225,150000,93035,61093
c,high_order,airlines,5,0.725,150000,82163,54789
c,high_order,airlines,5,0.7275,150000,82163,54789
c,high_order,airlines,5,0.73,150000,82163,54789
c,high_order,airlines,5,0.7325,150000,82163,54789
c,high_order,airlines,5,0.735,150000,82163,54789
c,high_order,airlines,5,0.7375,150000,82163,54789
c,high_order,airlines,5,0.74,150000,82163,54789
c,high_order,airlines,5,0.7425,150000,82163,54789
c,high_order,airlines,5,0.745,150000,82163,54789
c,high_order,airlines,5,0.7475,150000,82163,54789
c,high_order,airlines,5,0.75,150000,82163,54789
c,high_order,airlines,5,0.7525,150000,82163,54789
c,high_order,airlines,5,0.755,150000,82163,54789
c,high_order,airlines,5,0.7575,150000,82163,54789
c,high_order,airlines,5,0.76,150000,71331,48291
c,high_order,airlines,5,0.7625,150000,71331,48291
c,high_order,airlines,5,0.765,150000,71331,48291
c,high_order,airlines,5,0.7675,150000,71331,48291
c,high_order,airlines,5,0.77,150000,71331,48291
c,high_order,airlines,5,0.7725,150000,71331,48291
c,high_order,airlines,5,0.775,150000,71331,48291
c,high_order,airlines,5,0.7775,150000,71331,48291
c,high_order,airlines,5,0.78,150000,71331,48291
c,high_order,airlines,5,0.7825,150000,71331,48291
c,high_order,airlines,5,0.785,150000,71331,48291
c,high_order,airlines,5,0.7875,150000,71331,48291
c,high_order,airlines,5,0.79,150000,71331,48291
c,high_order,airlines,5,0.7925,150000,71331,48291
c,high_order,airlines,5,0.795,150000,60474,41566
c,high_order,airlines,5,0.7975,150000,60474,41566
c,high_order,airlines,5,0.8,150000,60474,41566
c,high_order,airlines,5,0.8025,150000,60474,41566
c,high_order,airlines,5,0.805,150000,60474,41566
c,high_order,airlines,5,0.8075,150000,60474,41566
c,high_order,airlines,5,0.81,150000,60474,41566
c,high_order,airlines,5,0.8125,150000,60474,41566
c,high_order,airlines,5,0.815,150000,60474,41566
c,high_order,airlines,5,0.8175,150000,60474,41566
c,high_order,airlines,5,0.82,150000,60474,41566
c,high_order,airlines,5,0.8225,150000,60474,41566
c,high_order,airlines,5,0.825,150000,60474,41566
c,high_order,airlines,5,0.8275,150000,60474,41566
c,high_order,airlines,5,0.83,150000,49992,34987
c,high_order,airlines,5,0.8325,150000,49992,34987
c,high_order,airlines,5,0.835,150000,49992,34987
c,high_order,airlines,5,0.8375,150000,49992,34987
c,high_order,airlines,5,0.84,150000,49992,34987
c,high_order,airlines,5,0.8425,150000,49992,34987
c,high_order,airlines,5,0.845,150000,49992,34987
c,high_order,airlines,5,0.8475,150000,49992,34987
c,high_order,airlines,5,0.85,150000,49992,34987
c,high_order,airlines,5,0.8525,150000,49992,34987
c,high_order,airlines,5,0.855,150000,49992,34987
c,high_order,airlines,5,0.8575,150000,49992,34987
c,high_order,airlines,5,0.86,150000,49992,34987
c,high_order,airlines,5,0.8625,150000,39887,28475
c,high_order,airlines,5,0.865,150000,39887,28475
c,high_order,airlines,5,0.8675,150000,39887,28475
c,high_order,airlines,5,0.87,150000,39887,28475
c,high_order,airlines,5,0.8725,150000,39887,28475
c,high_order,airlines,5,0.875,150000,39887,28475
c,high_order,airlines,5,0.8775,150000,39887,28475
c,high_order,airlines,5,0.88,150000,39887,28475
c,high_order,airlines,5,0.8825,150000,39887,28475
c,high_order,airlines,5,0.885,150000,39887,28475
c,high_order,airlines,5,0.8875,150000,39887,28475
c,high_order,airlines,5,0.89,150000,39887,28475
c,high_order,airlines,5,0.8925,150000,39887,28475
c,high_order,airlines,5,0.895,150000,39887,28475
c,high_order,airlines,5,0.8975,150000,30156,21898
c,high_order,airlines,5,0.9,150000,30156,21898
c,high_order,airlines,5,0.9025,150000,30156,21898
c,high_order,airlines,5,0.905,150000,30156,21898
c,high_order,airlines,5,0.9075,150000,30156,21898
c,high_order,airlines,5,0.91,150000,30156,21898
c,high_order,airlines,5,0.9125,150000,30156,21898
c,high_order,airlines,5,0.915,150000,30156,21898
c,high_order,airlines,5,0.9175,150000,30156,21898
c,high_order,airlines,5,0.92,150000,30156,21898
c,high_order,airlines,5,0.9225,150000,30156,21898
c,high_order,airlines,5,0.925,150000,30156,21898
c,high_order,airlines,5,0.9275,150000,30156,21898
c,high_order,airlines,5,0.93,150000,30156,21898
c,high_order,airlines,5,0.9325,150000,20583,15218
c,high_order,airlines,5,0.935,150000,20583,15218
c,high_order,airlines,5,0.9375,150000,20583,15218
c,high_order,airlines,5,0.94,150000,20583,15218
c,high_order,airlines,5,0.9425,150000,20583,15218
c,high_order,airlines,5,0.945,150000,20583,15218
c,high_order,airlines,5,0.9475,150000,20583,15218
c,high_order,airlines,5,0.95,150000,20583,15218
c,high_order,airlines,5,0.9525,150000,20583,15218
c,high_order,airlines,5,0.955,150000,20583,15218
c,high_order,airlines,5,0.9575,150000,20583,15218
c,high_order,airlines,5,0.96,150000,20583,15218
c,high_order,airlines,5,0.9625,150000,20583,15218
c,high_order,airlines,5,0.965,150000,20583,15218
c,high_order,airlines,5,0.9675,150000,10702,8038
c,high_order,airlines,5,0.97,150000,10702,8038
c,high_order,airlines,5,0.9725,150000,10702,8038
c,high_order,airlines,5,0.975,150000,10702,8038
c,high_order,airlines,5,0.9775,150000,10702,8038
c,high_order,airlines,5,0.98,150000,10702,8038
c,high_order,airlines,5,0.9825,150000,10702,8038
c,high_order,airlines,5,0.985,150000,10702,8038
c,high_order,airlines,5,0.9875,150000,10702,8038
c,high_order,airlines,5,0.99,150000,10702,8038
c,high_order,airlines,5,0.9925,150000,10702,8038
c,high_order,airlines,5,0.995,150000,10702,8038
c,high_order,airlines,5,0.9975,150000,10702,8038
c,high_order,airlines,5,1.0,150000,10702,8038
A_hat,high_order,airlines,5,0.7,150000,58145,35626
A_hat,high_order,airlines,5,0.7025,150000,58036,35564
A_hat,high_order,airlines,5,0.705,150000,57964,35516
A_hat,high_order,airlines,5,0.7075,150000,57907,35488
A_hat,high_order,airlines,5,0.71,150000,57859,35450
A_hat,high_order,airlines,5,0.7125,150000,57818,35425
A_hat,high_order,airlines,5,0.715,150000,57796,35409
A_hat,high_order,airlines,5,0.7175,150000,57775,35393
A_hat,high_order,airlines,5,0.72,150000,57756,35381
A_hat,high_order,airlines,5,0.7225,150000,57744,35373
A_hat,high_order,airlines,5,0.725,150000,57723,35361
A_hat,high_order,airlines,5,0.7275,150000,57709,35352
A_hat,high_order,airlines,5,0.73,150000,57692,35338
A_hat,high_order,airlines,5,0.7325,150000,57669,35323
A_hat,high_order,airlines,5,0.735,150000,57632,35296
A_hat,high_order,airlines,5,0.7375,150000,57605,35276
A_hat,high_order,airlines,5,0.74,150000,57570,35253
A_hat,high_order,airlines,5,0.7425,150000,57521,35220
A_hat,high_order,airlines,5,0.745,150000,57446,35172
A_hat,high_order,airlines,5,0.7475,150000,57313,35074
A_hat,high_order,airlines,5,0.75,150000,56986,34870
A_hat,high_order,airlines,5,0.7525,150000,56714,34702
A_hat,high_order,airlines,5,0.755,150000,56571,34609
A_hat,high_order,airlines,5,0.7575,150000,56490,34553
A_hat,high_order,airlines,5,0.76,150000,56424,34508
A_hat,high_order,airlines,5,0.7625,150000,56374,34475
A_hat,high_order,airlines,5,0.765,150000,56333,34448
A_hat,high_order,airlines,5,0.7675,150000,56301,34428
A_hat,high_order,airlines,5,0.77,150000,56270,34411
A_hat,high_order,airlines,5,0.7725,150000,56246,34392
A_hat,high_order,airlines,5,0.775,150000,56217,34371
A_hat,high_order,airlines,5,0.7775,150000,56186,34348
A_hat,high_order,airlines,5,0.78,150000,56161,34329
A_hat,high_order,airlines,5,0.7825,150000,56130,34306
A_hat,high_order,airlines,5,0.785,150000,56099,34282
A_hat,high_order,airlines,5,0.7875,150000,56062,34252
A_hat,high_order,airlines,5,0.79,150000,55998,34214
A_hat,high_order,airlines,5,0.7925,150000,55951,34182
A_hat,high_order,airlines,5,0.795,150000,55871,34130
A_hat,high_order,airlines,5,0.7975,150000,55774,34058
A_hat,high_order,airlines,5,0.8,150000,55654,33987
A_hat,high_order,airlines,5,0.8025,150000,41234,25484
A_hat,high_order,airlines,5,0.805,150000,41157,25436
A_hat,high_order,airlines,5,0.8075,150000,41090,25389
A_hat,high_order,airlines,5,0.81,150000,41040,25351
A_hat,high_order,airlines,5,0.8125,150000,41009,25334
A_hat,high_order,airlines,5,0.815,150000,40987,25322
A_hat,high_order,airlines,5,0.8175,150000,40965,25306
A_hat,high_order,airlines,5,0.82,150000,40949,25294
A_hat,high_order,airlines,5,0.8225,150000,40933,25279
A_hat,high_order,airlines,5,0.825,150000,40925,25273
A_hat,high_order,airlines,5,0.8275,150000,40911,25263
A_hat,high_order,airlines,5,0.83,150000,40899,25256
A_hat,high_order,airlines,5,0.8325,150000,40885,25245
A_hat,high_order,airlines,5,0.835,150000,40870,25236
A_hat,high_order,airlines,5,0.8375,150000,40850,25222
A_hat,high_order,airlines,5,0.84,150000,40842,25216
A_hat,high_order,airlines,5,0.8425,150000,40798,25188
A_hat,high_order,airlines,5,0.845,150000,40715,25142
A_hat,high_order,airlines,5,0.8475,150000,40563,25036
A_hat,high_order,airlines,5,0.85,150000,40250,24846
A_hat,high_order,airlines,5,0.8525,150000,39951,24659
A_hat,high_order,airlines,5,0.855,150000,39818,24562
A_hat,high_order,airlines,5,0.8575,150000,39744,24518
A_hat,high_order,airlines,5,0.86,150000,39703,24492
A_hat,high_order,airlines,5,0.8625,150000,39675,24473
A_hat,high_order,airlines,5,0.865,150000,39662,24465
A_hat,high_order,airlines,5,0.8675,150000,39657,24462
A_hat,high_order,airlines,5,0.87,150000,39643,24452
A_hat,high_order,airlines,5,0.8725,150000,39640,24450
A_hat,high_order,airlines,5,0.875,150000,39634,24446
A_hat,high_order,airlines,5,0.8775,150000,39628,24442
A_hat,high_order,airlines,5,0.88,150000,39623,24438
A_hat,high_order,airlines,5,0.8825,150000,39618,24434
A_hat,high_order,airlines,5,0.885,150000,39611,24430
A_hat,high_order,airlines,5,0.8875,150000,39601,24423
A_hat,high_order,airlines,5,0.89,150000,39574,24404
A_hat,high_order,airlines,5,0.8925,150000,39550,24391
A_hat,high_order,airlines,5,0.895,150000,39502,24356
A_hat,high_order,airlines,5,0.8975,150000,39444,24319
A_hat,high_order,airlines,5,0.9,150000,23168,14535
A_hat,high_order,airlines,5,0.9025,150000,23076,14489
A_hat,high_order,airlines,5,0.905,150000,23000,14441
A_hat,high_order,airlines,5,0.9075,150000,22910,14379
A_hat,high_order,airlines,5,0.91,150000,22885,14360
A_hat,high_order,airlines,5,0.9125,150000,22861,14347
A_hat,high_order,airlines,5,0.915,150000,22839,14333
A_hat,high_order,airlines,5,0.9175,150000,22822,14322
A_hat,high_order,airlines,5,0.92,150000,22819,14321
A_hat,high_order,airlines,5,0.9225,150000,22815,14318
A_hat,high_order,airlines,5,0.925,150000,22812,14315
A_hat,high_order,airlines,5,0.9275,150000,22812,14315
A_hat,high_order,airlines,5,0.93,150000,22811,14314
A_hat,high_order,airlines,5,0.9325,150000,22803,14308
A_hat,high_order,airlines,5,0.935,150000,22799,14305
A_hat,high_order,airlines,5,0.9375,150000,22795,14302
A_hat,high_order,airlines,5,0.94,150000,22787,14296
A_hat,high_order,airlines,5,0.9425,150000,22765,14279
A_hat,high_order,airlines,5,0.945,150000,22679,14218
A_hat,high_order,airlines,5,0.9475,150000,22450,14059
A_hat,high_order,airlines,5,0.95,150000,21936,13742
A_hat,high_order,airlines,5,0.9525,150000,21523,13465
A_hat,high_order,airlines,5,0.955,150000,21280,13285
A_hat,high_order,airlines,5,0.9575,150000,21222,13250
A_hat,high_order,airlines,5,0.96,150000,21200,13235
A_hat,high_order,airlines,5,0.9625,150000,21193,13229
A_hat,high_order,airlines,5,0.965,150000,21190,13226
A_hat,high_order,airlines,5,0.9675,150000,21186,13224
A_hat,high_order,airlines,5,0.97,150000,21172,13214
A_hat,high_order,airlines,5,0.9725,150000,21172,13214
A_hat,high_order,airlines,5,0.975,150000,21172,13214
A_hat,high_order,airlines,5,0.9775,150000,21172,13214
A_hat,high_order,airlines,5,0.98,150000,21171,13214
A_hat,high_order,airlines,5,0.9825,150000,21170,13214
A_hat,high_order,airlines,5,0.985,150000,21169,13213
A_hat,high_order,airlines,5,0.9875,150000,21166,13210
A_hat,high_order,airlines,5,0.99,150000,21164,13209
A_hat,high_order,airlines,5,0.9925,150000,21164,13209
A_hat,high_order,airlines,5,0.995,150000,21164,13209
A_hat,high_order,airlines,5,0.9975,150000,21164,13209
A_hat,high_order,airlines,5,1.0,150000,21164,13209
C,high_order,airlines,5,0.7,150000,43906,27550
C,high_order,airlines,5,0.7025,150000,43612,27370
C,high_order,airlines,5,0.705,150000,43306,27176
C,high_order,airlines,5,0.7075,150000,39858,25142
C,high_order,airlines,5,0.71,150000,39640,25003
C,high_order,airlines,5,0.7125,150000,39408,24849
C,high_order,airlines,5,0.715,150000,39231,24742
C,high_order,airlines,5,0.7175,150000,39050,24619
C,high_order,airlines,5,0.72,150000,38875,24502
C,high_order,airlines,5,0.7225,150000,38715,24399
C,high_order,airlines,5,0.725,150000,38454,24244
C,high_order,airlines,5,0.7275,150000,38276,24121
C,high_order,airlines,5,0.73,150000,38091,23996
C,high_order,airlines,5,0.7325,150000,37819,23824
C,high_order,airlines,5,0.735,150000,37620,23697
C,high_order,airlines,5,0.7375,150000,37424,23570
C,high_order,airlines,5,0.74,150000,37188,23423
C,high_order,airlines,5,0.7425,150000,36908,23250
C,high_order,airlines,5,0.745,150000,36629,23068
C,high_order,airlines,5,0.7475,150000,36441,22945
C,high_order,airlines,5,0.75,150000,36258,22835
C,high_order,airlines,5,0.7525,150000,36055,22707
C,high_order,airlines,5,0.755,150000,35850,22575
C,high_order,airlines,5,0.7575,150000,35673,22471
C,high_order,airlines,5,0.76,150000,35489,22366
C,high_order,airlines,5,0.7625,150000,35311,22266
C,high_order,airlines,5,0.765,150000,35111,22133
C,high_order,airlines,5,0.7675,150000,34928,22022
C,high_order,airlines,5,0.77,150000,34705,21891
C,high_order,airlines,5,0.7725,150000,34421,21713
C,high_order,airlines,5,0.775,150000,30876,19546
C,high_order,airlines,5,0.7775,150000,30703,19432
C,high_order,airlines,5,0.78,150000,30474,19275
C,high_order,airlines,5,0.7825,150000,30304,19161
C,high_order,airlines,5,0.785,150000,30130,19056
C,high_order,airlines,5,0.7875,150000,29989,18977
C,high_order,airlines,5,0.79,150000,29854,18886
C,high_order,airlines,5,0.7925,150000,29724,18796
C,high_order,airlines,5,0.795,150000,29560,18691
C,high_order,airlines,5,0.7975,150000,29370,18558
C,high_order,airlines,5,0.8,150000,29240,18481
C,high_order,airlines,5,0.8025,150000,29081,18391
C,high_order,airlines,5,0.805,150000,28835,18245
C,high_order,airlines,5,0.8075,150000,28573,18073
C,high_order,airlines,5,0.81,150000,28348,17921
C,high_order,airlines,5,0.8125,150000,28183,17822
C,high_order,airlines,5,0.815,150000,28002,17710
C,high_order,airlines,5,0.8175,150000,27785,17578
C,high_order,airlines,5,0.82,150000,27639,17489
C,high_order,airlines,5,0.8225,150000,27482,17390
C,high_order,airlines,5,0.825,150000,27296,17274
C,high_order,airlines,5,0.8275,150000,27130,17170
C,high_order,airlines,5,0.83,150000,26946,17046
C,high_order,airlines,5,0.8325,150000,26740,16909
C,high_order,airlines,5,0.835,150000,26477,16754
C,high_order,airlines,5,0.8375,150000,22893,14590
C,high_order,airlines,5,0.84,150000,22719,14470
C,high_order,airlines,5,0.8425,150000,22561,14376
C,high_order,airlines,5,0.845,150000,22406,14287
C,high_order,airlines,5,0.8475,150000,22280,14221
C,high_order,airlines,5,0.85,150000,22161,14147
C,high_order,airlines,5,0.8525,150000,22052,14082
C,high_order,airlines,5,0.855,150000,21936,14001
C,high_order,airlines,5,0.8575,150000,21756,13885
C,high_order,airlines,5,0.86,150000,21634,13802
C,high_order,airlines,5,0.8625,150000,21486,13704
C,high_order,airlines,5,0.865,150000,21279,13566
C,high_order,airlines,5,0.8675,150000,21031,13406
C,high_order,airlines,5,0.87,150000,20755,13230
C,high_order,airlines,5,0.8725,150000,20563,13100
C,high_order,airlines,5,0.875,150000,20419,13012
C,high_order,airlines,5,0.8775,150000,20268,12906
C,high_order,airlines,5,0.88,150000,20125,12817
C,high_order,airlines,5,0.8825,150000,20006,12740
C,high_order,airlines,5,0.885,150000,19861,12653
C,high_order,airlines,5,0.8875,150000,19717,12556
C,high_order,airlines,5,0.89,150000,19541,12454
C,high_order,airlines,5,0.8925,150000,19288,12282
C,high_order,airlines,5,0.895,150000,15357,9851
C,high_order,airlines,5,0.8975,150000,15225,9763
C,high_order,airlines,5,0.9,150000,15085,9666
C,high_order,airlines,5,0.9025,150000,14957,9579
C,high_order,airlines,5,0.905,150000,14886,9531
C,high_order,airlines,5,0.9075,150000,14783,9462
C,high_order,airlines,5,0.91,150000,14702,9407
C,high_order,airlines,5,0.9125,150000,14606,9345
C,high_order,airlines,5,0.915,150000,14451,9237
C,high_order,airlines,5,0.9175,150000,14350,9168
C,high_order,airlines,5,0.92,150000,14241,9097
C,high_order,airlines,5,0.9225,150000,13882,8850
C,high_order,airlines,5,0.925,150000,13627,8685
C,high_order,airlines,5,0.9275,150000,13497,8603
C,high_order,airlines,5,0.93,150000,13400,8540
C,high_order,airlines,5,0.9325,150000,13255,8445
C,high_order,airlines,5,0.935,150000,13143,8371
C,high_order,airlines,5,0.9375,150000,13068,8331
C,high_order,airlines,5,0.94,150000,12972,8281
C,high_order,airlines,5,0.9425,150000,12839,8196
C,high_order,airlines,5,0.945,150000,12713,8111
C,high_order,airlines,5,0.9475,150000,12476,7961
C,high_order,airlines,5,0.95,150000,8270,5404
C,high_order,airlines,5,0.9525,150000,8127,5306
C,high_order,airlines,5,0.955,150000,8059,5259
C,high_order,airlines,5,0.9575,150000,8009,5224
C,high_order,airlines,5,0.96,150000,7964,5194
C,high_order,airlines,5,0.9625,150000,7922,5169
C,high_order,airlines,5,0.965,150000,7881,5143
C,high_order,airlines,5,0.9675,150000,7719,5039
C,high_order,airlines,5,0.97,150000,7674,5014
C,high_order,airlines,5,0.9725,150000,7596,4965
C,high_order,airlines,5,0.975,150000,7076,4600
C,high_order,airlines,5,0.9775,150000,6692,4317
C,high_order,airlines,5,0.98,150000,6633,4286
C,high_order,airlines,5,0.9825,150000,6593,4265
C,high_order,airlines,5,0.985,150000,6409,4131
C,high_order,airlines,5,0.9875,150000,6350,4094
C,high_order,airlines,5,0.99,150000,6289,4062
C,high_order,airlines,5,0.9925,150000,6208,4007
C,high_order,airlines,5,0.995,150000,6113,3946
C,high_order,airlines,5,0.9975,150000,6006,3878
C,high_order,airlines,5,1.0,150000,5523,3583
C,binary_relevance,airlines,5,0.7,150000,56234,36273
C,binary_relevance,airlines,5,0.7025,150000,55845,36013
C,binary_relevance,airlines,5,0.705,150000,55446,35751
C,binary_relevance,airlines,5,0.7075,150000,55049,35501
C,binary_relevance,airlines,5,0.71,150000,54620,35245
C,binary_relevance,airlines,5,0.7125,150000,54223,34994
C,binary_relevance,airlines,5,0.715,150000,53787,34722
C,binary_relevance,airlines,5,0.7175,150000,53367,34458
C,binary_relevance,airlines,5,0.72,150000,52903,34154
C,binary_relevance,airlines,5,0.7225,150000,52331,33799
C,binary_relevance,airlines,5,0.725,150000,51736,33431
C,binary_relevance,airlines,5,0.7275,150000,51095,33059
C,binary_relevance,airlines,5,0.73,150000,50371,32607
C,binary_relevance,airlines,5,0.7325,150000,49681,32183
C,binary_relevance,airlines,5,0.735,150000,48920,31707
C,binary_relevance,airlines,5,0.7375,150000,48145,31224
C,binary_relevance,airlines,5,0.74,150000,47290,30722
C,binary_relevance,airlines,5,0.7425,150000,46390,30157
C,binary_relevance,airlines,5,0.745,150000,45497,29602
C,binary_relevance,airlines,5,0.7475,150000,44487,28994
C,binary_relevance,airlines,5,0.75,150000,43360,28324
C,binary_relevance,airlines,5,0.7525,150000,42185,27616
C,binary_relevance,airlines,5,0.755,150000,40878,26767
C,binary_relevance,airlines,5,0.7575,150000,39608,26004
C,binary_relevance,airlines,5,0.76,150000,38326,25215
C,binary_relevance,airlines,5,0.7625,150000,36942,24367
C,binary_relevance,airlines,5,0.765,150000,35620,23556
C,binary_relevance,airlines,5,0.7675,150000,34354,22802
C,binary_relevance,airlines,5,0.77,150000,33143,22021
C,binary_relevance,airlines,5,0.7725,150000,31949,21301
C,binary_relevance,airlines,5,0.775,150000,30804,20583
C,binary_relevance,airlines,5,0.7775,150000,29650,19821
C,binary_relevance,airlines,5,0.78,150000,28714,19218
C,binary_relevance,airlines,5,0.7825,150000,27778,18642
C,binary_relevance,airlines,5,0.785,150000,26681,17962
C,binary_relevance,airlines,5,0.7875,150000,25553,17225
C,binary_relevance,airlines,5,0.79,150000,24605,16594
C,binary_relevance,airlines,5,0.7925,150000,23559,15924
C,binary_relevance,airlines,5,0.795,150000,22489,15245
C,binary_relevance,airlines,5,0.7975,150000,21470,14580
C,binary_relevance,airlines,5,0.8,150000,20504,13932
C,binary_relevance,airlines,5,0.8025,150000,19562,13317
C,binary_relevance,airlines,5,0.805,150000,18346,12505
C,binary_relevance,airlines,5,0.8075,150000,17412,11883
C,binary_relevance,airlines,5,0.81,150000,16486,11291
C,binary_relevance,airlines,5,0.8125,150000,15608,10721
C,binary_relevance,airlines,5,0.815,150000,14908,10244
C,binary_relevance,airlines,5,0.8175,150000,14172,9776
C,binary_relevance,airlines,5,0.82,150000,13329,9207
C,binary_relevance,airlines,5,0.8225,150000,12592,8722
C,binary_relevance,airlines,5,0.825,150000,11954,8278
C,binary_relevance,airlines,5,0.8275,150000,11362,7888
C,binary_relevance,airlines,5,0.83,150000,10697,7439
C,binary_relevance,airlines,5,0.8325,150000,10019,6965
C,binary_relevance,airlines,5,0.835,150000,9397,6525
C,binary_relevance,airlines,5,0.8375,150000,8732,6061
C,binary_relevance,airlines,5,0.84,150000,8025,5557
C,binary_relevance,airlines,5,0.8425,150000,7400,5138
C,binary_relevance,airlines,5,0.845,150000,6797,4707
C,binary_relevance,airlines,5,0.8475,150000,6250,4326
C,binary_relevance,airlines,5,0.85,150000,5796,4006
C,binary_relevance,airlines,5,0.8525,150000,5358,3708
C,binary_relevance,airlines,5,0.855,150000,4767,3299
C,binary_relevance,airlines,5,0.8575,150000,4312,2978
C,binary_relevance,airlines,5,0.86,150000,3957,2727
C,binary_relevance,airlines,5,0.8625,150000,3568,2457
C,binary_relevance,airlines,5,0.865,150000,3277,2257
C,binary_relevance,airlines,5,0.8675,150000,3058,2096
C,binary_relevance,airlines,5,0.87,150000,2862,1964
C,binary_relevance,airlines,5,0.8725,150000,2692,1844
C,binary_relevance,airlines,5,0.875,150000,2537,1737
C,binary_relevance,airlines,5,0.8775,150000,2369,1632
C,binary_relevance,airlines,5,0.88,150000,2238,1540
C,binary_relevance,airlines,5,0.8825,150000,2119,1459
C,binary_relevance,airlines,5,0.885,150000,2022,1386
C,binary_relevance,airlines,5,0.8875,150000,1910,1309
C,binary_relevance,airlines,5,0.89,150000,1819,1247
C,binary_relevance,airlines,5,0.8925,150000,1743,1192
C,binary_relevance,airlines,5,0.895,150000,1693,1158
C,binary_relevance,airlines,5,0.8975,150000,1622,1112
C,binary_relevance,airlines,5,0.9,150000,1559,1066
C,binary_relevance,airlines,5,0.9025,150000,1503,1027
C,binary_relevance,airlines,5,0.905,150000,1444,982
C,binary_relevance,airlines,5,0.9075,150000,1383,945
C,binary_relevance,airlines,5,0.91,150000,1345,916
C,binary_relevance,airlines,5,0.9125,150000,1287,879
C,binary_relevance,airlines,5,0.915,150000,1251,859
C,binary_relevance,airlines,5,0.9175,150000,1216,832
C,binary_relevance,airlines,5,0.92,150000,1165,797
C,binary_relevance,airlines,5,0.9225,150000,1131,769
C,binary_relevance,airlines,5,0.925,150000,1085,735
C,binary_relevance,airlines,5,0.9275,150000,1054,715
C,binary_relevance,airlines,5,0.93,150000,1021,694
C,binary_relevance,airlines,5,0.9325,150000,988,673
C,binary_relevance,airlines,5,0.935,150000,956,647
C,binary_relevance,airlines,5,0.9375,150000,925,628
C,binary_relevance,airlines,5,0.94,150000,888,601
C,binary_relevance,airlines,5,0.9425,150000,865,587
C,binary_relevance,airlines,5,0.945,150000,823,559
C,binary_relevance,airlines,5,0.9475,150000,792,541
C,binary_relevance,airlines,5,0.95,150000,756,518
C,binary_relevance,airlines,5,0.9525,150000,730,497
C,binary_relevance,airlines,5,0.955,150000,703,477
C,binary_relevance,airlines,5,0.9575,150000,675,457
C,binary_relevance,airlines,5,0.96,150000,647,434
C,binary_relevance,airlines,5,0.9625,150000,619,418
C,binary_relevance,airlines,5,0.965,150000,605,410
C,binary_relevance,airlines,5,0.9675,150000,574,388
C,binary_relevance,airlines,5,0.97,150000,549,373
C,binary_relevance,airlines,5,0.9725,150000,523,354
C,binary_relevance,airlines,5,0.975,150000,503,343
C,binary_relevance,airlines,5,0.9775,150000,477,324
C,binary_relevance,airlines,5,0.98,150000,455,308
C,binary_relevance,airlines,5,0.9825,150000,431,295
C,binary_relevance,airlines,5,0.985,150000,410,280
C,binary_relevance,airlines,5,0.9875,150000,384,263
C,binary_relevance,airlines,5,0.99,150000,365,248
C,binary_relevance,airlines,5,0.9925,150000,335,232
C,binary_relevance,airlines,5,0.995,150000,302,204
C,binary_relevance,airlines,5,0.9975,150000,262,176
C,binary_relevance,airlines,5,1.0,150000,129,95
w,high_order,airlines,5,0.7,150000,67022,45271
w,high_order,airlines,5,0.7025,150000,66123,44710
w,high_order,airlines,5,0.705,150000,65206,44167
w,high_order,airlines,5,0.7075,150000,64344,43632
w,high_order,airlines,5,0.71,150000,63454,43068
w,high_order,airlines,5,0.7125,150000,62605,42531
w,high_order,airlines,5,0.715,150000,61693,41973
w,high_order,airlines,5,0.7175,150000,60839,41421
w,high_order,airlines,5,0.72,150000,59969,40866
w,high_order,airlines,5,0.7225,150000,59046,40295
w,high_order,airlines,5,0.725,150000,58140,39738
w,high_order,airlines,5,0.7275,150000,57214,39140
w,high_order,airlines,5,0.73,150000,56284,38564
w,high_order,airlines,5,0.7325,150000,55388,37987
w,high_order,airlines,5,0.735,150000,54493,37415
w,high_order,airlines,5,0.7375,150000,53593,36852
w,high_order,airlines,5,0.74,150000,52757,36304
w,high_order,airlines,5,0.7425,150000,51851,35705
w,high_order,airlines,5,0.745,150000,50997,35157
w,high_order,airlines,5,0.7475,150000,50156,34616
w,high_order,airlines,5,0.75,150000,49331,34096
w,high_order,airlines,5,0.7525,150000,48556,33593
w,high_order,airlines,5,0.755,150000,47715,33062
w,high_order,airlines,5,0.7575,150000,46914,32552
w,high_order,airlines,5,0.76,150000,46104,32026
w,high_order,airlines,5,0.7625,150000,45300,31485
w,high_order,airlines,5,0.765,150000,44508,30975
w,high_order,airlines,5,0.7675,150000,43701,30469
w,high_order,airlines,5,0.77,150000,42869,29948
w,high_order,airlines,5,0.7725,150000,42065,29418
w,high_order,airlines,5,0.775,150000,41243,28887
w,high_order,airlines,5,0.7775,150000,40459,28375
w,high_order,airlines,5,0.78,150000,39646,27832
w,high_order,airlines,5,0.7825,150000,38874,27319
w,high_order,airlines,5,0.785,150000,38083,26789
w,high_order,airlines,5,0.7875,150000,37318,26292
w,high_order,airlines,5,0.79,150000,36600,25797
w,high_order,airlines,5,0.7925,150000,35860,25300
w,high_order,airlines,5,0.795,150000,35120,24797
w,high_order,airlines,5,0.7975,150000,34375,24276
w,high_order,airlines,5,0.8,150000,33644,23778
w,high_order,airlines,5,0.8025,150000,32885,23256
w,high_order,airlines,5,0.805,150000,32159,22779
w,high_order,airlines,5,0.8075,150000,31472,22307
w,high_order,airlines,5,0.81,150000,30782,21826
w,high_order,airlines,5,0.8125,150000,30062,21325
w,high_order,airlines,5,0.815,150000,29335,20843
w,high_order,airlines,5,0.8175,150000,28660,20409
w,high_order,airlines,5,0.82,150000,27996,20005
w,high_order,airlines,5,0.8225,150000,27295,19553
w,high_order,airlines,5,0.825,150000,26613,19109
w,high_order,airlines,5,0.8275,150000,26012,18702
w,high_order,airlines,5,0.83,150000,25379,18278
w,high_order,airlines,5,0.8325,150000,24740,17848
w,high_order,airlines,5,0.835,150000,24066,17396
w,high_order,airlines,5,0.8375,150000,23421,16940
w,high_order,airlines,5,0.84,150000,22796,16505
w,high_order,airlines,5,0.8425,150000,22219,16096
w,high_order,airlines,5,0.845,150000,21636,15689
w,high_order,airlines,5,0.8475,150000,21042,15266
w,high_order,airlines,5,0.85,150000,20480,14884
w,high_order,airlines,5,0.8525,150000,19908,14492
w,high_order,airlines,5,0.855,150000,19342,14108
w,high_order,airlines,5,0.8575,150000,18795,13723
w,high_order,airlines,5,0.86,150000,18207,13299
w,high_order,airlines,5,0.8625,150000,17621,12894
w,high_order,airlines,5,0.865,150000,17066,12503
w,high_order,airlines,5,0.8675,150000,16542,12133
w,high_order,airlines,5,0.87,150000,16033,11786
w,high_order,airlines,5,0.8725,150000,15555,11460
w,high_order,airlines,5,0.875,150000,15057,11114
w,high_order,airlines,5,0.8775,150000,14547,10727
w,high_order,airlines,5,0.88,150000,14053,10391
w,high_order,airlines,5,0.8825,150000,13591,10060
w,high_order,airlines,5,0.885,150000,13120,9727
w,high_order,airlines,5,0.8875,150000,12667,9412
w,high_order,airlines,5,0.89,150000,12276,9115
w,high_order,airlines,5,0.8925,150000,11849,8806
w,high_order,airlines,5,0.895,150000,11431,8507
w,high_order,airlines,5,0.8975,150000,11034,8201
w,high_order,airlines,5,0.9,150000,10631,7926
w,high_order,airlines,5,0.9025,150000,10213,7632
w,high_order,airlines,5,0.905,150000,9826,7380
w,high_order,airlines,5,0.9075,150000,9446,7111
w,high_order,airlines,5,0.91,150000,9068,6832
w,high_order,airlines,5,0.9125,150000,8707,6577
w,high_order,airlines,5,0.915,150000,8282,6249
w,high_order,airlines,5,0.9175,150000,7896,5974
w,high_order,airlines,5,0.92,150000,7501,5693
w,high_order,airlines,5,0.9225,150000,7136,5424
w,high_order,airlines,5,0.925,150000,6779,5158
w,high_order,airlines,5,0.9275,150000,6430,4901
w,high_order,airlines,5,0.93,150000,6097,4647
w,high_order,airlines,5,0.9325,150000,5786,4426
w,high_order,airlines,5,0.935,150000,5467,4187
w,high_order,airlines,5,0.9375,150000,5125,3937
w,high_order,airlines,5,0.94,150000,4840,3720
w,high_order,airlines,5,0.9425,150000,4515,3460
w,high_order,airlines,5,0.945,150000,4237,3249
w,high_order,airlines,5,0.9475,150000,3963,3051
w,high_order,airlines,5,0.95,150000,3690,2834
w,high_order,airlines,5,0.9525,150000,3434,2653
w,high_order,airlines,5,0.955,150000,3154,2450
w,high_order,airlines,5,0.9575,150000,2923,2277
w,high_order,airlines,5,0.96,150000,2685,2098
w,high_order,airlines,5,0.9625,150000,2461,1921
w,high_order,airlines,5,0.965,150000,2283,1781
w,high_order,airlines,5,0.9675,150000,2074,1612
w,high_order,airlines,5,0.97,150000,1870,1453
w,high_order,airlines,5,0.9725,150000,1673,1299
w,high_order,airlines,5,0.975,150000,1481,1147
w,high_order,airlines,5,0.9775,150000,1299,1003
w,high_order,airlines,5,0.98,150000,1153,898
w,high_order,airlines,5,0.9825,150000,1013,787
w,high_order,airlines,5,0.985,150000,868,675
w,high_order,airlines,5,0.9875,150000,727,570
w,high_order,airlines,5,0.99,150000,571,449
w,high_order,airlines,5,0.9925,150000,428,344
w,high_order,airlines,5,0.995,150000,270,219
w,high_order,airlines,5,0.9975,150000,130,100
w,high_order,airlines,5,1.0,150000,2,2
A_hat,binary_relevance_probe,airlines,5,0.7,600000,112270,74215
A_hat,binary_relevance_probe,airlines,5,0.7025,600000,109072,72210
A_hat,binary_relevance_probe,airlines,5,0.705,600000,105994,70210
A_hat,binary_relevance_probe,airlines,5,0.7075,600000,102805,68189
A_hat,binary_relevance_probe,airlines,5,0.71,600000,100125,66459
A_hat,binary_relevance_probe,airlines,5,0.7125,600000,97173,64548
A_hat,binary_relevance_probe,airlines,5,0.715,600000,94068,62563
A_hat,binary_relevance_probe,airlines,5,0.7175,600000,90498,60215
A_hat,binary_relevance_probe,airlines,5,0.72,600000,86958,57864
A_hat,binary_relevance_probe,airlines,5,0.7225,600000,83414,55560
A_hat,binary_relevance_probe,airlines,5,0.725,600000,80111,53416
A_hat,binary_relevance_probe,airlines,5,0.7275,600000,76403,50980
A_hat,binary_relevance_probe,airlines,5,0.73,600000,72489,48421
A_hat,binary_relevance_probe,airlines,5,0.7325,600000,68811,45924
A_hat,binary_relevance_probe,airlines,5,0.735,600000,65213,43504
A_hat,binary_relevance_probe,airlines,5,0.7375,600000,61688,41141
A_hat,binary_relevance_probe,airlines,5,0.74,600000,58154,38674
A_hat,binary_relevance_probe,airlines,5,0.7425,600000,54264,35915
A_hat,binary_relevance_probe,airlines,5,0.745,600000,51123,33740
A_hat,binary_relevance_probe,airlines,5,0.7475,600000,47602,31299
A_hat,binary_relevance_probe,airlines,5,0.75,600000,45105,29547
A_hat,binary_relevance_probe,airlines,5,0.7525,600000,42624,27855
A_hat,binary_relevance_probe,airlines,5,0.755,600000,40535,26436
A_hat,binary_relevance_probe,airlines,5,0.7575,600000,38584,25124
A_hat,binary_relevance_probe,airlines,5,0.76,600000,37052,24123
A_hat,binary_relevance_probe,airlines,5,0.7625,600000,35575,23133
A_hat,binary_relevance_probe,airlines,5,0.765,600000,34200,22215
A_hat,binary_relevance_probe,airlines,5,0.7675,600000,32848,21313
A_hat,binary_relevance_probe,airlines,5,0.77,600000,31531,20421
A_hat,binary_relevance_probe,airlines,5,0.7725,600000,30145,19456
A_hat,binary_relevance_probe,airlines,5,0.775,600000,28929,18640
A_hat,binary_relevance_probe,airlines,5,0.7775,600000,28003,18010
A_hat,binary_relevance_probe,airlines,5,0.78,600000,27184,17471
A_hat,binary_relevance_probe,airlines,5,0.7825,600000,26530,17040
A_hat,binary_relevance_probe,airlines,5,0.785,600000,25835,16597
A_hat,binary_relevance_probe,airlines,5,0.7875,600000,25134,16139
A_hat,binary_relevance_probe,airlines,5,0.79,600000,24235,15542
A_hat,binary_relevance_probe,airlines,5,0.7925,600000,23407,14992
A_hat,binary_relevance_probe,airlines,5,0.795,600000,22787,14577
A_hat,binary_relevance_probe,airlines,5,0.7975,600000,22231,14208
A_hat,binary_relevance_probe,airlines,5,0.8,600000,21578,13766
A_hat,binary_relevance_probe,airlines,5,0.8025,600000,20889,13294
A_hat,binary_relevance_probe,airlines,5,0.805,600000,20293,12894
A_hat,binary_relevance_probe,airlines,5,0.8075,600000,19722,12477
A_hat,binary_relevance_probe,airlines,5,0.81,600000,19245,12152
A_hat,binary_relevance_probe,airlines,5,0.8125,600000,18723,11778
A_hat,binary_relevance_probe,airlines,5,0.815,600000,18209,11404
A_hat,binary_relevance_probe,airlines,5,0.8175,600000,17778,11103
A_hat,binary_relevance_probe,airlines,5,0.82,600000,17305,10776
A_hat,binary_relevance_probe,airlines,5,0.8225,600000,16968,10558
A_hat,binary_relevance_probe,airlines,5,0.825,600000,16670,10366
A_hat,binary_relevance_probe,airlines,5,0.8275,600000,16370,10160
A_hat,binary_relevance_probe,airlines,5,0.83,600000,16130,10014
A_hat,binary_relevance_probe,airlines,5,0.8325,600000,15806,9828
A_hat,binary_relevance_probe,airlines,5,0.835,600000,15502,9641
A_hat,binary_relevance_probe,airlines,5,0.8375,600000,15294,9508
A_hat,binary_relevance_probe,airlines,5,0.84,600000,15025,9332
A_hat,binary_relevance_probe,airlines,5,0.8425,600000,14778,9191
A_hat,binary_relevance_probe,airlines,5,0.845,600000,14577,9056
A_hat,binary_relevance_probe,airlines,5,0.8475,600000,14363,8928
A_hat,binary_relevance_probe,airlines,5,0.85,600000,14158,8788
A_hat,binary_relevance_probe,airlines,5,0.8525,600000,13955,8668
A_hat,binary_relevance_probe,airlines,5,0.855,600000,13737,8535
A_hat,binary_relevance_probe,airlines,5,0.8575,600000,13559,8425
A_hat,binary_relevance_probe,airlines,5,0.86,600000,13373,8313
A_hat,binary_relevance_probe,airlines,5,0.8625,600000,13139,8169
A_hat,binary_relevance_probe,airlines,5,0.865,600000,12954,8059
A_hat,binary_relevance_probe,airlines,5,0.8675,600000,12752,7943
A_hat,binary_relevance_probe,airlines,5,0.87,600000,12560,7843
A_hat,binary_relevance_probe,airlines,5,0.8725,600000,12389,7739
A_hat,binary_relevance_probe,airlines,5,0.875,600000,12208,7626
A_hat,binary_relevance_probe,airlines,5,0.8775,600000,12049,7527
A_hat,binary_relevance_probe,airlines,5,0.88,600000,11912,7443
A_hat,binary_relevance_probe,airlines,5,0.8825,600000,11752,7354
A_hat,binary_relevance_probe,airlines,5,0.885,600000,11589,7247
A_hat,binary_relevance_probe,airlines,5,0.8875,600000,11419,7130
A_hat,binary_relevance_probe,airlines,5,0.89,600000,11265,7041
A_hat,binary_relevance_probe,airlines,5,0.8925,600000,11114,6952
A_hat,binary_relevance_probe,airlines,5,0.895,600000,10973,6869
A_hat,binary_relevance_probe,airlines,5,0.8975,600000,10802,6765
A_hat,binary_relevance_probe,airlines,5,0.9,600000,10619,6650
A_hat,binary_relevance_probe,airlines,5,0.9025,600000,10463,6556
A_hat,binary_relevance_probe,airlines,5,0.905,600000,10331,6478
A_hat,binary_relevance_probe,airlines,5,0.9075,600000,10202,6399
A_hat,binary_relevance_probe,airlines,5,0.91,600000,10062,6322
A_hat,binary_relevance_probe,airlines,5,0.9125,600000,9916,6227
A_hat,binary_relevance_probe,airlines,5,0.915,600000,9796,6154
A_hat,binary_relevance_probe,airlines,5,0.9175,600000,9657,6070
A_hat,binary_relevance_probe,airlines,5,0.92,600000,9488,5963
A_hat,binary_relevance_probe,airlines,5,0.9225,600000,9334,5867
A_hat,binary_relevance_probe,airlines,5,0.925,600000,9185,5775
A_hat,binary_relevance_probe,airlines,5,0.9275,600000,9036,5674
A_hat,binary_relevance_probe,airlines,5,0.93,600000,8902,5599
A_hat,binary_relevance_probe,airlines,5,0.9325,600000,8763,5509
A_hat,binary_relevance_probe,airlines,5,0.935,600000,8628,5425
A_hat,binary_relevance_probe,airlines,5,0.9375,600000,8451,5319
A_hat,binary_relevance_probe,airlines,5,0.94,600000,8296,5222
A_hat,binary_relevance_probe,airlines,5,0.9425,600000,8131,5117
A_hat,binary_relevance_probe,airlines,5,0.945,600000,8001,5044
A_hat,binary_relevance_probe,airlines,5,0.9475,600000,7886,4981
A_hat,binary_relevance_probe,airlines,5,0.95,600000,7760,4911
A_hat,binary_relevance_probe,airlines,5,0.9525,600000,7618,4829
A_hat,binary_relevance_probe,airlines,5,0.955,600000,7451,4725
A_hat,binary_relevance_probe,airlines,5,0.9575,600000,7301,4641
A_hat,binary_relevance_probe,airlines,5,0.96,600000,7157,4547
A_hat,binary_relevance_probe,airlines,5,0.9625,600000,7009,4454
A_hat,binary_relevance_probe,airlines,5,0.965,600000,6858,4368
A_hat,binary_relevance_probe,airlines,5,0.9675,600000,6706,4275
A_hat,binary_relevance_probe,airlines,5,0.97,600000,6563,4191
A_hat,binary_relevance_probe,airlines,5,0.9725,600000,6393,4091
A_hat,binary_relevance_probe,airlines,5,0.975,600000,6219,3983
A_hat,binary_relevance_probe,airlines,5,0.9775,600000,6036,3864
A_hat,binary_relevance_probe,airlines,5,0.98,600000,5855,3743
A_hat,binary_relevance_probe,airlines,5,0.9825,600000,5683,3640
A_hat,binary_relevance_probe,airlines,5,0.985,600000,5482,3509
A_hat,binary_relevance_probe,airlines,5,0.9875,600000,5300,3393
A_hat,binary_relevance_probe,airlines,5,0.99,600000,5091,3275
A_hat,binary_relevance_probe,airlines,5,0.9925,600000,4822,3106
A_hat,binary_relevance_probe,airlines,5,0.995,600000,4522,2911
A_hat,binary_relevance_probe,airlines,5,0.9975,600000,4139,2665
A_hat,binary_relevance_probe,airlines,5,1.0,600000,1823,1135
M,high_order,AGR_a,1,0.7,150000,69257,44282
M,high_order,AGR_a,1,0.7025,150000,69070,44167
M,high_order,AGR_a,1,0.705,150000,68933,44084
M,high_order,AGR_a,1,0.7075,150000,68792,44002
M,high_order,AGR_a,1,0.71,150000,68664,43930
M,high_order,AGR_a,1,0.7125,150000,68498,43828
M,high_order,AGR_a,1,0.715,150000,68340,43726
M,high_order,AGR_a,1,0.7175,150000,68164,43620
M,high_order,AGR_a,1,0.72,150000,68010,43535
M,high_order,AGR_a,1,0.7225,150000,67833,43430
M,high_order,AGR_a,1,0.725,150000,67714,43365
M,high_order,AGR_a,1,0.7275,150000,67554,43285
M,high_order,AGR_a,1,0.73,150000,67343,43173
M,high_order,AGR_a,1,0.7325,150000,67147,43063
M,high_order,AGR_a,1,0.735,150000,66920,42921
M,high_order,AGR_a,1,0.7375,150000,66727,42830
M,high_order,AGR_a,1,0.74,150000,66558,42746
M,high_order,AGR_a,1,0.7425,150000,66407,42658
M,high_order,AGR_a,1,0.745,150000,66261,42574
M,high_order,AGR_a,1,0.7475,150000,66094,42472
M,high_order,AGR_a,1,0.75,150000,65927,42368
M,high_order,AGR_a,1,0.7525,150000,65786,42288
M,high_order,AGR_a,1,0.755,150000,65646,42203
M,high_order,AGR_a,1,0.7575,150000,65477,42106
M,high_order,AGR_a,1,0.76,150000,65337,42022
M,high_order,AGR_a,1,0.7625,150000,65218,41957
M,high_order,AGR_a,1,0.765,150000,65055,41868
M,high_order,AGR_a,1,0.7675,150000,64936,41799
M,high_order,AGR_a,1,0.77,150000,64772,41699
M,high_order,AGR_a,1,0.7725,150000,64642,41626
M,high_order,AGR_a,1,0.775,150000,64523,41561
M,high_order,AGR_a,1,0.7775,150000,64398,41491
M,high_order,AGR_a,1,0.78,150000,64181,41366
M,high_order,AGR_a,1,0.7825,150000,64047,41290
M,high_order,AGR_a,1,0.785,150000,63905,41209
M,high_order,AGR_a,1,0.7875,150000,63768,41122
M,high_order,AGR_a,1,0.79,150000,63631,41048
M,high_order,AGR_a,1,0.7925,150000,63487,40960
M,high_order,AGR_a,1,0.795,150000,63372,40896
M,high_order,AGR_a,1,0.7975,150000,63246,40846
M,high_order,AGR_a,1,0.8,150000,63074,40741
M,high_order,AGR_a,1,0.8025,150000,62916,40657
M,high_order,AGR_a,1,0.805,150000,62788,40577
M,high_order,AGR_a,1,0.8075,150000,62658,40501
M,high_order,AGR_a,1,0.81,150000,62485,40395
M,high_order,AGR_a,1,0.8125,150000,62380,40336
M,high_order,AGR_a,1,0.815,150000,62241,40255
M,high_order,AGR_a,1,0.8175,150000,62093,40157
M,high_order,AGR_a,1,0.82,150000,61928,40059
M,high_order,AGR_a,1,0.8225,150000,61782,39966
M,high_order,AGR_a,1,0.825,150000,61641,39886
M,high_order,AGR_a,1,0.8275,150000,61502,39807
M,high_order,AGR_a,1,0.83,150000,61328,39703
M,high_order,AGR_a,1,0.8325,150000,61173,39619
M,high_order,AGR_a,1,0.835,150000,61028,39546
M,high_order,AGR_a,1,0.8375,150000,60882,39467
M,high_order,AGR_a,1,0.84,150000,60743,39394
M,high_order,AGR_a,1,0.8425,150000,60603,39308
M,high_order,AGR_a,1,0.845,150000,60457,39228
M,high_order,AGR_a,1,0.8475,150000,60313,39134
M,high_order,AGR_a,1,0.85,150000,60180,39062
M,high_order,AGR_a,1,0.8525,150000,60057,39000
M,high_order,AGR_a,1,0.855,150000,59932,38933
M,high_order,AGR_a,1,0.8575,150000,59788,38849
M,high_order,AGR_a,1,0.86,150000,59646,38776
M,high_order,AGR_a,1,0.8625,150000,59510,38700
M,high_order,AGR_a,1,0.865,150000,59415,38645
M,high_order,AGR_a,1,0.8675,150000,59260,38555
M,high_order,AGR_a,1,0.87,150000,59135,38491
M,high_order,AGR_a,1,0.8725,150000,59008,38428
M,high_order,AGR_a,1,0.875,150000,58892,38353
M,high_order,AGR_a,1,0.8775,150000,58771,38279
M,high_order,AGR_a,1,0.88,150000,58593,38179
M,high_order,AGR_a,1,0.8825,150000,58433,38083
M,high_order,AGR_a,1,0.885,150000,58259,37988
M,high_order,AGR_a,1,0.8875,150000,58087,37884
M,high_order,AGR_a,1,0.89,150000,57920,37784
M,high_order,AGR_a,1,0.8925,150000,57724,37665
M,high_order,AGR_a,1,0.895,150000,57526,37535
M,high_order,AGR_a,1,0.8975,150000,57408,37462
M,high_order,AGR_a,1,0.9,150000,57241,37356
M,high_order,AGR_a,1,0.9025,150000,57100,37258
M,high_order,AGR_a,1,0.905,150000,56959,37162
M,high_order,AGR_a,1,0.9075,150000,56813,37066
M,high_order,AGR_a,1,0.91,150000,56630,36942
M,high_order,AGR_a,1,0.9125,150000,56487,36853
M,high_order,AGR_a,1,0.915,150000,56306,36742
M,high_order,AGR_a,1,0.9175,150000,56159,36648
M,high_order,AGR_a,1,0.92,150000,55944,36496
M,high_order,AGR_a,1,0.9225,150000,55741,36378
M,high_order,AGR_a,1,0.925,150000,55557,36243
M,high_order,AGR_a,1,0.9275,150000,55411,36149
M,high_order,AGR_a,1,0.93,150000,55242,36051
M,high_order,AGR_a,1,0.9325,150000,55101,35964
M,high_order,AGR_a,1,0.935,150000,54910,35850
M,high_order,AGR_a,1,0.9375,150000,54720,35726
M,high_order,AGR_a,1,0.94,150000,54536,35613
M,high_order,AGR_a,1,0.9425,150000,54324,35488
M,high_order,AGR_a,1,0.945,150000,54156,35392
M,high_order,AGR_a,1,0.9475,150000,54009,35300
M,high_order,AGR_a,1,0.95,150000,53881,35235
M,high_order,AGR_a,1,0.9525,150000,53707,35123
M,high_order,AGR_a,1,0.955,150000,53494,34989
M,high_order,AGR_a,1,0.9575,150000,53305,34865
M,high_order,AGR_a,1,0.96,150000,53200,34816
M,high_order,AGR_a,1,0.9625,150000,53023,34722
M,high_order,AGR_a,1,0.965,150000,52874,34639
M,high_order,AGR_a,1,0.9675,150000,52686,34541
M,high_order,AGR_a,1,0.97,150000,52461,34409
M,high_order,AGR_a,1,0.9725,150000,52266,34306
M,high_order,AGR_a,1,0.975,150000,52100,34223
M,high_order,AGR_a,1,0.9775,150000,51864,34107
M,high_order,AGR_a,1,0.98,150000,51652,33991
M,high_order,AGR_a,1,0.9825,150000,51424,33869
M,high_order,AGR_a,1,0.985,150000,51052,33669
M,high_order,AGR_a,1,0.9875,150000,50654,33433
M,high_order,AGR_a,1,0.99,150000,50234,33177
M,high_order,AGR_a,1,0.9925,150000,49737,32870
M,high_order,AGR_a,1,0.995,150000,49050,32455
M,high_order,AGR_a,1,0.9975,150000,48251,32011
M,high_order,AGR_a,1,1.0,150000,43204,29393
c,high_order,AGR_a,1,0.7,150000,50870,40013
c,high_order,AGR_a,1,0.7025,150000,50870,40013
c,high_order,AGR_a,1,0.705,150000,50870,40013
c,high_order,AGR_a,1,0.7075,150000,50870,40013
c,high_order,AGR_a,1,0.71,150000,50870,40013
c,high_order,AGR_a,1,0.7125,150000,50870,40013
c,high_order,AGR_a,1,0.715,150000,50870,40013
c,high_order,AGR_a,1,0.7175,150000,50870,40013
c,high_order,AGR_a,1,0.72,150000,50870,40013
c,high_order,AGR_a,1,0.7225,150000,50870,40013
c,high_order,AGR_a,1,0.725,150000,40791,33327
c,high_order,AGR_a,1,0.7275,150000,40791,33327
c,high_order,AGR_a,1,0.73,150000,40791,33327
c,high_order,AGR_a,1,0.7325,150000,40791,33327
c,high_order,AGR_a,1,0.735,150000,40791,33327
c,high_order,AGR_a,1,0.7375,150000,40791,33327
c,high_order,AGR_a,1,0.74,150000,40791,33327
c,high_order,AGR_a,1,0.7425,150000,40791,33327
c,high_order,AGR_a,1,0.745,150000,40791,33327
c,high_order,AGR_a,1,0.7475,150000,40791,33327
c,high_order,AGR_a,1,0.75,150000,40791,33327
c,high_order,AGR_a,1,0.7525,150000,40791,33327
c,high_order,AGR_a,1,0.755,150000,40791,33327
c,high_order,AGR_a,1,0.7575,150000,40791,33327
c,high_order,AGR_a,1,0.76,150000,32739,27811
c,high_order,AGR_a,1,0.7625,150000,32739,27811
c,high_order,AGR_a,1,0.765,150000,32739,27811
c,high_order,AGR_a,1,0.7675,150000,32739,27811
c,high_order,AGR_a,1,0.77,150000,32739,27811
c,high_order,AGR_a,1,0.7725,150000,32739,27811
c,high_order,AGR_a,1,0.775,150000,32739,27811
c,high_order,AGR_a,1,0.7775,150000,32739,27811
c,high_order,AGR_a,1,0.78,150000,32739,27811
c,high_order,AGR_a,1,0.7825,150000,32739,27811
c,high_order,AGR_a,1,0.785,150000,32739,27811
c,high_order,AGR_a,1,0.7875,150000,32739,27811
c,high_order,AGR_a,1,0.79,150000,32739,27811
c,high_order,AGR_a,1,0.7925,150000,32739,27811
c,high_order,AGR_a,1,0.795,150000,26224,23091
c,high_order,AGR_a,1,0.7975,150000,26224,23091
c,high_order,AGR_a,1,0.8,150000,26224,23091
c,high_order,AGR_a,1,0.8025,150000,26224,23091
c,high_order,AGR_a,1,0.805,150000,26224,23091
c,high_order,AGR_a,1,0.8075,150000,26224,23091
c,high_order,AGR_a,1,0.81,150000,26224,23091
c,high_order,AGR_a,1,0.8125,150000,26224,23091
c,high_order,AGR_a,1,0.815,150000,26224,23091
c,high_order,AGR_a,1,0.8175,150000,26224,23091
c,high_order,AGR_a,1,0.82,150000,26224,23091
c,high_order,AGR_a,1,0.8225,150000,26224,23091
c,high_order,AGR_a,1,0.825,150000,26224,23091
c,high_order,AGR_a,1,0.8275,150000,26224,23091
c,high_order,AGR_a,1,0.83,150000,20719,18802
c,high_order,AGR_a,1,0.8325,150000,20719,18802
c,high_order,AGR_a,1,0.835,150000,20719,18802
c,high_order,AGR_a,1,0.8375,150000,20719,18802
c,high_order,AGR_a,1,0.84,150000,20719,18802
c,high_order,AGR_a,1,0.8425,150000,20719,18802
c,high_order,AGR_a,1,0.845,150000,20719,18802
c,high_order,AGR_a,1,0.8475,150000,20719,18802
c,high_order,AGR_a,1,0.85,150000,20719,18802
c,high_order,AGR_a,1,0.8525,150000,20719,18802
c,high_order,AGR_a,1,0.855,150000,20719,18802
c,high_order,AGR_a,1,0.8575,150000,20719,18802
c,high_order,AGR_a,1,0.86,150000,20719,18802
c,high_order,AGR_a,1,0.8625,150000,15562,14455
c,high_order,AGR_a,1,0.865,150000,15562,14455
c,high_order,AGR_a,1,0.8675,150000,15562,14455
c,high_order,AGR_a,1,0.87,150000,15562,14455
c,high_order,AGR_a,1,0.8725,150000,15562,14455
c,high_order,AGR_a,1,0.875,150000,15562,14455
c,high_order,AGR_a,1,0.8775,150000,15562,14455
c,high_order,AGR_a,1,0.88,150000,15562,14455
c,high_order,AGR_a,1,0.8825,150000,15562,14455
c,high_order,AGR_a,1,0.885,150000,15562,14455
c,high_order,AGR_a,1,0.8875,150000,15562,14455
c,high_order,AGR_a,1,0.89,150000,15562,14455
c,high_order,AGR_a,1,0.8925,150000,15562,14455
c,high_order,AGR_a,1,0.895,150000,15562,14455
c,high_order,AGR_a,1,0.8975,150000,10752,10177
c,high_order,AGR_a,1,0.9,150000,10752,10177
c,high_order,AGR_a,1,0.9025,150000,10752,10177
c,high_order,AGR_a,1,0.905,150000,10752,10177
c,high_order,AGR_a,1,0.9075,150000,10752,10177
c,high_order,AGR_a,1,0.91,150000,10752,10177
c,high_order,AGR_a,1,0.9125,150000,10752,10177
c,high_order,AGR_a,1,0.915,150000,10752,10177
c,high_order,AGR_a,1,0.9175,150000,10752,10177
c,high_order,AGR_a,1,0.92,150000,10752,10177
c,high_order,AGR_a,1,0.9225,150000,10752,10177
c,high_order,AGR_a,1,0.925,150000,10752,10177
c,high_order,AGR_a,1,0.9275,150000,10752,10177
c,high_order,AGR_a,1,0.93,150000,10752,10177
c,high_order,AGR_a,1,0.9325,150000,5962,5720
c,high_order,AGR_a,1,0.935,150000,5962,5720
c,high_order,AGR_a,1,0.9375,150000,5962,5720
c,high_order,AGR_a,1,0.94,150000,5962,5720
c,high_order,AGR_a,1,0.9425,150000,5962,5720
c,high_order,AGR_a,1,0.945,150000,5962,5720
c,high_order,AGR_a,1,0.9475,150000,5962,5720
c,high_order,AGR_a,1,0.95,150000,5962,5720
c,high_order,AGR_a,1,0.9525,150000,5962,5720
c,high_order,AGR_a,1,0.955,150000,5962,5720
c,high_order,AGR_a,1,0.9575,150000,5962,5720
c,high_order,AGR_a,1,0.96,150000,5962,5720
c,high_order,AGR_a,1,0.9625,150000,5962,5720
c,high_order,AGR_a,1,0.965,150000,5962,5720
c,high_order,AGR_a,1,0.9675,150000,1932,1869
c,high_order,AGR_a,1,0.97,150000,1932,1869
c,high_order,AGR_a,1,0.9725,150000,1932,1869
c,high_order,AGR_a,1,0.975,150000,1932,1869
c,high_order,AGR_a,1,0.9775,150000,1932,1869
c,high_order,AGR_a,1,0.98,150000,1932,1869
c,high_order,AGR_a,1,0.9825,150000,1932,1869
c,high_order,AGR_a,1,0.985,150000,1932,1869
c,high_order,AGR_a,1,0.9875,150000,1932,1869
c,high_order,AGR_a,1,0.99,150000,1932,1869
c,high_order,AGR_a,1,0.9925,150000,1932,1869
c,high_order,AGR_a,1,0.995,150000,1932,1869
c,high_order,AGR_a,1,0.9975,150000,1932,1869
c,high_order,AGR_a,1,1.0,150000,1932,1869
A_hat,high_order,AGR_a,1,0.7,150000,56632,36072
A_hat,high_order,AGR_a,1,0.7025,150000,54363,34825
A_hat,high_order,AGR_a,1,0.705,150000,54335,34811
A_hat,high_order,AGR_a,1,0.7075,150000,54278,34782
A_hat,high_order,AGR_a,1,0.71,150000,54227,34760
A_hat,high_order,AGR_a,1,0.7125,150000,54182,34730
A_hat,high_order,AGR_a,1,0.715,150000,54152,34717
A_hat,high_order,AGR_a,1,0.7175,150000,54103,34698
A_hat,high_order,AGR_a,1,0.72,150000,54066,34680
A_hat,high_order,AGR_a,1,0.7225,150000,54017,34654
A_hat,high_order,AGR_a,1,0.725,150000,53976,34632
A_hat,high_order,AGR_a,1,0.7275,150000,53929,34604
A_hat,high_order,AGR_a,1,0.73,150000,53893,34584
A_hat,high_order,AGR_a,1,0.7325,150000,53849,34561
A_hat,high_order,AGR_a,1,0.735,150000,53808,34544
A_hat,high_order,AGR_a,1,0.7375,150000,53762,34521
A_hat,high_order,AGR_a,1,0.74,150000,53717,34499
A_hat,high_order,AGR_a,1,0.7425,150000,53664,34466
A_hat,high_order,AGR_a,1,0.745,150000,53626,34448
A_hat,high_order,AGR_a,1,0.7475,150000,53590,34425
A_hat,high_order,AGR_a,1,0.75,150000,49965,32333
A_hat,high_order,AGR_a,1,0.7525,150000,46654,30478
A_hat,high_order,AGR_a,1,0.755,150000,46610,30455
A_hat,high_order,AGR_a,1,0.7575,150000,46577,30432
A_hat,high_order,AGR_a,1,0.76,150000,46528,30406
A_hat,high_order,AGR_a,1,0.7625,150000,46499,30395
A_hat,high_order,AGR_a,1,0.765,150000,46449,30370
A_hat,high_order,AGR_a,1,0.7675,150000,46412,30350
A_hat,high_order,AGR_a,1,0.77,150000,46368,30324
A_hat,high_order,AGR_a,1,0.7725,150000,46340,30307
A_hat,high_order,AGR_a,1,0.775,150000,46304,30287
A_hat,high_order,AGR_a,1,0.7775,150000,46276,30276
A_hat,high_order,AGR_a,1,0.78,150000,46241,30258
A_hat,high_order,AGR_a,1,0.7825,150000,46208,30245
A_hat,high_order,AGR_a,1,0.785,150000,46182,30232
A_hat,high_order,AGR_a,1,0.7875,150000,46142,30208
A_hat,high_order,AGR_a,1,0.79,150000,46097,30183
A_hat,high_order,AGR_a,1,0.7925,150000,46061,30164
A_hat,high_order,AGR_a,1,0.795,150000,46035,30154
A_hat,high_order,AGR_a,1,0.7975,150000,46003,30133
A_hat,high_order,AGR_a,1,0.8,150000,43595,28770
A_hat,high_order,AGR_a,1,0.8025,150000,38949,26177
A_hat,high_order,AGR_a,1,0.805,150000,38930,26166
A_hat,high_order,AGR_a,1,0.8075,150000,38910,26158
A_hat,high_order,AGR_a,1,0.81,150000,38884,26139
A_hat,high_order,AGR_a,1,0.8125,150000,38860,26128
A_hat,high_order,AGR_a,1,0.815,150000,38831,26110
A_hat,high_order,AGR_a,1,0.8175,150000,38802,26093
A_hat,high_order,AGR_a,1,0.82,150000,38781,26079
A_hat,high_order,AGR_a,1,0.8225,150000,38757,26064
A_hat,high_order,AGR_a,1,0.825,150000,38734,26054
A_hat,high_order,AGR_a,1,0.8275,150000,38714,26041
A_hat,high_order,AGR_a,1,0.83,150000,38685,26022
A_hat,high_order,AGR_a,1,0.8325,150000,38655,26010
A_hat,high_order,AGR_a,1,0.835,150000,38622,25990
A_hat,high_order,AGR_a,1,0.8375,150000,38592,25974
A_hat,high_order,AGR_a,1,0.84,150000,38562,25961
A_hat,high_order,AGR_a,1,0.8425,150000,38525,25941
A_hat,high_order,AGR_a,1,0.845,150000,38497,25920
A_hat,high_order,AGR_a,1,0.8475,150000,38468,25903
A_hat,high_order,AGR_a,1,0.85,150000,34685,23709
A_hat,high_order,AGR_a,1,0.8525,150000,30973,21529
A_hat,high_order,AGR_a,1,0.855,150000,30953,21518
A_hat,high_order,AGR_a,1,0.8575,150000,30927,21503
A_hat,high_order,AGR_a,1,0.86,150000,30898,21486
A_hat,high_order,AGR_a,1,0.8625,150000,30872,21466
A_hat,high_order,AGR_a,1,0.865,150000,30842,21447
A_hat,high_order,AGR_a,1,0.8675,150000,30819,21434
A_hat,high_order,AGR_a,1,0.87,150000,30797,21415
A_hat,high_order,AGR_a,1,0.8725,150000,30773,21401
A_hat,high_order,AGR_a,1,0.875,150000,30746,21381
A_hat,high_order,AGR_a,1,0.8775,150000,30724,21365
A_hat,high_order,AGR_a,1,0.88,150000,30694,21344
A_hat,high_order,AGR_a,1,0.8825,150000,30670,21331
A_hat,high_order,AGR_a,1,0.885,150000,30644,21313
A_hat,high_order,AGR_a,1,0.8875,150000,30605,21288
A_hat,high_order,AGR_a,1,0.89,150000,30578,21271
A_hat,high_order,AGR_a,1,0.8925,150000,30552,21250
A_hat,high_order,AGR_a,1,0.895,150000,30529,21233
A_hat,high_order,AGR_a,1,0.8975,150000,30504,21215
A_hat,high_order,AGR_a,1,0.9,150000,24643,17735
A_hat,high_order,AGR_a,1,0.9025,150000,22778,16613
A_hat,high_order,AGR_a,1,0.905,150000,22755,16599
A_hat,high_order,AGR_a,1,0.9075,150000,22735,16584
A_hat,high_order,AGR_a,1,0.91,150000,22721,16571
A_hat,high_order,AGR_a,1,0.9125,150000,22701,16555
A_hat,high_order,AGR_a,1,0.915,150000,22685,16545
A_hat,high_order,AGR_a,1,0.9175,150000,22674,16537
A_hat,high_order,AGR_a,1,0.92,150000,22662,16530
A_hat,high_order,AGR_a,1,0.9225,150000,22653,16523
A_hat,high_order,AGR_a,1,0.925,150000,22645,16515
A_hat,high_order,AGR_a,1,0.9275,150000,22638,16511
A_hat,high_order,AGR_a,1,0.93,150000,22631,16507
A_hat,high_order,AGR_a,1,0.9325,150000,22626,16504
A_hat,high_order,AGR_a,1,0.935,150000,22619,16501
A_hat,high_order,AGR_a,1,0.9375,150000,22614,16498
A_hat,high_order,AGR_a,1,0.94,150000,22611,16496
A_hat,high_order,AGR_a,1,0.9425,150000,22609,16494
A_hat,high_order,AGR_a,1,0.945,150000,22609,16494
A_hat,high_order,AGR_a,1,0.9475,150000,22608,16493
A_hat,high_order,AGR_a,1,0.95,150000,18396,13847
A_hat,high_order,AGR_a,1,0.9525,150000,14559,11347
A_hat,high_order,AGR_a,1,0.955,150000,14559,11347
A_hat,high_order,AGR_a,1,0.9575,150000,14558,11346
A_hat,high_order,AGR_a,1,0.96,150000,14557,11345
A_hat,high_order,AGR_a,1,0.9625,150000,14557,11345
A_hat,high_order,AGR_a,1,0.965,150000,14557,11345
A_hat,high_order,AGR_a,1,0.9675,150000,14557,11345
A_hat,high_order,AGR_a,1,0.97,150000,14556,11345
A_hat,high_order,AGR_a,1,0.9725,150000,14556,11345
A_hat,high_order,AGR_a,1,0.975,150000,14556,11345
A_hat,high_order,AGR_a,1,0.9775,150000,14556,11345
A_hat,high_order,AGR_a,1,0.98,150000,14556,11345
A_hat,high_order,AGR_a,1,0.9825,150000,14556,11345
A_hat,high_order,AGR_a,1,0.985,150000,14556,11345
A_hat,high_order,AGR_a,1,0.9875,150000,14556,11345
A_hat,high_order,AGR_a,1,0.99,150000,14556,11345
A_hat,high_order,AGR_a,1,0.9925,150000,14556,11345
A_hat,high_order,AGR_a,1,0.995,150000,14556,11345
A_hat,high_order,AGR_a,1,0.9975,150000,14556,11345
A_hat,high_order,AGR_a,1,1.0,150000,14556,11345
C,high_order,AGR_a,1,0.7,150000,47864,32270
C,high_order,AGR_a,1,0.7025,150000,47614,32140
C,high_order,AGR_a,1,0.705,150000,47289,31960
C,high_order,AGR_a,1,0.7075,150000,45851,31131
C,high_order,AGR_a,1,0.71,150000,45135,30730
C,high_order,AGR_a,1,0.7125,150000,44943,30630
C,high_order,AGR_a,1,0.715,150000,44731,30506
C,high_order,AGR_a,1,0.7175,150000,44533,30411
C,high_order,AGR_a,1,0.72,150000,44322,30293
C,high_order,AGR_a,1,0.7225,150000,44116,30172
C,high_order,AGR_a,1,0.725,150000,43941,30063
C,high_order,AGR_a,1,0.7275,150000,43776,29957
C,high_order,AGR_a,1,0.73,150000,43587,29852
C,high_order,AGR_a,1,0.7325,150000,43409,29750
C,high_order,AGR_a,1,0.735,150000,43191,29623
C,high_order,AGR_a,1,0.7375,150000,42970,29501
C,high_order,AGR_a,1,0.74,150000,42591,29281
C,high_order,AGR_a,1,0.7425,150000,40771,28222
C,high_order,AGR_a,1,0.745,150000,40404,28039
C,high_order,AGR_a,1,0.7475,150000,40251,27952
C,high_order,AGR_a,1,0.75,150000,40062,27852
C,high_order,AGR_a,1,0.7525,150000,39889,27749
C,high_order,AGR_a,1,0.755,150000,39714,27657
C,high_order,AGR_a,1,0.7575,150000,39530,27552
C,high_order,AGR_a,1,0.76,150000,39336,27438
C,high_order,AGR_a,1,0.7625,150000,39151,27330
C,high_order,AGR_a,1,0.765,150000,38971,27222
C,high_order,AGR_a,1,0.7675,150000,38801,27125
C,high_order,AGR_a,1,0.77,150000,38587,27009
C,high_order,AGR_a,1,0.7725,150000,38305,26861
C,high_order,AGR_a,1,0.775,150000,36742,25932
C,high_order,AGR_a,1,0.7775,150000,36104,25565
C,high_order,AGR_a,1,0.78,150000,35919,25448
C,high_order,AGR_a,1,0.7825,150000,35708,25340
C,high_order,AGR_a,1,0.785,150000,35521,25222
C,high_order,AGR_a,1,0.7875,150000,35363,25128
C,high_order,AGR_a,1,0.79,150000,35224,25055
C,high_order,AGR_a,1,0.7925,150000,35061,24959
C,high_order,AGR_a,1,0.795,150000,34923,24876
C,high_order,AGR_a,1,0.7975,150000,34749,24775
C,high_order,AGR_a,1,0.8,150000,34545,24648
C,high_order,AGR_a,1,0.8025,150000,34351,24534
C,high_order,AGR_a,1,0.805,150000,34003,24334
C,high_order,AGR_a,1,0.8075,150000,32040,23195
C,high_order,AGR_a,1,0.81,150000,31868,23091
C,high_order,AGR_a,1,0.8125,150000,31737,23018
C,high_order,AGR_a,1,0.815,150000,31598,22939
C,high_order,AGR_a,1,0.8175,150000,31477,22874
C,high_order,AGR_a,1,0.82,150000,31356,22801
C,high_order,AGR_a,1,0.8225,150000,31199,22710
C,high_order,AGR_a,1,0.825,150000,31061,22631
C,high_order,AGR_a,1,0.8275,150000,30912,22545
C,high_order,AGR_a,1,0.83,150000,30762,22455
C,high_order,AGR_a,1,0.8325,150000,30582,22352
C,high_order,AGR_a,1,0.835,150000,30367,22234
C,high_order,AGR_a,1,0.8375,150000,28337,21028
C,high_order,AGR_a,1,0.84,150000,28108,20888
C,high_order,AGR_a,1,0.8425,150000,27991,20815
C,high_order,AGR_a,1,0.845,150000,27861,20725
C,high_order,AGR_a,1,0.8475,150000,27727,20649
C,high_order,AGR_a,1,0.85,150000,27592,20566
C,high_order,AGR_a,1,0.8525,150000,27468,20480
C,high_order,AGR_a,1,0.855,150000,27343,20408
C,high_order,AGR_a,1,0.8575,150000,27196,20317
C,high_order,AGR_a,1,0.86,150000,27034,20212
C,high_order,AGR_a,1,0.8625,150000,26889,20131
C,high_order,AGR_a,1,0.865,150000,26537,19933
C,high_order,AGR_a,1,0.8675,150000,24409,18596
C,high_order,AGR_a,1,0.87,150000,24292,18519
C,high_order,AGR_a,1,0.8725,150000,24179,18440
C,high_order,AGR_a,1,0.875,150000,24075,18381
C,high_order,AGR_a,1,0.8775,150000,23970,18316
C,high_order,AGR_a,1,0.88,150000,23867,18251
C,high_order,AGR_a,1,0.8825,150000,23767,18186
C,high_order,AGR_a,1,0.885,150000,23643,18114
C,high_order,AGR_a,1,0.8875,150000,23519,18044
C,high_order,AGR_a,1,0.89,150000,23389,17965
C,high_order,AGR_a,1,0.8925,150000,23235,17873
C,high_order,AGR_a,1,0.895,150000,20948,16441
C,high_order,AGR_a,1,0.8975,150000,20746,16325
C,high_order,AGR_a,1,0.9,150000,20668,16278
C,high_order,AGR_a,1,0.9025,150000,20581,16230
C,high_order,AGR_a,1,0.905,150000,20498,16178
C,high_order,AGR_a,1,0.9075,150000,20410,16124
C,high_order,AGR_a,1,0.91,150000,20331,16063
C,high_order,AGR_a,1,0.9125,150000,20234,16004
C,high_order,AGR_a,1,0.915,150000,20117,15934
C,high_order,AGR_a,1,0.9175,150000,19996,15860
C,high_order,AGR_a,1,0.92,150000,19826,15753
C,high_order,AGR_a,1,0.9225,150000,17607,14303
C,high_order,AGR_a,1,0.925,150000,17352,14138
C,high_order,AGR_a,1,0.9275,150000,17293,14095
C,high_order,AGR_a,1,0.93,150000,17228,14054
C,high_order,AGR_a,1,0.9325,150000,17144,14007
C,high_order,AGR_a,1,0.935,150000,17062,13949
C,high_order,AGR_a,1,0.9375,150000,16978,13890
C,high_order,AGR_a,1,0.94,150000,16889,13827
C,high_order,AGR_a,1,0.9425,150000,16778,13752
C,high_order,AGR_a,1,0.945,150000,16636,13648
C,high_order,AGR_a,1,0.9475,150000,16461,13540
C,high_order,AGR_a,1,0.95,150000,13832,11751
C,high_order,AGR_a,1,0.9525,150000,13780,11711
C,high_order,AGR_a,1,0.955,150000,13714,11661
C,high_order,AGR_a,1,0.9575,150000,13638,11604
C,high_order,AGR_a,1,0.96,150000,13571,11552
C,high_order,AGR_a,1,0.9625,150000,13486,11488
C,high_order,AGR_a,1,0.965,150000,13423,11443
C,high_order,AGR_a,1,0.9675,150000,13319,11357
C,high_order,AGR_a,1,0.97,150000,13205,11279
C,high_order,AGR_a,1,0.9725,150000,13086,11202
C,high_order,AGR_a,1,0.975,150000,9616,8613
C,high_order,AGR_a,1,0.9775,150000,9588,8594
C,high_order,AGR_a,1,0.98,150000,9549,8564
C,high_order,AGR_a,1,0.9825,150000,9533,8554
C,high_order,AGR_a,1,0.985,150000,9509,8537
C,high_order,AGR_a,1,0.9875,150000,9466,8500
C,high_order,AGR_a,1,0.99,150000,9438,8485
C,high_order,AGR_a,1,0.9925,150000,9368,8429
C,high_order,AGR_a,1,0.995,150000,9297,8370
C,high_order,AGR_a,1,0.9975,150000,9185,8284
C,high_order,AGR_a,1,1.0,150000,8899,8134
w,high_order,AGR_a,1,0.7,150000,58430,44459
w,high_order,AGR_a,1,0.7025,150000,57552,43869
w,high_order,AGR_a,1,0.705,150000,56710,43296
w,high_order,AGR_a,1,0.7075,150000,55882,42750
w,high_order,AGR_a,1,0.71,150000,55074,42214
w,high_order,AGR_a,1,0.7125,150000,54197,41642
w,high_order,AGR_a,1,0.715,150000,53349,41072
w,high_order,AGR_a,1,0.7175,150000,52498,40508
w,high_order,AGR_a,1,0.72,150000,51628,39929
w,high_order,AGR_a,1,0.7225,150000,50811,39383
w,high_order,AGR_a,1,0.725,150000,49994,38842
w,high_order,AGR_a,1,0.7275,150000,49200,38317
w,high_order,AGR_a,1,0.73,150000,48420,37785
w,high_order,AGR_a,1,0.7325,150000,47654,37248
w,high_order,AGR_a,1,0.735,150000,46819,36654
w,high_order,AGR_a,1,0.7375,150000,46042,36141
w,high_order,AGR_a,1,0.74,150000,45293,35618
w,high_order,AGR_a,1,0.7425,150000,44530,35088
w,high_order,AGR_a,1,0.745,150000,43729,34542
w,high_order,AGR_a,1,0.7475,150000,42937,34007
w,high_order,AGR_a,1,0.75,150000,42198,33504
w,high_order,AGR_a,1,0.7525,150000,41467,33004
w,high_order,AGR_a,1,0.755,150000,40693,32439
w,high_order,AGR_a,1,0.7575,150000,39910,31873
w,high_order,AGR_a,1,0.76,150000,39156,31350
w,high_order,AGR_a,1,0.7625,150000,38475,30883
w,high_order,AGR_a,1,0.765,150000,37779,30384
w,high_order,AGR_a,1,0.7675,150000,37093,29903
w,high_order,AGR_a,1,0.77,150000,36428,29430
w,high_order,AGR_a,1,0.7725,150000,35737,28949
w,high_order,AGR_a,1,0.775,150000,35033,28454
w,high_order,AGR_a,1,0.7775,150000,34326,27964
w,high_order,AGR_a,1,0.78,150000,33662,27477
w,high_order,AGR_a,1,0.7825,150000,33017,27022
w,high_order,AGR_a,1,0.785,150000,32366,26546
w,high_order,AGR_a,1,0.7875,150000,31695,26042
w,high_order,AGR_a,1,0.79,150000,31075,25584
w,high_order,AGR_a,1,0.7925,150000,30441,25109
w,high_order,AGR_a,1,0.795,150000,29862,24674
w,high_order,AGR_a,1,0.7975,150000,29240,24200
w,high_order,AGR_a,1,0.8,150000,28601,23741
w,high_order,AGR_a,1,0.8025,150000,28026,23299
w,high_order,AGR_a,1,0.805,150000,27427,22866
w,high_order,AGR_a,1,0.8075,150000,26853,22428
w,high_order,AGR_a,1,0.81,150000,26303,22028
w,high_order,AGR_a,1,0.8125,150000,25708,21602
w,high_order,AGR_a,1,0.815,150000,25177,21194
w,high_order,AGR_a,1,0.8175,150000,24616,20775
w,high_order,AGR_a,1,0.82,150000,24123,20399
w,high_order,AGR_a,1,0.8225,150000,23538,19947
w,high_order,AGR_a,1,0.825,150000,23028,19560
w,high_order,AGR_a,1,0.8275,150000,22546,19195
w,high_order,AGR_a,1,0.83,150000,22016,18794
w,high_order,AGR_a,1,0.8325,150000,21495,18393
w,high_order,AGR_a,1,0.835,150000,20989,17994
w,high_order,AGR_a,1,0.8375,150000,20475,17611
w,high_order,AGR_a,1,0.84,150000,19953,17191
w,high_order,AGR_a,1,0.8425,150000,19429,16773
w,high_order,AGR_a,1,0.845,150000,18966,16417
w,high_order,AGR_a,1,0.8475,150000,18504,16066
w,high_order,AGR_a,1,0.85,150000,18048,15709
w,high_order,AGR_a,1,0.8525,150000,17560,15324
w,high_order,AGR_a,1,0.855,150000,17149,15002
w,high_order,AGR_a,1,0.8575,150000,16715,14647
w,high_order,AGR_a,1,0.86,150000,16284,14314
w,high_order,AGR_a,1,0.8625,150000,15868,13971
w,high_order,AGR_a,1,0.865,150000,15454,13640
w,high_order,AGR_a,1,0.8675,150000,15056,13330
w,high_order,AGR_a,1,0.87,150000,14658,13013
w,high_order,AGR_a,1,0.8725,150000,14255,12683
w,high_order,AGR_a,1,0.875,150000,13849,12363
w,high_order,AGR_a,1,0.8775,150000,13460,12036
w,high_order,AGR_a,1,0.88,150000,13107,11747
w,high_order,AGR_a,1,0.8825,150000,12752,11453
w,high_order,AGR_a,1,0.885,150000,12369,11127
w,high_order,AGR_a,1,0.8875,150000,12022,10842
w,high_order,AGR_a,1,0.89,150000,11659,10541
w,high_order,AGR_a,1,0.8925,150000,11339,10262
w,high_order,AGR_a,1,0.895,150000,10985,9963
w,high_order,AGR_a,1,0.8975,150000,10644,9683
w,high_order,AGR_a,1,0.9,150000,10310,9403
w,high_order,AGR_a,1,0.9025,150000,9937,9095
w,high_order,AGR_a,1,0.905,150000,9616,8818
w,high_order,AGR_a,1,0.9075,150000,9281,8533
w,high_order,AGR_a,1,0.91,150000,8925,8222
w,high_order,AGR_a,1,0.9125,150000,8572,7907
w,high_order,AGR_a,1,0.915,150000,8228,7607
w,high_order,AGR_a,1,0.9175,150000,7900,7327
w,high_order,AGR_a,1,0.92,150000,7586,7059
w,high_order,AGR_a,1,0.9225,150000,7264,6772
w,high_order,AGR_a,1,0.925,150000,6950,6488
w,high_order,AGR_a,1,0.9275,150000,6637,6213
w,high_order,AGR_a,1,0.93,150000,6320,5932
w,high_order,AGR_a,1,0.9325,150000,5988,5647
w,high_order,AGR_a,1,0.935,150000,5715,5396
w,high_order,AGR_a,1,0.9375,150000,5465,5170
w,high_order,AGR_a,1,0.94,150000,5154,4882
w,high_order,AGR_a,1,0.9425,150000,4874,4626
w,high_order,AGR_a,1,0.945,150000,4603,4369
w,high_order,AGR_a,1,0.9475,150000,4326,4112
w,high_order,AGR_a,1,0.95,150000,4000,3806
w,high_order,AGR_a,1,0.9525,150000,3688,3507
w,high_order,AGR_a,1,0.955,150000,3382,3219
w,high_order,AGR_a,1,0.9575,150000,3147,3000
w,high_order,AGR_a,1,0.96,150000,2970,2843
w,high_order,AGR_a,1,0.9625,150000,2782,2676
w,high_order,AGR_a,1,0.965,150000,2597,2508
w,high_order,AGR_a,1,0.9675,150000,2383,2308
w,high_order,AGR_a,1,0.97,150000,2127,2064
w,high_order,AGR_a,1,0.9725,150000,1832,1782
w,high_order,AGR_a,1,0.975,150000,1548,1507
w,high_order,AGR_a,1,0.9775,150000,1293,1257
w,high_order,AGR_a,1,0.98,150000,1153,1121
w,high_order,AGR_a,1,0.9825,150000,1052,1024
w,high_order,AGR_a,1,0.985,150000,956,928
w,high_order,AGR_a,1,0.9875,150000,843,825
w,high_order,AGR_a,1,0.99,150000,733,720
w,high_order,AGR_a,1,0.9925,150000,602,593
w,high_order,AGR_a,1,0.995,150000,408,403
w,high_order,AGR_a,1,0.9975,150000,176,174
w,high_order,AGR_a,1,1.0,150000,0,0
A_hat,binary_relevance_probe,AGR_a,1,0.7,600000,353474,213843
A_hat,binary_relevance_probe,AGR_a,1,0.7025,600000,352461,213295
A_hat,binary_relevance_probe,AGR_a,1,0.705,600000,351485,212772
A_hat,binary_relevance_probe,AGR_a,1,0.7075,600000,350463,212200
A_hat,binary_relevance_probe,AGR_a,1,0.71,600000,349497,211702
A_hat,binary_relevance_probe,AGR_a,1,0.7125,600000,348520,211147
A_hat,binary_relevance_probe,AGR_a,1,0.715,600000,347531,210581
A_hat,binary_relevance_probe,AGR_a,1,0.7175,600000,346340,209940
A_hat,binary_relevance_probe,AGR_a,1,0.72,600000,344528,208980
A_hat,binary_relevance_probe,AGR_a,1,0.7225,600000,341886,207595
A_hat,binary_relevance_probe,AGR_a,1,0.725,600000,339981,206604
A_hat,binary_relevance_probe,AGR_a,1,0.7275,600000,337088,205132
A_hat,binary_relevance_probe,AGR_a,1,0.73,600000,335198,204151
A_hat,binary_relevance_probe,AGR_a,1,0.7325,600000,333555,203311
A_hat,binary_relevance_probe,AGR_a,1,0.735,600000,332305,202654
A_hat,binary_relevance_probe,AGR_a,1,0.7375,600000,330600,201752
A_hat,binary_relevance_probe,AGR_a,1,0.74,600000,329436,201128
A_hat,binary_relevance_probe,AGR_a,1,0.7425,600000,326855,199775
A_hat,binary_relevance_probe,AGR_a,1,0.745,600000,324809,198672
A_hat,binary_relevance_probe,AGR_a,1,0.7475,600000,323078,197774
A_hat,binary_relevance_probe,AGR_a,1,0.75,600000,320580,196417
A_hat,binary_relevance_probe,AGR_a,1,0.7525,600000,318125,195097
A_hat,binary_relevance_probe,AGR_a,1,0.755,600000,316045,193985
A_hat,binary_relevance_probe,AGR_a,1,0.7575,600000,313986,192873
A_hat,binary_relevance_probe,AGR_a,1,0.76,600000,310485,190982
A_hat,binary_relevance_probe,AGR_a,1,0.7625,600000,305730,188462
A_hat,binary_relevance_probe,AGR_a,1,0.765,600000,300671,185728
A_hat,binary_relevance_probe,AGR_a,1,0.7675,600000,295345,182989
A_hat,binary_relevance_probe,AGR_a,1,0.77,600000,290405,180312
A_hat,binary_relevance_probe,AGR_a,1,0.7725,600000,286178,178133
A_hat,binary_relevance_probe,AGR_a,1,0.775,600000,281295,175517
A_hat,binary_relevance_probe,AGR_a,1,0.7775,600000,275622,172532
A_hat,binary_relevance_probe,AGR_a,1,0.78,600000,269828,169505
A_hat,binary_relevance_probe,AGR_a,1,0.7825,600000,263234,166008
A_hat,binary_relevance_probe,AGR_a,1,0.785,600000,258045,163311
A_hat,binary_relevance_probe,AGR_a,1,0.7875,600000,253380,160893
A_hat,binary_relevance_probe,AGR_a,1,0.79,600000,247629,157834
A_hat,binary_relevance_probe,AGR_a,1,0.7925,600000,240895,154099
A_hat,binary_relevance_probe,AGR_a,1,0.795,600000,236272,151677
A_hat,binary_relevance_probe,AGR_a,1,0.7975,600000,231322,149011
A_hat,binary_relevance_probe,AGR_a,1,0.8,600000,226420,146410
A_hat,binary_relevance_probe,AGR_a,1,0.8025,600000,220532,143221
A_hat,binary_relevance_probe,AGR_a,1,0.805,600000,215200,140333
A_hat,binary_relevance_probe,AGR_a,1,0.8075,600000,210355,137736
A_hat,binary_relevance_probe,AGR_a,1,0.81,600000,205172,134933
A_hat,binary_relevance_probe,AGR_a,1,0.8125,600000,200715,132567
A_hat,binary_relevance_probe,AGR_a,1,0.815,600000,196167,130159
A_hat,binary_relevance_probe,AGR_a,1,0.8175,600000,191326,127512
A_hat,binary_relevance_probe,AGR_a,1,0.82,600000,187234,125245
A_hat,binary_relevance_probe,AGR_a,1,0.8225,600000,182170,122410
A_hat,binary_relevance_probe,AGR_a,1,0.825,600000,177188,119614
A_hat,binary_relevance_probe,AGR_a,1,0.8275,600000,172905,117193
A_hat,binary_relevance_probe,AGR_a,1,0.83,600000,167784,114255
A_hat,binary_relevance_probe,AGR_a,1,0.8325,600000,163686,111811
A_hat,binary_relevance_probe,AGR_a,1,0.835,600000,159291,109210
A_hat,binary_relevance_probe,AGR_a,1,0.8375,600000,154222,106260
A_hat,binary_relevance_probe,AGR_a,1,0.84,600000,149807,103700
A_hat,binary_relevance_probe,AGR_a,1,0.8425,600000,146290,101669
A_hat,binary_relevance_probe,AGR_a,1,0.845,600000,140993,97989
A_hat,binary_relevance_probe,AGR_a,1,0.8475,600000,137399,95772
A_hat,binary_relevance_probe,AGR_a,1,0.85,600000,132410,92729
A_hat,binary_relevance_probe,AGR_a,1,0.8525,600000,128708,90604
A_hat,binary_relevance_probe,AGR_a,1,0.855,600000,123961,87750
A_hat,binary_relevance_probe,AGR_a,1,0.8575,600000,119119,84681
A_hat,binary_relevance_probe,AGR_a,1,0.86,600000,115584,82549
A_hat,binary_relevance_probe,AGR_a,1,0.8625,600000,111547,80029
A_hat,binary_relevance_probe,AGR_a,1,0.865,600000,108313,78104
A_hat,binary_relevance_probe,AGR_a,1,0.8675,600000,103437,74922
A_hat,binary_relevance_probe,AGR_a,1,0.87,600000,99203,72053
A_hat,binary_relevance_probe,AGR_a,1,0.8725,600000,95444,69647
A_hat,binary_relevance_probe,AGR_a,1,0.875,600000,92629,67967
A_hat,binary_relevance_probe,AGR_a,1,0.8775,600000,89648,66236
A_hat,binary_relevance_probe,AGR_a,1,0.88,600000,86653,64536
A_hat,binary_relevance_probe,AGR_a,1,0.8825,600000,82948,62111
A_hat,binary_relevance_probe,AGR_a,1,0.885,600000,78023,58638
A_hat,binary_relevance_probe,AGR_a,1,0.8875,600000,74313,56123
A_hat,binary_relevance_probe,AGR_a,1,0.89,600000,72394,54932
A_hat,binary_relevance_probe,AGR_a,1,0.8925,600000,69984,53564
A_hat,binary_relevance_probe,AGR_a,1,0.895,600000,67331,51992
A_hat,binary_relevance_probe,AGR_a,1,0.8975,600000,62866,49000
A_hat,binary_relevance_probe,AGR_a,1,0.9,600000,59331,46512
A_hat,binary_relevance_probe,AGR_a,1,0.9025,600000,57224,45370
A_hat,binary_relevance_probe,AGR_a,1,0.905,600000,55328,44381
A_hat,binary_relevance_probe,AGR_a,1,0.9075,600000,53455,43429
A_hat,binary_relevance_probe,AGR_a,1,0.91,600000,48282,39348
A_hat,binary_relevance_probe,AGR_a,1,0.9125,600000,40729,33121
A_hat,binary_relevance_probe,AGR_a,1,0.915,600000,35811,29237
A_hat,binary_relevance_probe,AGR_a,1,0.9175,600000,25613,20567
A_hat,binary_relevance_probe,AGR_a,1,0.92,600000,17311,13292
A_hat,binary_relevance_probe,AGR_a,1,0.9225,600000,7641,4492
A_hat,binary_relevance_probe,AGR_a,1,0.925,600000,6341,3325
A_hat,binary_relevance_probe,AGR_a,1,0.9275,600000,6172,3228
A_hat,binary_relevance_probe,AGR_a,1,0.93,600000,5985,3118
A_hat,binary_relevance_probe,AGR_a,1,0.9325,600000,5835,3029
A_hat,binary_relevance_probe,AGR_a,1,0.935,600000,5685,2946
A_hat,binary_relevance_probe,AGR_a,1,0.9375,600000,5515,2847
A_hat,binary_relevance_probe,AGR_a,1,0.94,600000,5343,2729
A_hat,binary_relevance_probe,AGR_a,1,0.9425,600000,5186,2639
A_hat,binary_relevance_probe,AGR_a,1,0.945,600000,5035,2550
A_hat,binary_relevance_probe,AGR_a,1,0.9475,600000,4867,2457
A_hat,binary_relevance_probe,AGR_a,1,0.95,600000,4726,2372
A_hat,binary_relevance_probe,AGR_a,1,0.9525,600000,4574,2277
A_hat,binary_relevance_probe,AGR_a,1,0.955,600000,4420,2179
A_hat,binary_relevance_probe,AGR_a,1,0.9575,600000,4247,2077
A_hat,binary_relevance_probe,AGR_a,1,0.96,600000,4097,1994
A_hat,binary_relevance_probe,AGR_a,1,0.9625,600000,3946,1919
A_hat,binary_relevance_probe,AGR_a,1,0.965,600000,3780,1840
A_hat,binary_relevance_probe,AGR_a,1,0.9675,600000,3620,1766
A_hat,binary_relevance_probe,AGR_a,1,0.97,600000,3490,1698
A_hat,binary_relevance_probe,AGR_a,1,0.9725,600000,3317,1614
A_hat,binary_relevance_probe,AGR_a,1,0.975,600000,3152,1535
A_hat,binary_relevance_probe,AGR_a,1,0.9775,600000,2981,1439
A_hat,binary_relevance_probe,AGR_a,1,0.98,600000,2817,1368
A_hat,binary_relevance_probe,AGR_a,1,0.9825,600000,2640,1280
A_hat,binary_relevance_probe,AGR_a,1,0.985,600000,2419,1169
A_hat,binary_relevance_probe,AGR_a,1,0.9875,600000,2183,1050
A_hat,binary_relevance_probe,AGR_a,1,0.99,600000,1938,924
A_hat,binary_relevance_probe,AGR_a,1,0.9925,600000,1644,784
A_hat,binary_relevance_probe,AGR_a,1,0.995,600000,1305,629
A_hat,binary_relevance_probe,AGR_a,1,0.9975,600000,881,429
A_hat,binary_relevance_probe,AGR_a,1,1.0,600000,0,0
M,high_order,AGR_g,1,0.7,150000,75871,52734
M,high_order,AGR_g,1,0.7025,150000,75713,52634
M,high_order,AGR_g,1,0.705,150000,75576,52561
M,high_order,AGR_g,1,0.7075,150000,75458,52485
M,high_order,AGR_g,1,0.71,150000,75311,52393
M,high_order,AGR_g,1,0.7125,150000,75193,52320
M,high_order,AGR_g,1,0.715,150000,75081,52255
M,high_order,AGR_g,1,0.7175,150000,74931,52173
M,high_order,AGR_g,1,0.72,150000,74820,52096
M,high_order,AGR_g,1,0.7225,150000,74699,52031
M,high_order,AGR_g,1,0.725,150000,74573,51946
M,high_order,AGR_g,1,0.7275,150000,74450,51873
M,high_order,AGR_g,1,0.73,150000,74326,51809
M,high_order,AGR_g,1,0.7325,150000,74194,51728
M,high_order,AGR_g,1,0.735,150000,73989,51592
M,high_order,AGR_g,1,0.7375,150000,73805,51490
M,high_order,AGR_g,1,0.74,150000,73665,51400
M,high_order,AGR_g,1,0.7425,150000,73520,51309
M,high_order,AGR_g,1,0.745,150000,73399,51239
M,high_order,AGR_g,1,0.7475,150000,73281,51163
M,high_order,AGR_g,1,0.75,150000,73152,51087
M,high_order,AGR_g,1,0.7525,150000,73009,51012
M,high_order,AGR_g,1,0.755,150000,72880,50929
M,high_order,AGR_g,1,0.7575,150000,72725,50823
M,high_order,AGR_g,1,0.76,150000,72592,50743
M,high_order,AGR_g,1,0.7625,150000,72437,50655
M,high_order,AGR_g,1,0.765,150000,72276,50568
M,high_order,AGR_g,1,0.7675,150000,72123,50483
M,high_order,AGR_g,1,0.77,150000,71963,50392
M,high_order,AGR_g,1,0.7725,150000,71853,50326
M,high_order,AGR_g,1,0.775,150000,71744,50270
M,high_order,AGR_g,1,0.7775,150000,71614,50200
M,high_order,AGR_g,1,0.78,150000,71479,50137
M,high_order,AGR_g,1,0.7825,150000,71340,50055
M,high_order,AGR_g,1,0.785,150000,71206,49983
M,high_order,AGR_g,1,0.7875,150000,71032,49885
M,high_order,AGR_g,1,0.79,150000,70881,49795
M,high_order,AGR_g,1,0.7925,150000,70772,49724
M,high_order,AGR_g,1,0.795,150000,70617,49632
M,high_order,AGR_g,1,0.7975,150000,70483,49558
M,high_order,AGR_g,1,0.8,150000,70328,49476
M,high_order,AGR_g,1,0.8025,150000,70136,49378
M,high_order,AGR_g,1,0.805,150000,70025,49307
M,high_order,AGR_g,1,0.8075,150000,69896,49230
M,high_order,AGR_g,1,0.81,150000,69775,49166
M,high_order,AGR_g,1,0.8125,150000,69652,49097
M,high_order,AGR_g,1,0.815,150000,69544,49033
M,high_order,AGR_g,1,0.8175,150000,69413,48961
M,high_order,AGR_g,1,0.82,150000,69288,48882
M,high_order,AGR_g,1,0.8225,150000,69194,48827
M,high_order,AGR_g,1,0.825,150000,69052,48743
M,high_order,AGR_g,1,0.8275,150000,68907,48658
M,high_order,AGR_g,1,0.83,150000,68743,48551
M,high_order,AGR_g,1,0.8325,150000,68647,48494
M,high_order,AGR_g,1,0.835,150000,68526,48427
M,high_order,AGR_g,1,0.8375,150000,68401,48348
M,high_order,AGR_g,1,0.84,150000,68256,48269
M,high_order,AGR_g,1,0.8425,150000,68120,48191
M,high_order,AGR_g,1,0.845,150000,67990,48114
M,high_order,AGR_g,1,0.8475,150000,67902,48061
M,high_order,AGR_g,1,0.85,150000,67737,47957
M,high_order,AGR_g,1,0.8525,150000,67619,47884
M,high_order,AGR_g,1,0.855,150000,67469,47775
M,high_order,AGR_g,1,0.8575,150000,67311,47679
M,high_order,AGR_g,1,0.86,150000,67191,47591
M,high_order,AGR_g,1,0.8625,150000,67053,47510
M,high_order,AGR_g,1,0.865,150000,66927,47428
M,high_order,AGR_g,1,0.8675,150000,66771,47335
M,high_order,AGR_g,1,0.87,150000,66634,47241
M,high_order,AGR_g,1,0.8725,150000,66495,47153
M,high_order,AGR_g,1,0.875,150000,66377,47072
M,high_order,AGR_g,1,0.8775,150000,66263,47000
M,high_order,AGR_g,1,0.88,150000,66112,46911
M,high_order,AGR_g,1,0.8825,150000,65972,46820
M,high_order,AGR_g,1,0.885,150000,65825,46730
M,high_order,AGR_g,1,0.8875,150000,65708,46661
M,high_order,AGR_g,1,0.89,150000,65582,46599
M,high_order,AGR_g,1,0.8925,150000,65430,46523
M,high_order,AGR_g,1,0.895,150000,65269,46429
M,high_order,AGR_g,1,0.8975,150000,65101,46324
M,high_order,AGR_g,1,0.9,150000,64968,46238
M,high_order,AGR_g,1,0.9025,150000,64814,46138
M,high_order,AGR_g,1,0.905,150000,64683,46066
M,high_order,AGR_g,1,0.9075,150000,64536,45966
M,high_order,AGR_g,1,0.91,150000,64333,45847
M,high_order,AGR_g,1,0.9125,150000,64185,45751
M,high_order,AGR_g,1,0.915,150000,64054,45668
M,high_order,AGR_g,1,0.9175,150000,63914,45575
M,high_order,AGR_g,1,0.92,150000,63754,45466
M,high_order,AGR_g,1,0.9225,150000,63583,45368
M,high_order,AGR_g,1,0.925,150000,63407,45274
M,high_order,AGR_g,1,0.9275,150000,63213,45158
M,high_order,AGR_g,1,0.93,150000,63020,45038
M,high_order,AGR_g,1,0.9325,150000,62867,44957
M,high_order,AGR_g,1,0.935,150000,62677,44845
M,high_order,AGR_g,1,0.9375,150000,62515,44755
M,high_order,AGR_g,1,0.94,150000,62388,44687
M,high_order,AGR_g,1,0.9425,150000,62199,44579
M,high_order,AGR_g,1,0.945,150000,62041,44494
M,high_order,AGR_g,1,0.9475,150000,61880,44406
M,high_order,AGR_g,1,0.95,150000,61667,44291
M,high_order,AGR_g,1,0.9525,150000,61469,44174
M,high_order,AGR_g,1,0.955,150000,61244,44059
M,high_order,AGR_g,1,0.9575,150000,61055,43975
M,high_order,AGR_g,1,0.96,150000,60918,43896
M,high_order,AGR_g,1,0.9625,150000,60780,43829
M,high_order,AGR_g,1,0.965,150000,60634,43746
M,high_order,AGR_g,1,0.9675,150000,60459,43654
M,high_order,AGR_g,1,0.97,150000,60249,43527
M,high_order,AGR_g,1,0.9725,150000,60021,43406
M,high_order,AGR_g,1,0.975,150000,59848,43310
M,high_order,AGR_g,1,0.9775,150000,59641,43195
M,high_order,AGR_g,1,0.98,150000,59411,43063
M,high_order,AGR_g,1,0.9825,150000,59134,42893
M,high_order,AGR_g,1,0.985,150000,58848,42722
M,high_order,AGR_g,1,0.9875,150000,58504,42520
M,high_order,AGR_g,1,0.99,150000,58092,42282
M,high_order,AGR_g,1,0.9925,150000,57703,42071
M,high_order,AGR_g,1,0.995,150000,57097,41726
M,high_order,AGR_g,1,0.9975,150000,56295,41328
M,high_order,AGR_g,1,1.0,150000,51353,38522
c,high_order,AGR_g,1,0.7,150000,62591,53563
c,high_order,AGR_g,1,0.7025,150000,62591,53563
c,high_order,AGR_g,1,0.705,150000,62591,53563
c,high_order,AGR_g,1,0.7075,150000,62591,53563
c,high_order,AGR_g,1,0.71,150000,62591,53563
c,high_order,AGR_g,1,0.7125,150000,62591,53563
c,high_order,AGR_g,1,0.715,150000,62591,53563
c,high_order,AGR_g,1,0.7175,150000,62591,53563
c,high_order,AGR_g,1,0.72,150000,62591,53563
c,high_order,AGR_g,1,0.7225,150000,62591,53563
c,high_order,AGR_g,1,0.725,150000,53332,46876
c,high_order,AGR_g,1,0.7275,150000,53332,46876
c,high_order,AGR_g,1,0.73,150000,53332,46876
c,high_order,AGR_g,1,0.7325,150000,53332,46876
c,high_order,AGR_g,1,0.735,150000,53332,46876
c,high_order,AGR_g,1,0.7375,150000,53332,46876
c,high_order,AGR_g,1,0.74,150000,53332,46876
c,high_order,AGR_g,1,0.7425,150000,53332,46876
c,high_order,AGR_g,1,0.745,150000,53332,46876
c,high_order,AGR_g,1,0.7475,150000,53332,46876
c,high_order,AGR_g,1,0.75,150000,53332,46876
c,high_order,AGR_g,1,0.7525,150000,53332,46876
c,high_order,AGR_g,1,0.755,150000,53332,46876
c,high_order,AGR_g,1,0.7575,150000,53332,46876
c,high_order,AGR_g,1,0.76,150000,45542,41076
c,high_order,AGR_g,1,0.7625,150000,45542,41076
c,high_order,AGR_g,1,0.765,150000,45542,41076
c,high_order,AGR_g,1,0.7675,150000,45542,41076
c,high_order,AGR_g,1,0.77,150000,45542,41076
c,high_order,AGR_g,1,0.7725,150000,45542,41076
c,high_order,AGR_g,1,0.775,150000,45542,41076
c,high_order,AGR_g,1,0.7775,150000,45542,41076
c,high_order,AGR_g,1,0.78,150000,45542,41076
c,high_order,AGR_g,1,0.7825,150000,45542,41076
c,high_order,AGR_g,1,0.785,150000,45542,41076
c,high_order,AGR_g,1,0.7875,150000,45542,41076
c,high_order,AGR_g,1,0.79,150000,45542,41076
c,high_order,AGR_g,1,0.7925,150000,45542,41076
c,high_order,AGR_g,1,0.795,150000,38926,35837
c,high_order,AGR_g,1,0.7975,150000,38926,35837
c,high_order,AGR_g,1,0.8,150000,38926,35837
c,high_order,AGR_g,1,0.8025,150000,38926,35837
c,high_order,AGR_g,1,0.805,150000,38926,35837
c,high_order,AGR_g,1,0.8075,150000,38926,35837
c,high_order,AGR_g,1,0.81,150000,38926,35837
c,high_order,AGR_g,1,0.8125,150000,38926,35837
c,high_order,AGR_g,1,0.815,150000,38926,35837
c,high_order,AGR_g,1,0.8175,150000,38926,35837
c,high_order,AGR_g,1,0.82,150000,38926,35837
c,high_order,AGR_g,1,0.8225,150000,38926,35837
c,high_order,AGR_g,1,0.825,150000,38926,35837
c,high_order,AGR_g,1,0.8275,150000,38926,35837
c,high_order,AGR_g,1,0.83,150000,33111,30957
c,high_order,AGR_g,1,0.8325,150000,33111,30957
c,high_order,AGR_g,1,0.835,150000,33111,30957
c,high_order,AGR_g,1,0.8375,150000,33111,30957
c,high_order,AGR_g,1,0.84,150000,33111,30957
c,high_order,AGR_g,1,0.8425,150000,33111,30957
c,high_order,AGR_g,1,0.845,150000,33111,30957
c,high_order,AGR_g,1,0.8475,150000,33111,30957
c,high_order,AGR_g,1,0.85,150000,33111,30957
c,high_order,AGR_g,1,0.8525,150000,33111,30957
c,high_order,AGR_g,1,0.855,150000,33111,30957
c,high_order,AGR_g,1,0.8575,150000,33111,30957
c,high_order,AGR_g,1,0.86,150000,33111,30957
c,high_order,AGR_g,1,0.8625,150000,27471,25986
c,high_order,AGR_g,1,0.865,150000,27471,25986
c,high_order,AGR_g,1,0.8675,150000,27471,25986
c,high_order,AGR_g,1,0.87,150000,27471,25986
c,high_order,AGR_g,1,0.8725,150000,27471,25986
c,high_order,AGR_g,1,0.875,150000,27471,25986
c,high_order,AGR_g,1,0.8775,150000,27471,25986
c,high_order,AGR_g,1,0.88,150000,27471,25986
c,high_order,AGR_g,1,0.8825,150000,27471,25986
c,high_order,AGR_g,1,0.885,150000,27471,25986
c,high_order,AGR_g,1,0.8875,150000,27471,25986
c,high_order,AGR_g,1,0.89,150000,27471,25986
c,high_order,AGR_g,1,0.8925,150000,27471,25986
c,high_order,AGR_g,1,0.895,150000,27471,25986
c,high_order,AGR_g,1,0.8975,150000,21826,20918
c,high_order,AGR_g,1,0.9,150000,21826,20918
c,high_order,AGR_g,1,0.9025,150000,21826,20918
c,high_order,AGR_g,1,0.905,150000,21826,20918
c,high_order,AGR_g,1,0.9075,150000,21826,20918
c,high_order,AGR_g,1,0.91,150000,21826,20918
c,high_order,AGR_g,1,0.9125,150000,21826,20918
c,high_order,AGR_g,1,0.915,150000,21826,20918
c,high_order,AGR_g,1,0.9175,150000,21826,20918
c,high_order,AGR_g,1,0.92,150000,21826,20918
c,high_order,AGR_g,1,0.9225,150000,21826,20918
c,high_order,AGR_g,1,0.925,150000,21826,20918
c,high_order,AGR_g,1,0.9275,150000,21826,20918
c,high_order,AGR_g,1,0.93,150000,21826,20918
c,high_order,AGR_g,1,0.9325,150000,15607,15088
c,high_order,AGR_g,1,0.935,150000,15607,15088
c,high_order,AGR_g,1,0.9375,150000,15607,15088
c,high_order,AGR_g,1,0.94,150000,15607,15088
c,high_order,AGR_g,1,0.9425,150000,15607,15088
c,high_order,AGR_g,1,0.945,150000,15607,15088
c,high_order,AGR_g,1,0.9475,150000,15607,15088
c,high_order,AGR_g,1,0.95,150000,15607,15088
c,high_order,AGR_g,1,0.9525,150000,15607,15088
c,high_order,AGR_g,1,0.955,150000,15607,15088
c,high_order,AGR_g,1,0.9575,150000,15607,15088
c,high_order,AGR_g,1,0.96,150000,15607,15088
c,high_order,AGR_g,1,0.9625,150000,15607,15088
c,high_order,AGR_g,1,0.965,150000,15607,15088
c,high_order,AGR_g,1,0.9675,150000,8236,8091
c,high_order,AGR_g,1,0.97,150000,8236,8091
c,high_order,AGR_g,1,0.9725,150000,8236,8091
c,high_order,AGR_g,1,0.975,150000,8236,8091
c,high_order,AGR_g,1,0.9775,150000,8236,8091
c,high_order,AGR_g,1,0.98,150000,8236,8091
c,high_order,AGR_g,1,0.9825,150000,8236,8091
c,high_order,AGR_g,1,0.985,150000,8236,8091
c,high_order,AGR_g,1,0.9875,150000,8236,8091
c,high_order,AGR_g,1,0.99,150000,8236,8091
c,high_order,AGR_g,1,0.9925,150000,8236,8091
c,high_order,AGR_g,1,0.995,150000,8236,8091
c,high_order,AGR_g,1,0.9975,150000,8236,8091
c,high_order,AGR_g,1,1.0,150000,8236,8091
A_hat,high_order,AGR_g,1,0.7,150000,62552,44584
A_hat,high_order,AGR_g,1,0.7025,150000,61387,43902
A_hat,high_order,AGR_g,1,0.705,150000,61082,43715
A_hat,high_order,AGR_g,1,0.7075,150000,60773,43521
A_hat,high_order,AGR_g,1,0.71,150000,60448,43313
A_hat,high_order,AGR_g,1,0.7125,150000,60151,43126
A_hat,high_order,AGR_g,1,0.715,150000,59851,42925
A_hat,high_order,AGR_g,1,0.7175,150000,59540,42736
A_hat,high_order,AGR_g,1,0.72,150000,59251,42553
A_hat,high_order,AGR_g,1,0.7225,150000,58941,42350
A_hat,high_order,AGR_g,1,0.725,150000,58622,42148
A_hat,high_order,AGR_g,1,0.7275,150000,58245,41927
A_hat,high_order,AGR_g,1,0.73,150000,57893,41705
A_hat,high_order,AGR_g,1,0.7325,150000,57491,41452
A_hat,high_order,AGR_g,1,0.735,150000,57170,41254
A_hat,high_order,AGR_g,1,0.7375,150000,56836,41052
A_hat,high_order,AGR_g,1,0.74,150000,56549,40856
A_hat,high_order,AGR_g,1,0.7425,150000,56208,40644
A_hat,high_order,AGR_g,1,0.745,150000,55846,40412
A_hat,high_order,AGR_g,1,0.7475,150000,55388,40118
A_hat,high_order,AGR_g,1,0.75,150000,53853,39186
A_hat,high_order,AGR_g,1,0.7525,150000,52125,38156
A_hat,high_order,AGR_g,1,0.755,150000,51792,37949
A_hat,high_order,AGR_g,1,0.7575,150000,51507,37759
A_hat,high_order,AGR_g,1,0.76,150000,51205,37571
A_hat,high_order,AGR_g,1,0.7625,150000,50930,37397
A_hat,high_order,AGR_g,1,0.765,150000,50664,37212
A_hat,high_order,AGR_g,1,0.7675,150000,50413,37052
A_hat,high_order,AGR_g,1,0.77,150000,50148,36870
A_hat,high_order,AGR_g,1,0.7725,150000,49848,36668
A_hat,high_order,AGR_g,1,0.775,150000,49605,36500
A_hat,high_order,AGR_g,1,0.7775,150000,49332,36318
A_hat,high_order,AGR_g,1,0.78,150000,49052,36132
A_hat,high_order,AGR_g,1,0.7825,150000,48749,35936
A_hat,high_order,AGR_g,1,0.785,150000,48493,35771
A_hat,high_order,AGR_g,1,0.7875,150000,48212,35579
A_hat,high_order,AGR_g,1,0.79,150000,47887,35370
A_hat,high_order,AGR_g,1,0.7925,150000,47602,35180
A_hat,high_order,AGR_g,1,0.795,150000,47274,34972
A_hat,high_order,AGR_g,1,0.7975,150000,46959,34764
A_hat,high_order,AGR_g,1,0.8,150000,45806,34026
A_hat,high_order,AGR_g,1,0.8025,150000,42961,32385
A_hat,high_order,AGR_g,1,0.805,150000,42610,32137
A_hat,high_order,AGR_g,1,0.8075,150000,42291,31911
A_hat,high_order,AGR_g,1,0.81,150000,41826,31601
A_hat,high_order,AGR_g,1,0.8125,150000,41381,31288
A_hat,high_order,AGR_g,1,0.815,150000,41036,31042
A_hat,high_order,AGR_g,1,0.8175,150000,40694,30801
A_hat,high_order,AGR_g,1,0.82,150000,40387,30587
A_hat,high_order,AGR_g,1,0.8225,150000,40109,30399
A_hat,high_order,AGR_g,1,0.825,150000,39855,30229
A_hat,high_order,AGR_g,1,0.8275,150000,39586,30055
A_hat,high_order,AGR_g,1,0.83,150000,39320,29875
A_hat,high_order,AGR_g,1,0.8325,150000,39053,29687
A_hat,high_order,AGR_g,1,0.835,150000,38796,29527
A_hat,high_order,AGR_g,1,0.8375,150000,38534,29352
A_hat,high_order,AGR_g,1,0.84,150000,38278,29171
A_hat,high_order,AGR_g,1,0.8425,150000,38031,29002
A_hat,high_order,AGR_g,1,0.845,150000,37786,28821
A_hat,high_order,AGR_g,1,0.8475,150000,37529,28648
A_hat,high_order,AGR_g,1,0.85,150000,36046,27712
A_hat,high_order,AGR_g,1,0.8525,150000,34128,26494
A_hat,high_order,AGR_g,1,0.855,150000,33892,26337
A_hat,high_order,AGR_g,1,0.8575,150000,33648,26175
A_hat,high_order,AGR_g,1,0.86,150000,33391,26006
A_hat,high_order,AGR_g,1,0.8625,150000,33123,25819
A_hat,high_order,AGR_g,1,0.865,150000,32823,25611
A_hat,high_order,AGR_g,1,0.8675,150000,32483,25375
A_hat,high_order,AGR_g,1,0.87,150000,32216,25189
A_hat,high_order,AGR_g,1,0.8725,150000,31851,24967
A_hat,high_order,AGR_g,1,0.875,150000,31372,24638
A_hat,high_order,AGR_g,1,0.8775,150000,31046,24387
A_hat,high_order,AGR_g,1,0.88,150000,30806,24204
A_hat,high_order,AGR_g,1,0.8825,150000,30632,24073
A_hat,high_order,AGR_g,1,0.885,150000,30432,23929
A_hat,high_order,AGR_g,1,0.8875,150000,30222,23778
A_hat,high_order,AGR_g,1,0.89,150000,29998,23613
A_hat,high_order,AGR_g,1,0.8925,150000,29786,23449
A_hat,high_order,AGR_g,1,0.895,150000,29595,23303
A_hat,high_order,AGR_g,1,0.8975,150000,29396,23148
A_hat,high_order,AGR_g,1,0.9,150000,26363,21159
A_hat,high_order,AGR_g,1,0.9025,150000,24977,20215
A_hat,high_order,AGR_g,1,0.905,150000,24773,20061
A_hat,high_order,AGR_g,1,0.9075,150000,24528,19865
A_hat,high_order,AGR_g,1,0.91,150000,24301,19677
A_hat,high_order,AGR_g,1,0.9125,150000,24045,19470
A_hat,high_order,AGR_g,1,0.915,150000,23779,19255
A_hat,high_order,AGR_g,1,0.9175,150000,23539,19059
A_hat,high_order,AGR_g,1,0.92,150000,23300,18875
A_hat,high_order,AGR_g,1,0.9225,150000,23050,18682
A_hat,high_order,AGR_g,1,0.925,150000,22795,18484
A_hat,high_order,AGR_g,1,0.9275,150000,22575,18316
A_hat,high_order,AGR_g,1,0.93,150000,22372,18159
A_hat,high_order,AGR_g,1,0.9325,150000,22107,17983
A_hat,high_order,AGR_g,1,0.935,150000,21712,17726
A_hat,high_order,AGR_g,1,0.9375,150000,21004,17225
A_hat,high_order,AGR_g,1,0.94,150000,20523,16814
A_hat,high_order,AGR_g,1,0.9425,150000,20401,16721
A_hat,high_order,AGR_g,1,0.945,150000,20273,16620
A_hat,high_order,AGR_g,1,0.9475,150000,20140,16527
A_hat,high_order,AGR_g,1,0.95,150000,18234,15122
A_hat,high_order,AGR_g,1,0.9525,150000,15945,13478
A_hat,high_order,AGR_g,1,0.955,150000,15868,13411
A_hat,high_order,AGR_g,1,0.9575,150000,15801,13364
A_hat,high_order,AGR_g,1,0.96,150000,15733,13320
A_hat,high_order,AGR_g,1,0.9625,150000,15672,13274
A_hat,high_order,AGR_g,1,0.965,150000,15624,13239
A_hat,high_order,AGR_g,1,0.9675,150000,15589,13211
A_hat,high_order,AGR_g,1,0.97,150000,15553,13187
A_hat,high_order,AGR_g,1,0.9725,150000,15523,13164
A_hat,high_order,AGR_g,1,0.975,150000,15506,13153
A_hat,high_order,AGR_g,1,0.9775,150000,15492,13142
A_hat,high_order,AGR_g,1,0.98,150000,15478,13132
A_hat,high_order,AGR_g,1,0.9825,150000,15467,13126
A_hat,high_order,AGR_g,1,0.985,150000,15458,13119
A_hat,high_order,AGR_g,1,0.9875,150000,15453,13114
A_hat,high_order,AGR_g,1,0.99,150000,15450,13112
A_hat,high_order,AGR_g,1,0.9925,150000,15448,13111
A_hat,high_order,AGR_g,1,0.995,150000,15447,13111
A_hat,high_order,AGR_g,1,0.9975,150000,15443,13108
A_hat,high_order,AGR_g,1,1.0,150000,15443,13108
C,high_order,AGR_g,1,0.7,150000,54797,41398
C,high_order,AGR_g,1,0.7025,150000,54531,41228
C,high_order,AGR_g,1,0.705,150000,54212,41051
C,high_order,AGR_g,1,0.7075,150000,53089,40368
C,high_order,AGR_g,1,0.71,150000,52528,40013
C,high_order,AGR_g,1,0.7125,150000,52296,39873
C,high_order,AGR_g,1,0.715,150000,52053,39723
C,high_order,AGR_g,1,0.7175,150000,51814,39575
C,high_order,AGR_g,1,0.72,150000,51570,39416
C,high_order,AGR_g,1,0.7225,150000,51358,39281
C,high_order,AGR_g,1,0.725,150000,51111,39134
C,high_order,AGR_g,1,0.7275,150000,50872,38988
C,high_order,AGR_g,1,0.73,150000,50592,38810
C,high_order,AGR_g,1,0.7325,150000,50352,38667
C,high_order,AGR_g,1,0.735,150000,50108,38513
C,high_order,AGR_g,1,0.7375,150000,49865,38347
C,high_order,AGR_g,1,0.74,150000,49535,38141
C,high_order,AGR_g,1,0.7425,150000,48216,37343
C,high_order,AGR_g,1,0.745,150000,47914,37163
C,high_order,AGR_g,1,0.7475,150000,47721,37025
C,high_order,AGR_g,1,0.75,150000,47502,36888
C,high_order,AGR_g,1,0.7525,150000,47262,36736
C,high_order,AGR_g,1,0.755,150000,47081,36624
C,high_order,AGR_g,1,0.7575,150000,46881,36488
C,high_order,AGR_g,1,0.76,150000,46641,36329
C,high_order,AGR_g,1,0.7625,150000,46423,36196
C,high_order,AGR_g,1,0.765,150000,46196,36061
C,high_order,AGR_g,1,0.7675,150000,45977,35917
C,high_order,AGR_g,1,0.77,150000,45722,35739
C,high_order,AGR_g,1,0.7725,150000,45391,35523
C,high_order,AGR_g,1,0.775,150000,44184,34739
C,high_order,AGR_g,1,0.7775,150000,43677,34409
C,high_order,AGR_g,1,0.78,150000,43408,34214
C,high_order,AGR_g,1,0.7825,150000,43196,34076
C,high_order,AGR_g,1,0.785,150000,43011,33947
C,high_order,AGR_g,1,0.7875,150000,42771,33771
C,high_order,AGR_g,1,0.79,150000,42542,33610
C,high_order,AGR_g,1,0.7925,150000,42304,33455
C,high_order,AGR_g,1,0.795,150000,42052,33276
C,high_order,AGR_g,1,0.7975,150000,41850,33144
C,high_order,AGR_g,1,0.8,150000,41592,32974
C,high_order,AGR_g,1,0.8025,150000,41304,32773
C,high_order,AGR_g,1,0.805,150000,40885,32480
C,high_order,AGR_g,1,0.8075,150000,39522,31621
C,high_order,AGR_g,1,0.81,150000,39251,31430
C,high_order,AGR_g,1,0.8125,150000,39016,31262
C,high_order,AGR_g,1,0.815,150000,38776,31107
C,high_order,AGR_g,1,0.8175,150000,38562,30964
C,high_order,AGR_g,1,0.82,150000,38350,30826
C,high_order,AGR_g,1,0.8225,150000,38151,30692
C,high_order,AGR_g,1,0.825,150000,37948,30560
C,high_order,AGR_g,1,0.8275,150000,37725,30407
C,high_order,AGR_g,1,0.83,150000,37482,30233
C,high_order,AGR_g,1,0.8325,150000,37190,30013
C,high_order,AGR_g,1,0.835,150000,36878,29799
C,high_order,AGR_g,1,0.8375,150000,35331,28806
C,high_order,AGR_g,1,0.84,150000,35033,28591
C,high_order,AGR_g,1,0.8425,150000,34838,28441
C,high_order,AGR_g,1,0.845,150000,34608,28267
C,high_order,AGR_g,1,0.8475,150000,34388,28105
C,high_order,AGR_g,1,0.85,150000,34181,27951
C,high_order,AGR_g,1,0.8525,150000,33979,27806
C,high_order,AGR_g,1,0.855,150000,33706,27609
C,high_order,AGR_g,1,0.8575,150000,33471,27450
C,high_order,AGR_g,1,0.86,150000,33195,27239
C,high_order,AGR_g,1,0.8625,150000,32918,27034
C,high_order,AGR_g,1,0.865,150000,32421,26645
C,high_order,AGR_g,1,0.8675,150000,30848,25611
C,high_order,AGR_g,1,0.87,150000,30640,25446
C,high_order,AGR_g,1,0.8725,150000,30404,25269
C,high_order,AGR_g,1,0.875,150000,30129,25047
C,high_order,AGR_g,1,0.8775,150000,29887,24856
C,high_order,AGR_g,1,0.88,150000,29639,24672
C,high_order,AGR_g,1,0.8825,150000,29411,24487
C,high_order,AGR_g,1,0.885,150000,29176,24305
C,high_order,AGR_g,1,0.8875,150000,28960,24137
C,high_order,AGR_g,1,0.89,150000,28691,23933
C,high_order,AGR_g,1,0.8925,150000,28412,23723
C,high_order,AGR_g,1,0.895,150000,26722,22577
C,high_order,AGR_g,1,0.8975,150000,26384,22333
C,high_order,AGR_g,1,0.9,150000,26185,22164
C,high_order,AGR_g,1,0.9025,150000,25974,22009
C,high_order,AGR_g,1,0.905,150000,25757,21836
C,high_order,AGR_g,1,0.9075,150000,25584,21699
C,high_order,AGR_g,1,0.91,150000,25394,21546
C,high_order,AGR_g,1,0.9125,150000,25196,21400
C,high_order,AGR_g,1,0.915,150000,25015,21269
C,high_order,AGR_g,1,0.9175,150000,24775,21078
C,high_order,AGR_g,1,0.92,150000,24501,20857
C,high_order,AGR_g,1,0.9225,150000,22630,19591
C,high_order,AGR_g,1,0.925,150000,22245,19292
C,high_order,AGR_g,1,0.9275,150000,22006,19097
C,high_order,AGR_g,1,0.93,150000,21782,18902
C,high_order,AGR_g,1,0.9325,150000,21524,18702
C,high_order,AGR_g,1,0.935,150000,21280,18494
C,high_order,AGR_g,1,0.9375,150000,21034,18284
C,high_order,AGR_g,1,0.94,150000,20760,18047
C,high_order,AGR_g,1,0.9425,150000,20445,17778
C,high_order,AGR_g,1,0.945,150000,20099,17466
C,high_order,AGR_g,1,0.9475,150000,19692,17106
C,high_order,AGR_g,1,0.95,150000,17232,15308
C,high_order,AGR_g,1,0.9525,150000,16956,15049
C,high_order,AGR_g,1,0.955,150000,16649,14777
C,high_order,AGR_g,1,0.9575,150000,16400,14564
C,high_order,AGR_g,1,0.96,150000,16189,14371
C,high_order,AGR_g,1,0.9625,150000,16018,14212
C,high_order,AGR_g,1,0.965,150000,15846,14078
C,high_order,AGR_g,1,0.9675,150000,15658,13924
C,high_order,AGR_g,1,0.97,150000,15519,13815
C,high_order,AGR_g,1,0.9725,150000,15370,13698
C,high_order,AGR_g,1,0.975,150000,12493,11452
C,high_order,AGR_g,1,0.9775,150000,12042,11039
C,high_order,AGR_g,1,0.98,150000,12010,11011
C,high_order,AGR_g,1,0.9825,150000,11965,10977
C,high_order,AGR_g,1,0.985,150000,11931,10946
C,high_order,AGR_g,1,0.9875,150000,11897,10915
C,high_order,AGR_g,1,0.99,150000,11858,10884
C,high_order,AGR_g,1,0.9925,150000,11784,10820
C,high_order,AGR_g,1,0.995,150000,11689,10743
C,high_order,AGR_g,1,0.9975,150000,11585,10656
C,high_order,AGR_g,1,1.0,150000,11290,10483
w,high_order,AGR_g,1,0.7,150000,67465,56073
w,high_order,AGR_g,1,0.7025,150000,66678,55544
w,high_order,AGR_g,1,0.705,150000,65862,55008
w,high_order,AGR_g,1,0.7075,150000,65085,54481
w,high_order,AGR_g,1,0.71,150000,64326,53982
w,high_order,AGR_g,1,0.7125,150000,63577,53478
w,high_order,AGR_g,1,0.715,150000,62841,52965
w,high_order,AGR_g,1,0.7175,150000,62067,52449
w,high_order,AGR_g,1,0.72,150000,61312,51913
w,high_order,AGR_g,1,0.7225,150000,60569,51417
w,high_order,AGR_g,1,0.725,150000,59880,50939
w,high_order,AGR_g,1,0.7275,150000,59136,50447
w,high_order,AGR_g,1,0.73,150000,58409,49943
w,high_order,AGR_g,1,0.7325,150000,57665,49411
w,high_order,AGR_g,1,0.735,150000,56957,48890
w,high_order,AGR_g,1,0.7375,150000,56209,48366
w,high_order,AGR_g,1,0.74,150000,55527,47890
w,high_order,AGR_g,1,0.7425,150000,54840,47417
w,high_order,AGR_g,1,0.745,150000,54194,46942
w,high_order,AGR_g,1,0.7475,150000,53474,46445
w,high_order,AGR_g,1,0.75,150000,52821,45998
w,high_order,AGR_g,1,0.7525,150000,52178,45538
w,high_order,AGR_g,1,0.755,150000,51533,45071
w,high_order,AGR_g,1,0.7575,150000,50845,44553
w,high_order,AGR_g,1,0.76,150000,50177,44067
w,high_order,AGR_g,1,0.7625,150000,49484,43545
w,high_order,AGR_g,1,0.765,150000,48885,43109
w,high_order,AGR_g,1,0.7675,150000,48270,42647
w,high_order,AGR_g,1,0.77,150000,47603,42161
w,high_order,AGR_g,1,0.7725,150000,46992,41698
w,high_order,AGR_g,1,0.775,150000,46329,41206
w,high_order,AGR_g,1,0.7775,150000,45671,40720
w,high_order,AGR_g,1,0.78,150000,45035,40241
w,high_order,AGR_g,1,0.7825,150000,44433,39766
w,high_order,AGR_g,1,0.785,150000,43863,39329
w,high_order,AGR_g,1,0.7875,150000,43232,38823
w,high_order,AGR_g,1,0.79,150000,42656,38379
w,high_order,AGR_g,1,0.7925,150000,42089,37941
w,high_order,AGR_g,1,0.795,150000,41495,37474
w,high_order,AGR_g,1,0.7975,150000,40943,37049
w,high_order,AGR_g,1,0.8,150000,40413,36646
w,high_order,AGR_g,1,0.8025,150000,39850,36213
w,high_order,AGR_g,1,0.805,150000,39256,35736
w,high_order,AGR_g,1,0.8075,150000,38691,35284
w,high_order,AGR_g,1,0.81,150000,38112,34827
w,high_order,AGR_g,1,0.8125,150000,37556,34376
w,high_order,AGR_g,1,0.815,150000,36999,33942
w,high_order,AGR_g,1,0.8175,150000,36434,33484
w,high_order,AGR_g,1,0.82,150000,35927,33073
w,high_order,AGR_g,1,0.8225,150000,35368,32632
w,high_order,AGR_g,1,0.825,150000,34821,32178
w,high_order,AGR_g,1,0.8275,150000,34285,31739
w,high_order,AGR_g,1,0.83,150000,33771,31307
w,high_order,AGR_g,1,0.8325,150000,33259,30880
w,high_order,AGR_g,1,0.835,150000,32744,30464
w,high_order,AGR_g,1,0.8375,150000,32293,30079
w,high_order,AGR_g,1,0.84,150000,31812,29672
w,high_order,AGR_g,1,0.8425,150000,31348,29292
w,high_order,AGR_g,1,0.845,150000,30886,28912
w,high_order,AGR_g,1,0.8475,150000,30400,28497
w,high_order,AGR_g,1,0.85,150000,29934,28109
w,high_order,AGR_g,1,0.8525,150000,29499,27731
w,high_order,AGR_g,1,0.855,150000,29067,27361
w,high_order,AGR_g,1,0.8575,150000,28631,26981
w,high_order,AGR_g,1,0.86,150000,28207,26607
w,high_order,AGR_g,1,0.8625,150000,27741,26195
w,high_order,AGR_g,1,0.865,150000,27290,25808
w,high_order,AGR_g,1,0.8675,150000,26852,25430
w,high_order,AGR_g,1,0.87,150000,26403,25046
w,high_order,AGR_g,1,0.8725,150000,25990,24689
w,high_order,AGR_g,1,0.875,150000,25592,24344
w,high_order,AGR_g,1,0.8775,150000,25210,24011
w,high_order,AGR_g,1,0.88,150000,24826,23665
w,high_order,AGR_g,1,0.8825,150000,24432,23331
w,high_order,AGR_g,1,0.885,150000,24076,23018
w,high_order,AGR_g,1,0.8875,150000,23690,22681
w,high_order,AGR_g,1,0.89,150000,23325,22348
w,high_order,AGR_g,1,0.8925,150000,22941,22004
w,high_order,AGR_g,1,0.895,150000,22512,21621
w,high_order,AGR_g,1,0.8975,150000,22109,21256
w,high_order,AGR_g,1,0.9,150000,21715,20904
w,high_order,AGR_g,1,0.9025,150000,21325,20540
w,high_order,AGR_g,1,0.905,150000,20951,20190
w,high_order,AGR_g,1,0.9075,150000,20568,19845
w,high_order,AGR_g,1,0.91,150000,20204,19512
w,high_order,AGR_g,1,0.9125,150000,19840,19170
w,high_order,AGR_g,1,0.915,150000,19460,18819
w,high_order,AGR_g,1,0.9175,150000,19090,18480
w,high_order,AGR_g,1,0.92,150000,18725,18142
w,high_order,AGR_g,1,0.9225,150000,18334,17783
w,high_order,AGR_g,1,0.925,150000,17929,17401
w,high_order,AGR_g,1,0.9275,150000,17558,17059
w,high_order,AGR_g,1,0.93,150000,17173,16692
w,high_order,AGR_g,1,0.9325,150000,16806,16346
w,high_order,AGR_g,1,0.935,150000,16467,16031
w,high_order,AGR_g,1,0.9375,150000,16071,15660
w,high_order,AGR_g,1,0.94,150000,15667,15279
w,high_order,AGR_g,1,0.9425,150000,15264,14900
w,high_order,AGR_g,1,0.945,150000,14869,14521
w,high_order,AGR_g,1,0.9475,150000,14465,14135
w,high_order,AGR_g,1,0.95,150000,14007,13691
w,high_order,AGR_g,1,0.9525,150000,13523,13227
w,high_order,AGR_g,1,0.955,150000,13037,12757
w,high_order,AGR_g,1,0.9575,150000,12585,12327
w,high_order,AGR_g,1,0.96,150000,12205,11960
w,high_order,AGR_g,1,0.9625,150000,11780,11566
w,high_order,AGR_g,1,0.965,150000,11267,11070
w,high_order,AGR_g,1,0.9675,150000,10725,10545
w,high_order,AGR_g,1,0.97,150000,10061,9896
w,high_order,AGR_g,1,0.9725,150000,9325,9177
w,high_order,AGR_g,1,0.975,150000,8529,8403
w,high_order,AGR_g,1,0.9775,150000,7734,7625
w,high_order,AGR_g,1,0.98,150000,7056,6958
w,high_order,AGR_g,1,0.9825,150000,6402,6308
w,high_order,AGR_g,1,0.985,150000,5625,5541
w,high_order,AGR_g,1,0.9875,150000,4746,4672
w,high_order,AGR_g,1,0.99,150000,3610,3551
w,high_order,AGR_g,1,0.9925,150000,2521,2478
w,high_order,AGR_g,1,0.995,150000,1412,1392
w,high_order,AGR_g,1,0.9975,150000,465,462
w,high_order,AGR_g,1,1.0,150000,0,0
A_hat,binary_relevance_probe,AGR_g,1,0.7,600000,355602,222288
A_hat,binary_relevance_probe,AGR_g,1,0.7025,600000,354517,221666
A_hat,binary_relevance_probe,AGR_g,1,0.705,600000,353357,220971
A_hat,binary_relevance_probe,AGR_g,1,0.7075,600000,352251,220333
A_hat,binary_relevance_probe,AGR_g,1,0.71,600000,351187,219719
A_hat,binary_relevance_probe,AGR_g,1,0.7125,600000,350070,219067
A_hat,binary_relevance_probe,AGR_g,1,0.715,600000,348942,218389
A_hat,binary_relevance_probe,AGR_g,1,0.7175,600000,347904,217776
A_hat,binary_relevance_probe,AGR_g,1,0.72,600000,346880,217164
A_hat,binary_relevance_probe,AGR_g,1,0.7225,600000,345888,216599
A_hat,binary_relevance_probe,AGR_g,1,0.725,600000,344854,216011
A_hat,binary_relevance_probe,AGR_g,1,0.7275,600000,343855,215414
A_hat,binary_relevance_probe,AGR_g,1,0.73,600000,342775,214756
A_hat,binary_relevance_probe,AGR_g,1,0.7325,600000,337325,210941
A_hat,binary_relevance_probe,AGR_g,1,0.735,600000,334757,209092
A_hat,binary_relevance_probe,AGR_g,1,0.7375,600000,332485,207583
A_hat,binary_relevance_probe,AGR_g,1,0.74,600000,331053,206807
A_hat,binary_relevance_probe,AGR_g,1,0.7425,600000,328249,205070
A_hat,binary_relevance_probe,AGR_g,1,0.745,600000,323942,202201
A_hat,binary_relevance_probe,AGR_g,1,0.7475,600000,321042,200411
A_hat,binary_relevance_probe,AGR_g,1,0.75,600000,318301,198739
A_hat,binary_relevance_probe,AGR_g,1,0.7525,600000,316360,197694
A_hat,binary_relevance_probe,AGR_g,1,0.755,600000,314112,196474
A_hat,binary_relevance_probe,AGR_g,1,0.7575,600000,312132,195402
A_hat,binary_relevance_probe,AGR_g,1,0.76,600000,309824,194186
A_hat,binary_relevance_probe,AGR_g,1,0.7625,600000,306761,192533
A_hat,binary_relevance_probe,AGR_g,1,0.765,600000,303522,190703
A_hat,binary_relevance_probe,AGR_g,1,0.7675,600000,299685,188306
A_hat,binary_relevance_probe,AGR_g,1,0.77,600000,295772,185776
A_hat,binary_relevance_probe,AGR_g,1,0.7725,600000,286099,179165
A_hat,binary_relevance_probe,AGR_g,1,0.775,600000,278069,173869
A_hat,binary_relevance_probe,AGR_g,1,0.7775,600000,272280,170021
A_hat,binary_relevance_probe,AGR_g,1,0.78,600000,261062,162919
A_hat,binary_relevance_probe,AGR_g,1,0.7825,600000,253744,158668
A_hat,binary_relevance_probe,AGR_g,1,0.785,600000,248925,156143
A_hat,binary_relevance_probe,AGR_g,1,0.7875,600000,242816,152926
A_hat,binary_relevance_probe,AGR_g,1,0.79,600000,236108,149159
A_hat,binary_relevance_probe,AGR_g,1,0.7925,600000,230078,146147
A_hat,binary_relevance_probe,AGR_g,1,0.795,600000,224623,143351
A_hat,binary_relevance_probe,AGR_g,1,0.7975,600000,219411,140770
A_hat,binary_relevance_probe,AGR_g,1,0.8,600000,215062,138501
A_hat,binary_relevance_probe,AGR_g,1,0.8025,600000,210052,135933
A_hat,binary_relevance_probe,AGR_g,1,0.805,600000,205708,133765
A_hat,binary_relevance_probe,AGR_g,1,0.8075,600000,201448,131548
A_hat,binary_relevance_probe,AGR_g,1,0.81,600000,197461,129462
A_hat,binary_relevance_probe,AGR_g,1,0.8125,600000,192833,126993
A_hat,binary_relevance_probe,AGR_g,1,0.815,600000,188251,124513
A_hat,binary_relevance_probe,AGR_g,1,0.8175,600000,184009,122250
A_hat,binary_relevance_probe,AGR_g,1,0.82,600000,178681,119377
A_hat,binary_relevance_probe,AGR_g,1,0.8225,600000,174755,117287
A_hat,binary_relevance_probe,AGR_g,1,0.825,600000,169521,114507
A_hat,binary_relevance_probe,AGR_g,1,0.8275,600000,166203,112745
A_hat,binary_relevance_probe,AGR_g,1,0.83,600000,162949,111016
A_hat,binary_relevance_probe,AGR_g,1,0.8325,600000,159667,109296
A_hat,binary_relevance_probe,AGR_g,1,0.835,600000,155805,107215
A_hat,binary_relevance_probe,AGR_g,1,0.8375,600000,151530,104965
A_hat,binary_relevance_probe,AGR_g,1,0.84,600000,148448,103256
A_hat,binary_relevance_probe,AGR_g,1,0.8425,600000,144854,101345
A_hat,binary_relevance_probe,AGR_g,1,0.845,600000,139643,97903
A_hat,binary_relevance_probe,AGR_g,1,0.8475,600000,136021,95712
A_hat,binary_relevance_probe,AGR_g,1,0.85,600000,132242,93506
A_hat,binary_relevance_probe,AGR_g,1,0.8525,600000,128355,91245
A_hat,binary_relevance_probe,AGR_g,1,0.855,600000,123899,88515
A_hat,binary_relevance_probe,AGR_g,1,0.8575,600000,119337,85620
A_hat,binary_relevance_probe,AGR_g,1,0.86,600000,114839,82812
A_hat,binary_relevance_probe,AGR_g,1,0.8625,600000,110716,80197
A_hat,binary_relevance_probe,AGR_g,1,0.865,600000,106876,77905
A_hat,binary_relevance_probe,AGR_g,1,0.8675,600000,102272,74837
A_hat,binary_relevance_probe,AGR_g,1,0.87,600000,97154,71431
A_hat,binary_relevance_probe,AGR_g,1,0.8725,600000,93030,68875
A_hat,binary_relevance_probe,AGR_g,1,0.875,600000,90148,67236
A_hat,binary_relevance_probe,AGR_g,1,0.8775,600000,87597,65674
A_hat,binary_relevance_probe,AGR_g,1,0.88,600000,84111,63624
A_hat,binary_relevance_probe,AGR_g,1,0.8825,600000,79352,60615
A_hat,binary_relevance_probe,AGR_g,1,0.885,600000,74575,57305
A_hat,binary_relevance_probe,AGR_g,1,0.8875,600000,71611,55410
A_hat,binary_relevance_probe,AGR_g,1,0.89,600000,69243,53998
A_hat,binary_relevance_probe,AGR_g,1,0.8925,600000,67488,53072
A_hat,binary_relevance_probe,AGR_g,1,0.895,600000,65362,51903
A_hat,binary_relevance_probe,AGR_g,1,0.8975,600000,60851,48927
A_hat,binary_relevance_probe,AGR_g,1,0.9,600000,56726,46000
A_hat,binary_relevance_probe,AGR_g,1,0.9025,600000,54623,44718
A_hat,binary_relevance_probe,AGR_g,1,0.905,600000,51829,43080
A_hat,binary_relevance_probe,AGR_g,1,0.9075,600000,49965,42010
A_hat,binary_relevance_probe,AGR_g,1,0.91,600000,44618,37747
A_hat,binary_relevance_probe,AGR_g,1,0.9125,600000,37276,31633
A_hat,binary_relevance_probe,AGR_g,1,0.915,600000,32381,27755
A_hat,binary_relevance_probe,AGR_g,1,0.9175,600000,22782,19328
A_hat,binary_relevance_probe,AGR_g,1,0.92,600000,14712,12146
A_hat,binary_relevance_probe,AGR_g,1,0.9225,600000,5438,3738
A_hat,binary_relevance_probe,AGR_g,1,0.925,600000,3891,2375
A_hat,binary_relevance_probe,AGR_g,1,0.9275,600000,3736,2270
A_hat,binary_relevance_probe,AGR_g,1,0.93,600000,3583,2164
A_hat,binary_relevance_probe,AGR_g,1,0.9325,600000,3454,2076
A_hat,binary_relevance_probe,AGR_g,1,0.935,600000,3316,1986
A_hat,binary_relevance_probe,AGR_g,1,0.9375,600000,3180,1901
A_hat,binary_relevance_probe,AGR_g,1,0.94,600000,3041,1802
A_hat,binary_relevance_probe,AGR_g,1,0.9425,600000,2922,1726
A_hat,binary_relevance_probe,AGR_g,1,0.945,600000,2810,1656
A_hat,binary_relevance_probe,AGR_g,1,0.9475,600000,2678,1579
A_hat,binary_relevance_probe,AGR_g,1,0.95,600000,2569,1501
A_hat,binary_relevance_probe,AGR_g,1,0.9525,600000,2448,1417
A_hat,binary_relevance_probe,AGR_g,1,0.955,600000,2336,1342
A_hat,binary_relevance_probe,AGR_g,1,0.9575,600000,2220,1264
A_hat,binary_relevance_probe,AGR_g,1,0.96,600000,2120,1201
A_hat,binary_relevance_probe,AGR_g,1,0.9625,600000,2037,1152
A_hat,binary_relevance_probe,AGR_g,1,0.965,600000,1942,1098
A_hat,binary_relevance_probe,AGR_g,1,0.9675,600000,1837,1035
A_hat,binary_relevance_probe,AGR_g,1,0.97,600000,1768,992
A_hat,binary_relevance_probe,AGR_g,1,0.9725,600000,1661,920
A_hat,binary_relevance_probe,AGR_g,1,0.975,600000,1568,866
A_hat,binary_relevance_probe,AGR_g,1,0.9775,600000,1486,818
A_hat,binary_relevance_probe,AGR_g,1,0.98,600000,1404,771
A_hat,binary_relevance_probe,AGR_g,1,0.9825,600000,1313,719
A_hat,binary_relevance_probe,AGR_g,1,0.985,600000,1227,668
A_hat,binary_relevance_probe,AGR_g,1,0.9875,600000,1124,607
A_hat,binary_relevance_probe,AGR_g,1,0.99,600000,1013,550
A_hat,binary_relevance_probe,AGR_g,1,0.9925,600000,878,477
A_hat,binary_relevance_probe,AGR_g,1,0.995,600000,753,406
A_hat,binary_relevance_probe,AGR_g,1,0.9975,600000,578,305
A_hat,binary_relevance_probe,AGR_g,1,1.0,600000,0,0
M,high_order,CovtFD,1,0.7,150000,85591,57472
M,high_order,CovtFD,1,0.7025,150000,85272,57264
M,high_order,CovtFD,1,0.705,150000,84927,57029
M,high_order,CovtFD,1,0.7075,150000,84629,56831
M,high_order,CovtFD,1,0.71,150000,84321,56636
M,high_order,CovtFD,1,0.7125,150000,84005,56434
M,high_order,CovtFD,1,0.715,150000,83683,56205
M,high_order,CovtFD,1,0.7175,150000,83372,55985
M,high_order,CovtFD,1,0.72,150000,82981,55716
M,high_order,CovtFD,1,0.7225,150000,82614,55478
M,high_order,CovtFD,1,0.725,150000,82310,55278
M,high_order,CovtFD,1,0.7275,150000,81970,55042
M,high_order,CovtFD,1,0.73,150000,81631,54833
M,high_order,CovtFD,1,0.7325,150000,81316,54619
M,high_order,CovtFD,1,0.735,150000,81035,54443
M,high_order,CovtFD,1,0.7375,150000,80699,54235
M,high_order,CovtFD,1,0.74,150000,80348,53994
M,high_order,CovtFD,1,0.7425,150000,79977,53744
M,high_order,CovtFD,1,0.745,150000,79630,53513
M,high_order,CovtFD,1,0.7475,150000,79280,53265
M,high_order,CovtFD,1,0.75,150000,78967,53062
M,high_order,CovtFD,1,0.7525,150000,78622,52834
M,high_order,CovtFD,1,0.755,150000,78287,52627
M,high_order,CovtFD,1,0.7575,150000,77998,52445
M,high_order,CovtFD,1,0.76,150000,77612,52175
M,high_order,CovtFD,1,0.7625,150000,77261,51942
M,high_order,CovtFD,1,0.765,150000,76924,51703
M,high_order,CovtFD,1,0.7675,150000,76610,51490
M,high_order,CovtFD,1,0.77,150000,76307,51279
M,high_order,CovtFD,1,0.7725,150000,75967,51039
M,high_order,CovtFD,1,0.775,150000,75621,50814
M,high_order,CovtFD,1,0.7775,150000,75276,50577
M,high_order,CovtFD,1,0.78,150000,74930,50358
M,high_order,CovtFD,1,0.7825,150000,74631,50164
M,high_order,CovtFD,1,0.785,150000,74295,49939
M,high_order,CovtFD,1,0.7875,150000,73963,49705
M,high_order,CovtFD,1,0.79,150000,73577,49445
M,high_order,CovtFD,1,0.7925,150000,73256,49225
M,high_order,CovtFD,1,0.795,150000,72892,48995
M,high_order,CovtFD,1,0.7975,150000,72565,48767
M,high_order,CovtFD,1,0.8,150000,72265,48557
M,high_order,CovtFD,1,0.8025,150000,71917,48308
M,high_order,CovtFD,1,0.805,150000,71622,48092
M,high_order,CovtFD,1,0.8075,150000,71289,47856
M,high_order,CovtFD,1,0.81,150000,70967,47643
M,high_order,CovtFD,1,0.8125,150000,70626,47409
M,high_order,CovtFD,1,0.815,150000,70343,47232
M,high_order,CovtFD,1,0.8175,150000,70034,47013
M,high_order,CovtFD,1,0.82,150000,69698,46767
M,high_order,CovtFD,1,0.8225,150000,69331,46516
M,high_order,CovtFD,1,0.825,150000,68998,46272
M,high_order,CovtFD,1,0.8275,150000,68706,46051
M,high_order,CovtFD,1,0.83,150000,68376,45821
M,high_order,CovtFD,1,0.8325,150000,68028,45566
M,high_order,CovtFD,1,0.835,150000,67696,45343
M,high_order,CovtFD,1,0.8375,150000,67396,45135
M,high_order,CovtFD,1,0.84,150000,67133,44964
M,high_order,CovtFD,1,0.8425,150000,66878,44797
M,high_order,CovtFD,1,0.845,150000,66591,44606
M,high_order,CovtFD,1,0.8475,150000,66315,44416
M,high_order,CovtFD,1,0.85,150000,66039,44223
M,high_order,CovtFD,1,0.8525,150000,65748,44024
M,high_order,CovtFD,1,0.855,150000,65480,43835
M,high_order,CovtFD,1,0.8575,150000,65160,43612
M,high_order,CovtFD,1,0.86,150000,64842,43391
M,high_order,CovtFD,1,0.8625,150000,64533,43186
M,high_order,CovtFD,1,0.865,150000,64216,42950
M,high_order,CovtFD,1,0.8675,150000,63883,42709
M,high_order,CovtFD,1,0.87,150000,63596,42491
M,high_order,CovtFD,1,0.8725,150000,63289,42260
M,high_order,CovtFD,1,0.875,150000,62980,42021
M,high_order,CovtFD,1,0.8775,150000,62635,41770
M,high_order,CovtFD,1,0.88,150000,62293,41509
M,high_order,CovtFD,1,0.8825,150000,61933,41226
M,high_order,CovtFD,1,0.885,150000,61497,40899
M,high_order,CovtFD,1,0.8875,150000,61121,40618
M,high_order,CovtFD,1,0.89,150000,60764,40373
M,high_order,CovtFD,1,0.8925,150000,60410,40101
M,high_order,CovtFD,1,0.895,150000,60007,39806
M,high_order,CovtFD,1,0.8975,150000,59590,39484
M,high_order,CovtFD,1,0.9,150000,59217,39206
M,high_order,CovtFD,1,0.9025,150000,58806,38910
M,high_order,CovtFD,1,0.905,150000,58409,38617
M,high_order,CovtFD,1,0.9075,150000,58063,38355
M,high_order,CovtFD,1,0.91,150000,57637,38019
M,high_order,CovtFD,1,0.9125,150000,57197,37658
M,high_order,CovtFD,1,0.915,150000,56791,37346
M,high_order,CovtFD,1,0.9175,150000,56463,37110
M,high_order,CovtFD,1,0.92,150000,56108,36838
M,high_order,CovtFD,1,0.9225,150000,55741,36545
M,high_order,CovtFD,1,0.925,150000,55412,36318
M,high_order,CovtFD,1,0.9275,150000,55146,36133
M,high_order,CovtFD,1,0.93,150000,54813,35896
M,high_order,CovtFD,1,0.9325,150000,54459,35619
M,high_order,CovtFD,1,0.935,150000,54123,35376
M,high_order,CovtFD,1,0.9375,150000,53771,35118
M,high_order,CovtFD,1,0.94,150000,53428,34861
M,high_order,CovtFD,1,0.9425,150000,53074,34611
M,high_order,CovtFD,1,0.945,150000,52702,34344
M,high_order,CovtFD,1,0.9475,150000,52316,34081
M,high_order,CovtFD,1,0.95,150000,51958,33806
M,high_order,CovtFD,1,0.9525,150000,51600,33556
M,high_order,CovtFD,1,0.955,150000,51250,33314
M,high_order,CovtFD,1,0.9575,150000,50886,33069
M,high_order,CovtFD,1,0.96,150000,50557,32854
M,high_order,CovtFD,1,0.9625,150000,50169,32579
M,high_order,CovtFD,1,0.965,150000,49774,32315
M,high_order,CovtFD,1,0.9675,150000,49370,32047
M,high_order,CovtFD,1,0.97,150000,49021,31838
M,high_order,CovtFD,1,0.9725,150000,48661,31598
M,high_order,CovtFD,1,0.975,150000,48238,31301
M,high_order,CovtFD,1,0.9775,150000,47768,30980
M,high_order,CovtFD,1,0.98,150000,47255,30631
M,high_order,CovtFD,1,0.9825,150000,46677,30263
M,high_order,CovtFD,1,0.985,150000,46152,29913
M,high_order,CovtFD,1,0.9875,150000,45573,29565
M,high_order,CovtFD,1,0.99,150000,44928,29183
M,high_order,CovtFD,1,0.9925,150000,44117,28717
M,high_order,CovtFD,1,0.995,150000,42939,28008
M,high_order,CovtFD,1,0.9975,150000,41117,26908
M,high_order,CovtFD,1,1.0,150000,24900,17437
c,high_order,CovtFD,1,0.7,150000,96026,77165
c,high_order,CovtFD,1,0.7025,150000,96026,77165
c,high_order,CovtFD,1,0.705,150000,96026,77165
c,high_order,CovtFD,1,0.7075,150000,96026,77165
c,high_order,CovtFD,1,0.71,150000,96026,77165
c,high_order,CovtFD,1,0.7125,150000,96026,77165
c,high_order,CovtFD,1,0.715,150000,96026,77165
c,high_order,CovtFD,1,0.7175,150000,96026,77165
c,high_order,CovtFD,1,0.72,150000,96026,77165
c,high_order,CovtFD,1,0.7225,150000,96026,77165
c,high_order,CovtFD,1,0.725,150000,88791,72553
c,high_order,CovtFD,1,0.7275,150000,88791,72553
c,high_order,CovtFD,1,0.73,150000,88791,72553
c,high_order,CovtFD,1,0.7325,150000,88791,72553
c,high_order,CovtFD,1,0.735,150000,88791,72553
c,high_order,CovtFD,1,0.7375,150000,88791,72553
c,high_order,CovtFD,1,0.74,150000,88791,72553
c,high_order,CovtFD,1,0.7425,150000,88791,72553
c,high_order,CovtFD,1,0.745,150000,88791,72553
c,high_order,CovtFD,1,0.7475,150000,88791,72553
c,high_order,CovtFD,1,0.75,150000,88791,72553
c,high_order,CovtFD,1,0.7525,150000,88791,72553
c,high_order,CovtFD,1,0.755,150000,88791,72553
c,high_order,CovtFD,1,0.7575,150000,88791,72553
c,high_order,CovtFD,1,0.76,150000,81249,67466
c,high_order,CovtFD,1,0.7625,150000,81249,67466
c,high_order,CovtFD,1,0.765,150000,81249,67466
c,high_order,CovtFD,1,0.7675,150000,81249,67466
c,high_order,CovtFD,1,0.77,150000,81249,67466
c,high_order,CovtFD,1,0.7725,150000,81249,67466
c,high_order,CovtFD,1,0.775,150000,81249,67466
c,high_order,CovtFD,1,0.7775,150000,81249,67466
c,high_order,CovtFD,1,0.78,150000,81249,67466
c,high_order,CovtFD,1,0.7825,150000,81249,67466
c,high_order,CovtFD,1,0.785,150000,81249,67466
c,high_order,CovtFD,1,0.7875,150000,81249,67466
c,high_order,CovtFD,1,0.79,150000,81249,67466
c,high_order,CovtFD,1,0.7925,150000,81249,67466
c,high_order,CovtFD,1,0.795,150000,73678,62144
c,high_order,CovtFD,1,0.7975,150000,73678,62144
c,high_order,CovtFD,1,0.8,150000,73678,62144
c,high_order,CovtFD,1,0.8025,150000,73678,62144
c,high_order,CovtFD,1,0.805,150000,73678,62144
c,high_order,CovtFD,1,0.8075,150000,73678,62144
c,high_order,CovtFD,1,0.81,150000,73678,62144
c,high_order,CovtFD,1,0.8125,150000,73678,62144
c,high_order,CovtFD,1,0.815,150000,73678,62144
c,high_order,CovtFD,1,0.8175,150000,73678,62144
c,high_order,CovtFD,1,0.82,150000,73678,62144
c,high_order,CovtFD,1,0.8225,150000,73678,62144
c,high_order,CovtFD,1,0.825,150000,73678,62144
c,high_order,CovtFD,1,0.8275,150000,73678,62144
c,high_order,CovtFD,1,0.83,150000,65869,56301
c,high_order,CovtFD,1,0.8325,150000,65869,56301
c,high_order,CovtFD,1,0.835,150000,65869,56301
c,high_order,CovtFD,1,0.8375,150000,65869,56301
c,high_order,CovtFD,1,0.84,150000,65869,56301
c,high_order,CovtFD,1,0.8425,150000,65869,56301
c,high_order,CovtFD,1,0.845,150000,65869,56301
c,high_order,CovtFD,1,0.8475,150000,65869,56301
c,high_order,CovtFD,1,0.85,150000,65869,56301
c,high_order,CovtFD,1,0.8525,150000,65869,56301
c,high_order,CovtFD,1,0.855,150000,65869,56301
c,high_order,CovtFD,1,0.8575,150000,65869,56301
c,high_order,CovtFD,1,0.86,150000,65869,56301
c,high_order,CovtFD,1,0.8625,150000,57125,49476
c,high_order,CovtFD,1,0.865,150000,57125,49476
c,high_order,CovtFD,1,0.8675,150000,57125,49476
c,high_order,CovtFD,1,0.87,150000,57125,49476
c,high_order,CovtFD,1,0.8725,150000,57125,49476
c,high_order,CovtFD,1,0.875,150000,57125,49476
c,high_order,CovtFD,1,0.8775,150000,57125,49476
c,high_order,CovtFD,1,0.88,150000,57125,49476
c,high_order,CovtFD,1,0.8825,150000,57125,49476
c,high_order,CovtFD,1,0.885,150000,57125,49476
c,high_order,CovtFD,1,0.8875,150000,57125,49476
c,high_order,CovtFD,1,0.89,150000,57125,49476
c,high_order,CovtFD,1,0.8925,150000,57125,49476
c,high_order,CovtFD,1,0.895,150000,57125,49476
c,high_order,CovtFD,1,0.8975,150000,47149,41281
c,high_order,CovtFD,1,0.9,150000,47149,41281
c,high_order,CovtFD,1,0.9025,150000,47149,41281
c,high_order,CovtFD,1,0.905,150000,47149,41281
c,high_order,CovtFD,1,0.9075,150000,47149,41281
c,high_order,CovtFD,1,0.91,150000,47149,41281
c,high_order,CovtFD,1,0.9125,150000,47149,41281
c,high_order,CovtFD,1,0.915,150000,47149,41281
c,high_order,CovtFD,1,0.9175,150000,47149,41281
c,high_order,CovtFD,1,0.92,150000,47149,41281
c,high_order,CovtFD,1,0.9225,150000,47149,41281
c,high_order,CovtFD,1,0.925,150000,47149,41281
c,high_order,CovtFD,1,0.9275,150000,47149,41281
c,high_order,CovtFD,1,0.93,150000,47149,41281
c,high_order,CovtFD,1,0.9325,150000,35005,30981
c,high_order,CovtFD,1,0.935,150000,35005,30981
c,high_order,CovtFD,1,0.9375,150000,35005,30981
c,high_order,CovtFD,1,0.94,150000,35005,30981
c,high_order,CovtFD,1,0.9425,150000,35005,30981
c,high_order,CovtFD,1,0.945,150000,35005,30981
c,high_order,CovtFD,1,0.9475,150000,35005,30981
c,high_order,CovtFD,1,0.95,150000,35005,30981
c,high_order,CovtFD,1,0.9525,150000,35005,30981
c,high_order,CovtFD,1,0.955,150000,35005,30981
c,high_order,CovtFD,1,0.9575,150000,35005,30981
c,high_order,CovtFD,1,0.96,150000,35005,30981
c,high_order,CovtFD,1,0.9625,150000,35005,30981
c,high_order,CovtFD,1,0.965,150000,35005,30981
c,high_order,CovtFD,1,0.9675,150000,19228,17298
c,high_order,CovtFD,1,0.97,150000,19228,17298
c,high_order,CovtFD,1,0.9725,150000,19228,17298
c,high_order,CovtFD,1,0.975,150000,19228,17298
c,high_order,CovtFD,1,0.9775,150000,19228,17298
c,high_order,CovtFD,1,0.98,150000,19228,17298
c,high_order,CovtFD,1,0.9825,150000,19228,17298
c,high_order,CovtFD,1,0.985,150000,19228,17298
c,high_order,CovtFD,1,0.9875,150000,19228,17298
c,high_order,CovtFD,1,0.99,150000,19228,17298
c,high_order,CovtFD,1,0.9925,150000,19228,17298
c,high_order,CovtFD,1,0.995,150000,19228,17298
c,high_order,CovtFD,1,0.9975,150000,19228,17298
c,high_order,CovtFD,1,1.0,150000,19228,17298
A_hat,high_order,CovtFD,1,0.7,150000,61240,41077
A_hat,high_order,CovtFD,1,0.7025,150000,61016,40952
A_hat,high_order,CovtFD,1,0.705,150000,60784,40812
A_hat,high_order,CovtFD,1,0.7075,150000,60573,40694
A_hat,high_order,CovtFD,1,0.71,150000,60352,40562
A_hat,high_order,CovtFD,1,0.7125,150000,60124,40431
A_hat,high_order,CovtFD,1,0.715,150000,59875,40284
A_hat,high_order,CovtFD,1,0.7175,150000,59618,40120
A_hat,high_order,CovtFD,1,0.72,150000,59362,39971
A_hat,high_order,CovtFD,1,0.7225,150000,59109,39825
A_hat,high_order,CovtFD,1,0.725,150000,58783,39639
A_hat,high_order,CovtFD,1,0.7275,150000,58414,39436
A_hat,high_order,CovtFD,1,0.73,150000,58042,39206
A_hat,high_order,CovtFD,1,0.7325,150000,57609,38945
A_hat,high_order,CovtFD,1,0.735,150000,57103,38642
A_hat,high_order,CovtFD,1,0.7375,150000,56483,38278
A_hat,high_order,CovtFD,1,0.74,150000,55715,37814
A_hat,high_order,CovtFD,1,0.7425,150000,54752,37201
A_hat,high_order,CovtFD,1,0.745,150000,53574,36487
A_hat,high_order,CovtFD,1,0.7475,150000,51970,35506
A_hat,high_order,CovtFD,1,0.75,150000,50027,34260
A_hat,high_order,CovtFD,1,0.7525,150000,47559,32689
A_hat,high_order,CovtFD,1,0.755,150000,45042,31103
A_hat,high_order,CovtFD,1,0.7575,150000,42896,29732
A_hat,high_order,CovtFD,1,0.76,150000,41368,28709
A_hat,high_order,CovtFD,1,0.7625,150000,40335,28022
A_hat,high_order,CovtFD,1,0.765,150000,39571,27517
A_hat,high_order,CovtFD,1,0.7675,150000,39070,27196
A_hat,high_order,CovtFD,1,0.77,150000,38709,26964
A_hat,high_order,CovtFD,1,0.7725,150000,38405,26777
A_hat,high_order,CovtFD,1,0.775,150000,38149,26615
A_hat,high_order,CovtFD,1,0.7775,150000,37895,26465
A_hat,high_order,CovtFD,1,0.78,150000,37673,26334
A_hat,high_order,CovtFD,1,0.7825,150000,37456,26210
A_hat,high_order,CovtFD,1,0.785,150000,37225,26073
A_hat,high_order,CovtFD,1,0.7875,150000,37006,25929
A_hat,high_order,CovtFD,1,0.79,150000,36771,25785
A_hat,high_order,CovtFD,1,0.7925,150000,36545,25651
A_hat,high_order,CovtFD,1,0.795,150000,36296,25512
A_hat,high_order,CovtFD,1,0.7975,150000,36053,25367
A_hat,high_order,CovtFD,1,0.8,150000,35812,25213
A_hat,high_order,CovtFD,1,0.8025,150000,35579,25064
A_hat,high_order,CovtFD,1,0.805,150000,35374,24941
A_hat,high_order,CovtFD,1,0.8075,150000,35134,24796
A_hat,high_order,CovtFD,1,0.81,150000,34909,24657
A_hat,high_order,CovtFD,1,0.8125,150000,34668,24516
A_hat,high_order,CovtFD,1,0.815,150000,34454,24388
A_hat,high_order,CovtFD,1,0.8175,150000,34215,24241
A_hat,high_order,CovtFD,1,0.82,150000,33980,24100
A_hat,high_order,CovtFD,1,0.8225,150000,33726,23932
A_hat,high_order,CovtFD,1,0.825,150000,33515,23798
A_hat,high_order,CovtFD,1,0.8275,150000,33281,23662
A_hat,high_order,CovtFD,1,0.83,150000,33072,23544
A_hat,high_order,CovtFD,1,0.8325,150000,32827,23390
A_hat,high_order,CovtFD,1,0.835,150000,32582,23238
A_hat,high_order,CovtFD,1,0.8375,150000,32369,23100
A_hat,high_order,CovtFD,1,0.84,150000,32163,22968
A_hat,high_order,CovtFD,1,0.8425,150000,31920,22823
A_hat,high_order,CovtFD,1,0.845,150000,31712,22691
A_hat,high_order,CovtFD,1,0.8475,150000,31489,22558
A_hat,high_order,CovtFD,1,0.85,150000,31245,22411
A_hat,high_order,CovtFD,1,0.8525,150000,31019,22258
A_hat,high_order,CovtFD,1,0.855,150000,30770,22108
A_hat,high_order,CovtFD,1,0.8575,150000,30533,21954
A_hat,high_order,CovtFD,1,0.86,150000,30280,21795
A_hat,high_order,CovtFD,1,0.8625,150000,30074,21658
A_hat,high_order,CovtFD,1,0.865,150000,29841,21506
A_hat,high_order,CovtFD,1,0.8675,150000,29611,21346
A_hat,high_order,CovtFD,1,0.87,150000,29362,21190
A_hat,high_order,CovtFD,1,0.8725,150000,29121,21032
A_hat,high_order,CovtFD,1,0.875,150000,28863,20872
A_hat,high_order,CovtFD,1,0.8775,150000,28576,20689
A_hat,high_order,CovtFD,1,0.88,150000,28300,20514
A_hat,high_order,CovtFD,1,0.8825,150000,28049,20358
A_hat,high_order,CovtFD,1,0.885,150000,27801,20206
A_hat,high_order,CovtFD,1,0.8875,150000,27534,20037
A_hat,high_order,CovtFD,1,0.89,150000,27304,19887
A_hat,high_order,CovtFD,1,0.8925,150000,27044,19732
A_hat,high_order,CovtFD,1,0.895,150000,26778,19548
A_hat,high_order,CovtFD,1,0.8975,150000,26507,19370
A_hat,high_order,CovtFD,1,0.9,150000,26211,19186
A_hat,high_order,CovtFD,1,0.9025,150000,25959,19017
A_hat,high_order,CovtFD,1,0.905,150000,25692,18848
A_hat,high_order,CovtFD,1,0.9075,150000,25444,18686
A_hat,high_order,CovtFD,1,0.91,150000,25188,18520
A_hat,high_order,CovtFD,1,0.9125,150000,24945,18358
A_hat,high_order,CovtFD,1,0.915,150000,24714,18215
A_hat,high_order,CovtFD,1,0.9175,150000,24480,18055
A_hat,high_order,CovtFD,1,0.92,150000,24243,17903
A_hat,high_order,CovtFD,1,0.9225,150000,24010,17742
A_hat,high_order,CovtFD,1,0.925,150000,23773,17589
A_hat,high_order,CovtFD,1,0.9275,150000,23573,17460
A_hat,high_order,CovtFD,1,0.93,150000,23330,17294
A_hat,high_order,CovtFD,1,0.9325,150000,23096,17137
A_hat,high_order,CovtFD,1,0.935,150000,22857,16977
A_hat,high_order,CovtFD,1,0.9375,150000,22608,16805
A_hat,high_order,CovtFD,1,0.94,150000,22360,16627
A_hat,high_order,CovtFD,1,0.9425,150000,22084,16447
A_hat,high_order,CovtFD,1,0.945,150000,21806,16264
A_hat,high_order,CovtFD,1,0.9475,150000,21530,16075
A_hat,high_order,CovtFD,1,0.95,150000,21265,15900
A_hat,high_order,CovtFD,1,0.9525,150000,21007,15729
A_hat,high_order,CovtFD,1,0.955,150000,20725,15528
A_hat,high_order,CovtFD,1,0.9575,150000,20452,15334
A_hat,high_order,CovtFD,1,0.96,150000,20175,15147
A_hat,high_order,CovtFD,1,0.9625,150000,19906,14956
A_hat,high_order,CovtFD,1,0.965,150000,19651,14793
A_hat,high_order,CovtFD,1,0.9675,150000,19373,14599
A_hat,high_order,CovtFD,1,0.97,150000,19061,14386
A_hat,high_order,CovtFD,1,0.9725,150000,18761,14174
A_hat,high_order,CovtFD,1,0.975,150000,18429,13932
A_hat,high_order,CovtFD,1,0.9775,150000,18081,13683
A_hat,high_order,CovtFD,1,0.98,150000,17723,13428
A_hat,high_order,CovtFD,1,0.9825,150000,17354,13163
A_hat,high_order,CovtFD,1,0.985,150000,16953,12871
A_hat,high_order,CovtFD,1,0.9875,150000,16522,12566
A_hat,high_order,CovtFD,1,0.99,150000,16055,12222
A_hat,high_order,CovtFD,1,0.9925,150000,15488,11798
A_hat,high_order,CovtFD,1,0.995,150000,14793,11300
A_hat,high_order,CovtFD,1,0.9975,150000,13708,10478
A_hat,high_order,CovtFD,1,1.0,150000,11183,8462
C,high_order,CovtFD,1,0.7,150000,61537,44761
C,high_order,CovtFD,1,0.7025,150000,60792,44309
C,high_order,CovtFD,1,0.705,150000,59922,43721
C,high_order,CovtFD,1,0.7075,150000,58880,43043
C,high_order,CovtFD,1,0.71,150000,57893,42414
C,high_order,CovtFD,1,0.7125,150000,57072,41874
C,high_order,CovtFD,1,0.715,150000,56414,41461
C,high_order,CovtFD,1,0.7175,150000,55789,41043
C,high_order,CovtFD,1,0.72,150000,55253,40687
C,high_order,CovtFD,1,0.7225,150000,54748,40358
C,high_order,CovtFD,1,0.725,150000,54269,40045
C,high_order,CovtFD,1,0.7275,150000,53797,39739
C,high_order,CovtFD,1,0.73,150000,53353,39455
C,high_order,CovtFD,1,0.7325,150000,52914,39174
C,high_order,CovtFD,1,0.735,150000,52491,38888
C,high_order,CovtFD,1,0.7375,150000,52060,38599
C,high_order,CovtFD,1,0.74,150000,51685,38368
C,high_order,CovtFD,1,0.7425,150000,51276,38092
C,high_order,CovtFD,1,0.745,150000,50860,37794
C,high_order,CovtFD,1,0.7475,150000,50403,37480
C,high_order,CovtFD,1,0.75,150000,49929,37174
C,high_order,CovtFD,1,0.7525,150000,49514,36889
C,high_order,CovtFD,1,0.755,150000,49049,36565
C,high_order,CovtFD,1,0.7575,150000,48585,36243
C,high_order,CovtFD,1,0.76,150000,48108,35941
C,high_order,CovtFD,1,0.7625,150000,47689,35648
C,high_order,CovtFD,1,0.765,150000,47227,35348
C,high_order,CovtFD,1,0.7675,150000,46778,35053
C,high_order,CovtFD,1,0.77,150000,46287,34720
C,high_order,CovtFD,1,0.7725,150000,45808,34405
C,high_order,CovtFD,1,0.775,150000,45304,34058
C,high_order,CovtFD,1,0.7775,150000,44816,33716
C,high_order,CovtFD,1,0.78,150000,44321,33382
C,high_order,CovtFD,1,0.7825,150000,43875,33082
C,high_order,CovtFD,1,0.785,150000,43371,32745
C,high_order,CovtFD,1,0.7875,150000,42846,32381
C,high_order,CovtFD,1,0.79,150000,42294,32011
C,high_order,CovtFD,1,0.7925,150000,41757,31652
C,high_order,CovtFD,1,0.795,150000,41182,31261
C,high_order,CovtFD,1,0.7975,150000,40656,30886
C,high_order,CovtFD,1,0.8,150000,40165,30538
C,high_order,CovtFD,1,0.8025,150000,39649,30172
C,high_order,CovtFD,1,0.805,150000,39122,29797
C,high_order,CovtFD,1,0.8075,150000,38629,29441
C,high_order,CovtFD,1,0.81,150000,38148,29105
C,high_order,CovtFD,1,0.8125,150000,37635,28724
C,high_order,CovtFD,1,0.815,150000,37110,28344
C,high_order,CovtFD,1,0.8175,150000,36629,28015
C,high_order,CovtFD,1,0.82,150000,36131,27659
C,high_order,CovtFD,1,0.8225,150000,35661,27318
C,high_order,CovtFD,1,0.825,150000,35160,26952
C,high_order,CovtFD,1,0.8275,150000,34658,26587
C,high_order,CovtFD,1,0.83,150000,34177,26252
C,high_order,CovtFD,1,0.8325,150000,33707,25923
C,high_order,CovtFD,1,0.835,150000,33212,25556
C,high_order,CovtFD,1,0.8375,150000,32737,25203
C,high_order,CovtFD,1,0.84,150000,32277,24880
C,high_order,CovtFD,1,0.8425,150000,31825,24551
C,high_order,CovtFD,1,0.845,150000,31339,24194
C,high_order,CovtFD,1,0.8475,150000,30856,23840
C,high_order,CovtFD,1,0.85,150000,30371,23490
C,high_order,CovtFD,1,0.8525,150000,29877,23139
C,high_order,CovtFD,1,0.855,150000,29320,22722
C,high_order,CovtFD,1,0.8575,150000,28753,22291
C,high_order,CovtFD,1,0.86,150000,28077,21793
C,high_order,CovtFD,1,0.8625,150000,27266,21189
C,high_order,CovtFD,1,0.865,150000,26199,20401
C,high_order,CovtFD,1,0.8675,150000,24798,19370
C,high_order,CovtFD,1,0.87,150000,23493,18402
C,high_order,CovtFD,1,0.8725,150000,22592,17722
C,high_order,CovtFD,1,0.875,150000,22044,17327
C,high_order,CovtFD,1,0.8775,150000,21643,17032
C,high_order,CovtFD,1,0.88,150000,21236,16746
C,high_order,CovtFD,1,0.8825,150000,20850,16456
C,high_order,CovtFD,1,0.885,150000,20511,16199
C,high_order,CovtFD,1,0.8875,150000,20154,15934
C,high_order,CovtFD,1,0.89,150000,19836,15682
C,high_order,CovtFD,1,0.8925,150000,19464,15415
C,high_order,CovtFD,1,0.895,150000,19114,15153
C,high_order,CovtFD,1,0.8975,150000,18773,14921
C,high_order,CovtFD,1,0.9,150000,18429,14653
C,high_order,CovtFD,1,0.9025,150000,18059,14376
C,high_order,CovtFD,1,0.905,150000,17709,14102
C,high_order,CovtFD,1,0.9075,150000,17382,13857
C,high_order,CovtFD,1,0.91,150000,17015,13597
C,high_order,CovtFD,1,0.9125,150000,16672,13357
C,high_order,CovtFD,1,0.915,150000,16342,13106
C,high_order,CovtFD,1,0.9175,150000,15936,12794
C,high_order,CovtFD,1,0.92,150000,15557,12497
C,high_order,CovtFD,1,0.9225,150000,15175,12209
C,high_order,CovtFD,1,0.925,150000,14826,11941
C,high_order,CovtFD,1,0.9275,150000,14412,11623
C,high_order,CovtFD,1,0.93,150000,13994,11283
C,high_order,CovtFD,1,0.9325,150000,13580,10950
C,high_order,CovtFD,1,0.935,150000,13107,10581
C,high_order,CovtFD,1,0.9375,150000,12636,10221
C,high_order,CovtFD,1,0.94,150000,12189,9869
C,high_order,CovtFD,1,0.9425,150000,11814,9574
C,high_order,CovtFD,1,0.945,150000,11485,9327
C,high_order,CovtFD,1,0.9475,150000,11164,9069
C,high_order,CovtFD,1,0.95,150000,10810,8799
C,high_order,CovtFD,1,0.9525,150000,10498,8561
C,high_order,CovtFD,1,0.955,150000,10171,8295
C,high_order,CovtFD,1,0.9575,150000,9846,8039
C,high_order,CovtFD,1,0.96,150000,9542,7792
C,high_order,CovtFD,1,0.9625,150000,9203,7519
C,high_order,CovtFD,1,0.965,150000,8892,7273
C,high_order,CovtFD,1,0.9675,150000,8601,7035
C,high_order,CovtFD,1,0.97,150000,8266,6770
C,high_order,CovtFD,1,0.9725,150000,7946,6510
C,high_order,CovtFD,1,0.975,150000,7604,6240
C,high_order,CovtFD,1,0.9775,150000,7202,5912
C,high_order,CovtFD,1,0.98,150000,6838,5614
C,high_order,CovtFD,1,0.9825,150000,6494,5339
C,high_order,CovtFD,1,0.985,150000,6198,5108
C,high_order,CovtFD,1,0.9875,150000,5912,4877
C,high_order,CovtFD,1,0.99,150000,5554,4590
C,high_order,CovtFD,1,0.9925,150000,5215,4322
C,high_order,CovtFD,1,0.995,150000,4825,4010
C,high_order,CovtFD,1,0.9975,150000,4319,3613
C,high_order,CovtFD,1,1.0,150000,2433,2094
w,high_order,CovtFD,1,0.7,150000,90922,71869
w,high_order,CovtFD,1,0.7025,150000,90274,71426
w,high_order,CovtFD,1,0.705,150000,89641,71000
w,high_order,CovtFD,1,0.7075,150000,89013,70570
w,high_order,CovtFD,1,0.71,150000,88380,70136
w,high_order,CovtFD,1,0.7125,150000,87739,69717
w,high_order,CovtFD,1,0.715,150000,87113,69289
w,high_order,CovtFD,1,0.7175,150000,86469,68862
w,high_order,CovtFD,1,0.72,150000,85846,68453
w,high_order,CovtFD,1,0.7225,150000,85185,67999
w,high_order,CovtFD,1,0.725,150000,84538,67569
w,high_order,CovtFD,1,0.7275,150000,83786,67053
w,high_order,CovtFD,1,0.73,150000,83156,66628
w,high_order,CovtFD,1,0.7325,150000,82490,66168
w,high_order,CovtFD,1,0.735,150000,81810,65704
w,high_order,CovtFD,1,0.7375,150000,81157,65238
w,high_order,CovtFD,1,0.74,150000,80471,64756
w,high_order,CovtFD,1,0.7425,150000,79794,64288
w,high_order,CovtFD,1,0.745,150000,79127,63794
w,high_order,CovtFD,1,0.7475,150000,78486,63350
w,high_order,CovtFD,1,0.75,150000,77780,62846
w,high_order,CovtFD,1,0.7525,150000,77054,62353
w,high_order,CovtFD,1,0.755,150000,76366,61882
w,high_order,CovtFD,1,0.7575,150000,75670,61403
w,high_order,CovtFD,1,0.76,150000,74902,60861
w,high_order,CovtFD,1,0.7625,150000,74171,60359
w,high_order,CovtFD,1,0.765,150000,73463,59871
w,high_order,CovtFD,1,0.7675,150000,72802,59396
w,high_order,CovtFD,1,0.77,150000,72056,58852
w,high_order,CovtFD,1,0.7725,150000,71319,58329
w,high_order,CovtFD,1,0.775,150000,70601,57800
w,high_order,CovtFD,1,0.7775,150000,69832,57230
w,high_order,CovtFD,1,0.78,150000,69094,56710
w,high_order,CovtFD,1,0.7825,150000,68334,56149
w,high_order,CovtFD,1,0.785,150000,67620,55648
w,high_order,CovtFD,1,0.7875,150000,66855,55109
w,high_order,CovtFD,1,0.79,150000,66060,54540
w,high_order,CovtFD,1,0.7925,150000,65292,53974
w,high_order,CovtFD,1,0.795,150000,64499,53375
w,high_order,CovtFD,1,0.7975,150000,63693,52771
w,high_order,CovtFD,1,0.8,150000,62947,52197
w,high_order,CovtFD,1,0.8025,150000,62172,51621
w,high_order,CovtFD,1,0.805,150000,61377,51008
w,high_order,CovtFD,1,0.8075,150000,60569,50404
w,high_order,CovtFD,1,0.81,150000,59729,49775
w,high_order,CovtFD,1,0.8125,150000,58922,49151
w,high_order,CovtFD,1,0.815,150000,58072,48495
w,high_order,CovtFD,1,0.8175,150000,57264,47862
w,high_order,CovtFD,1,0.82,150000,56498,47298
w,high_order,CovtFD,1,0.8225,150000,55659,46652
w,high_order,CovtFD,1,0.825,150000,54831,46013
w,high_order,CovtFD,1,0.8275,150000,53997,45382
w,high_order,CovtFD,1,0.83,150000,53157,44727
w,high_order,CovtFD,1,0.8325,150000,52302,44055
w,high_order,CovtFD,1,0.835,150000,51415,43357
w,high_order,CovtFD,1,0.8375,150000,50570,42697
w,high_order,CovtFD,1,0.84,150000,49730,42050
w,high_order,CovtFD,1,0.8425,150000,48821,41321
w,high_order,CovtFD,1,0.845,150000,47902,40573
w,high_order,CovtFD,1,0.8475,150000,46975,39860
w,high_order,CovtFD,1,0.85,150000,46075,39130
w,high_order,CovtFD,1,0.8525,150000,45230,38458
w,high_order,CovtFD,1,0.855,150000,44353,37772
w,high_order,CovtFD,1,0.8575,150000,43495,37087
w,high_order,CovtFD,1,0.86,150000,42571,36336
w,high_order,CovtFD,1,0.8625,150000,41655,35599
w,high_order,CovtFD,1,0.865,150000,40707,34828
w,high_order,CovtFD,1,0.8675,150000,39806,34096
w,high_order,CovtFD,1,0.87,150000,38876,33339
w,high_order,CovtFD,1,0.8725,150000,37927,32548
w,high_order,CovtFD,1,0.875,150000,36992,31767
w,high_order,CovtFD,1,0.8775,150000,36149,31065
w,high_order,CovtFD,1,0.88,150000,35224,30304
w,high_order,CovtFD,1,0.8825,150000,34229,29486
w,high_order,CovtFD,1,0.885,150000,33317,28752
w,high_order,CovtFD,1,0.8875,150000,32442,28023
w,high_order,CovtFD,1,0.89,150000,31579,27312
w,high_order,CovtFD,1,0.8925,150000,30681,26539
w,high_order,CovtFD,1,0.895,150000,29737,25757
w,high_order,CovtFD,1,0.8975,150000,28890,25051
w,high_order,CovtFD,1,0.9,150000,27946,24285
w,high_order,CovtFD,1,0.9025,150000,27078,23556
w,high_order,CovtFD,1,0.905,150000,26161,22778
w,high_order,CovtFD,1,0.9075,150000,25233,21973
w,high_order,CovtFD,1,0.91,150000,24386,21253
w,high_order,CovtFD,1,0.9125,150000,23511,20521
w,high_order,CovtFD,1,0.915,150000,22656,19817
w,high_order,CovtFD,1,0.9175,150000,21766,19086
w,high_order,CovtFD,1,0.92,150000,20912,18355
w,high_order,CovtFD,1,0.9225,150000,20071,17624
w,high_order,CovtFD,1,0.925,150000,19223,16895
w,high_order,CovtFD,1,0.9275,150000,18466,16248
w,high_order,CovtFD,1,0.93,150000,17692,15589
w,high_order,CovtFD,1,0.9325,150000,16914,14929
w,high_order,CovtFD,1,0.935,150000,16173,14293
w,high_order,CovtFD,1,0.9375,150000,15420,13650
w,high_order,CovtFD,1,0.94,150000,14710,13043
w,high_order,CovtFD,1,0.9425,150000,13991,12418
w,high_order,CovtFD,1,0.945,150000,13333,11842
w,high_order,CovtFD,1,0.9475,150000,12611,11228
w,high_order,CovtFD,1,0.95,150000,11919,10643
w,high_order,CovtFD,1,0.9525,150000,11306,10107
w,high_order,CovtFD,1,0.955,150000,10708,9562
w,high_order,CovtFD,1,0.9575,150000,10120,9067
w,high_order,CovtFD,1,0.96,150000,9519,8539
w,high_order,CovtFD,1,0.9625,150000,8940,8024
w,high_order,CovtFD,1,0.965,150000,8368,7508
w,high_order,CovtFD,1,0.9675,150000,7759,6970
w,high_order,CovtFD,1,0.97,150000,7191,6476
w,high_order,CovtFD,1,0.9725,150000,6617,5976
w,high_order,CovtFD,1,0.975,150000,6041,5469
w,high_order,CovtFD,1,0.9775,150000,5479,4966
w,high_order,CovtFD,1,0.98,150000,4929,4470
w,high_order,CovtFD,1,0.9825,150000,4387,3992
w,high_order,CovtFD,1,0.985,150000,3861,3517
w,high_order,CovtFD,1,0.9875,150000,3307,3025
w,high_order,CovtFD,1,0.99,150000,2699,2482
w,high_order,CovtFD,1,0.9925,150000,2094,1943
w,high_order,CovtFD,1,0.995,150000,1427,1348
w,high_order,CovtFD,1,0.9975,150000,713,682
w,high_order,CovtFD,1,1.0,150000,33,32
A_hat,binary_relevance_probe,CovtFD,1,0.7,600000,220633,143282
A_hat,binary_relevance_probe,CovtFD,1,0.7025,600000,218117,141599
A_hat,binary_relevance_probe,CovtFD,1,0.705,600000,215495,139849
A_hat,binary_relevance_probe,CovtFD,1,0.7075,600000,212992,138167
A_hat,binary_relevance_probe,CovtFD,1,0.71,600000,211033,136793
A_hat,binary_relevance_probe,CovtFD,1,0.7125,600000,209029,135411
A_hat,binary_relevance_probe,CovtFD,1,0.715,600000,206712,133879
A_hat,binary_relevance_probe,CovtFD,1,0.7175,600000,204076,132073
A_hat,binary_relevance_probe,CovtFD,1,0.72,600000,201056,130058
A_hat,binary_relevance_probe,CovtFD,1,0.7225,600000,197819,127881
A_hat,binary_relevance_probe,CovtFD,1,0.725,600000,195067,126171
A_hat,binary_relevance_probe,CovtFD,1,0.7275,600000,192955,124832
A_hat,binary_relevance_probe,CovtFD,1,0.73,600000,191405,123889
A_hat,binary_relevance_probe,CovtFD,1,0.7325,600000,189748,122875
A_hat,binary_relevance_probe,CovtFD,1,0.735,600000,188381,122078
A_hat,binary_relevance_probe,CovtFD,1,0.7375,600000,186949,121285
A_hat,binary_relevance_probe,CovtFD,1,0.74,600000,185542,120432
A_hat,binary_relevance_probe,CovtFD,1,0.7425,600000,183439,119026
A_hat,binary_relevance_probe,CovtFD,1,0.745,600000,181204,117586
A_hat,binary_relevance_probe,CovtFD,1,0.7475,600000,179869,116754
A_hat,binary_relevance_probe,CovtFD,1,0.75,600000,178973,116195
A_hat,binary_relevance_probe,CovtFD,1,0.7525,600000,177743,115420
A_hat,binary_relevance_probe,CovtFD,1,0.755,600000,176452,114581
A_hat,binary_relevance_probe,CovtFD,1,0.7575,600000,174996,113627
A_hat,binary_relevance_probe,CovtFD,1,0.76,600000,173152,112409
A_hat,binary_relevance_probe,CovtFD,1,0.7625,600000,171555,111410
A_hat,binary_relevance_probe,CovtFD,1,0.765,600000,170285,110687
A_hat,binary_relevance_probe,CovtFD,1,0.7675,600000,169280,110132
A_hat,binary_relevance_probe,CovtFD,1,0.77,600000,167787,109223
A_hat,binary_relevance_probe,CovtFD,1,0.7725,600000,165752,107904
A_hat,binary_relevance_probe,CovtFD,1,0.775,600000,164175,106925
A_hat,binary_relevance_probe,CovtFD,1,0.7775,600000,162647,105926
A_hat,binary_relevance_probe,CovtFD,1,0.78,600000,160140,104203
A_hat,binary_relevance_probe,CovtFD,1,0.7825,600000,157772,102540
A_hat,binary_relevance_probe,CovtFD,1,0.785,600000,155900,101316
A_hat,binary_relevance_probe,CovtFD,1,0.7875,600000,153701,99941
A_hat,binary_relevance_probe,CovtFD,1,0.79,600000,152171,98931
A_hat,binary_relevance_probe,CovtFD,1,0.7925,600000,150863,98103
A_hat,binary_relevance_probe,CovtFD,1,0.795,600000,149092,97003
A_hat,binary_relevance_probe,CovtFD,1,0.7975,600000,147241,95750
A_hat,binary_relevance_probe,CovtFD,1,0.8,600000,145800,94751
A_hat,binary_relevance_probe,CovtFD,1,0.8025,600000,144603,94000
A_hat,binary_relevance_probe,CovtFD,1,0.805,600000,143044,92980
A_hat,binary_relevance_probe,CovtFD,1,0.8075,600000,141412,91885
A_hat,binary_relevance_probe,CovtFD,1,0.81,600000,139998,90976
A_hat,binary_relevance_probe,CovtFD,1,0.8125,600000,138474,90002
A_hat,binary_relevance_probe,CovtFD,1,0.815,600000,136799,88883
A_hat,binary_relevance_probe,CovtFD,1,0.8175,600000,135092,87794
A_hat,binary_relevance_probe,CovtFD,1,0.82,600000,133527,86776
A_hat,binary_relevance_probe,CovtFD,1,0.8225,600000,132343,85933
A_hat,binary_relevance_probe,CovtFD,1,0.825,600000,131245,85178
A_hat,binary_relevance_probe,CovtFD,1,0.8275,600000,130278,84531
A_hat,binary_relevance_probe,CovtFD,1,0.83,600000,129322,83923
A_hat,binary_relevance_probe,CovtFD,1,0.8325,600000,128262,83187
A_hat,binary_relevance_probe,CovtFD,1,0.835,600000,127196,82459
A_hat,binary_relevance_probe,CovtFD,1,0.8375,600000,126367,81921
A_hat,binary_relevance_probe,CovtFD,1,0.84,600000,125770,81550
A_hat,binary_relevance_probe,CovtFD,1,0.8425,600000,125129,81147
A_hat,binary_relevance_probe,CovtFD,1,0.845,600000,124501,80732
A_hat,binary_relevance_probe,CovtFD,1,0.8475,600000,123847,80294
A_hat,binary_relevance_probe,CovtFD,1,0.85,600000,123009,79727
A_hat,binary_relevance_probe,CovtFD,1,0.8525,600000,122405,79370
A_hat,binary_relevance_probe,CovtFD,1,0.855,600000,121733,78931
A_hat,binary_relevance_probe,CovtFD,1,0.8575,600000,121106,78507
A_hat,binary_relevance_probe,CovtFD,1,0.86,600000,120692,78259
A_hat,binary_relevance_probe,CovtFD,1,0.8625,600000,120258,78007
A_hat,binary_relevance_probe,CovtFD,1,0.865,600000,119769,77715
A_hat,binary_relevance_probe,CovtFD,1,0.8675,600000,119286,77437
A_hat,binary_relevance_probe,CovtFD,1,0.87,600000,118823,77167
A_hat,binary_relevance_probe,CovtFD,1,0.8725,600000,118317,76862
A_hat,binary_relevance_probe,CovtFD,1,0.875,600000,117767,76504
A_hat,binary_relevance_probe,CovtFD,1,0.8775,600000,117124,76077
A_hat,binary_relevance_probe,CovtFD,1,0.88,600000,116482,75639
A_hat,binary_relevance_probe,CovtFD,1,0.8825,600000,115813,75168
A_hat,binary_relevance_probe,CovtFD,1,0.885,600000,115191,74736
A_hat,binary_relevance_probe,CovtFD,1,0.8875,600000,114628,74348
A_hat,binary_relevance_probe,CovtFD,1,0.89,600000,113945,73889
A_hat,binary_relevance_probe,CovtFD,1,0.8925,600000,113075,73297
A_hat,binary_relevance_probe,CovtFD,1,0.895,600000,111672,72290
A_hat,binary_relevance_probe,CovtFD,1,0.8975,600000,110520,71509
A_hat,binary_relevance_probe,CovtFD,1,0.9,600000,109917,71130
A_hat,binary_relevance_probe,CovtFD,1,0.9025,600000,109508,70886
A_hat,binary_relevance_probe,CovtFD,1,0.905,600000,109098,70654
A_hat,binary_relevance_probe,CovtFD,1,0.9075,600000,108627,70401
A_hat,binary_relevance_probe,CovtFD,1,0.91,600000,108131,70093
A_hat,binary_relevance_probe,CovtFD,1,0.9125,600000,107622,69791
A_hat,binary_relevance_probe,CovtFD,1,0.915,600000,107124,69483
A_hat,binary_relevance_probe,CovtFD,1,0.9175,600000,106650,69200
A_hat,binary_relevance_probe,CovtFD,1,0.92,600000,106186,68936
A_hat,binary_relevance_probe,CovtFD,1,0.9225,600000,105769,68699
A_hat,binary_relevance_probe,CovtFD,1,0.925,600000,105260,68408
A_hat,binary_relevance_probe,CovtFD,1,0.9275,600000,104766,68142
A_hat,binary_relevance_probe,CovtFD,1,0.93,600000,104205,67825
A_hat,binary_relevance_probe,CovtFD,1,0.9325,600000,103624,67488
A_hat,binary_relevance_probe,CovtFD,1,0.935,600000,103077,67155
A_hat,binary_relevance_probe,CovtFD,1,0.9375,600000,102508,66805
A_hat,binary_relevance_probe,CovtFD,1,0.94,600000,101927,66465
A_hat,binary_relevance_probe,CovtFD,1,0.9425,600000,101322,66119
A_hat,binary_relevance_probe,CovtFD,1,0.945,600000,100705,65766
A_hat,binary_relevance_probe,CovtFD,1,0.9475,600000,100064,65382
A_hat,binary_relevance_probe,CovtFD,1,0.95,600000,99422,65005
A_hat,binary_relevance_probe,CovtFD,1,0.9525,600000,98736,64618
A_hat,binary_relevance_probe,CovtFD,1,0.955,600000,97992,64161
A_hat,binary_relevance_probe,CovtFD,1,0.9575,600000,97213,63690
A_hat,binary_relevance_probe,CovtFD,1,0.96,600000,96517,63271
A_hat,binary_relevance_probe,CovtFD,1,0.9625,600000,95684,62801
A_hat,binary_relevance_probe,CovtFD,1,0.965,600000,94758,62250
A_hat,binary_relevance_probe,CovtFD,1,0.9675,600000,93801,61684
A_hat,binary_relevance_probe,CovtFD,1,0.97,600000,92803,61111
A_hat,binary_relevance_probe,CovtFD,1,0.9725,600000,91711,60435
A_hat,binary_relevance_probe,CovtFD,1,0.975,600000,90379,59586
A_hat,binary_relevance_probe,CovtFD,1,0.9775,600000,89125,58796
A_hat,binary_relevance_probe,CovtFD,1,0.98,600000,87647,57901
A_hat,binary_relevance_probe,CovtFD,1,0.9825,600000,86068,56946
A_hat,binary_relevance_probe,CovtFD,1,0.985,600000,84326,55915
A_hat,binary_relevance_probe,CovtFD,1,0.9875,600000,82280,54629
A_hat,binary_relevance_probe,CovtFD,1,0.99,600000,79977,53212
A_hat,binary_relevance_probe,CovtFD,1,0.9925,600000,77156,51414
A_hat,binary_relevance_probe,CovtFD,1,0.995,600000,73156,48832
A_hat,binary_relevance_probe,CovtFD,1,0.9975,600000,67101,44923
A_hat,binary_relevance_probe,CovtFD,1,1.0,600000,23133,14316
M,high_order,Electricity,1,0.7,150000,92971,68354
M,high_order,Electricity,1,0.7025,150000,92516,68039
M,high_order,Electricity,1,0.705,150000,92102,67768
M,high_order,Electricity,1,0.7075,150000,91790,67555
M,high_order,Electricity,1,0.71,150000,91532,67345
M,high_order,Electricity,1,0.7125,150000,91251,67125
M,high_order,Electricity,1,0.715,150000,90886,66846
M,high_order,Electricity,1,0.7175,150000,90531,66598
M,high_order,Electricity,1,0.72,150000,90047,66281
M,high_order,Electricity,1,0.7225,150000,89587,65942
M,high_order,Electricity,1,0.725,150000,89171,65655
M,high_order,Electricity,1,0.7275,150000,88836,65398
M,high_order,Electricity,1,0.73,150000,88496,65158
M,high_order,Electricity,1,0.7325,150000,88052,64837
M,high_order,Electricity,1,0.735,150000,87619,64538
M,high_order,Electricity,1,0.7375,150000,87189,64232
M,high_order,Electricity,1,0.74,150000,86736,63906
M,high_order,Electricity,1,0.7425,150000,86281,63576
M,high_order,Electricity,1,0.745,150000,85671,63173
M,high_order,Electricity,1,0.7475,150000,85289,62904
M,high_order,Electricity,1,0.75,150000,84812,62573
M,high_order,Electricity,1,0.7525,150000,84307,62237
M,high_order,Electricity,1,0.755,150000,83777,61823
M,high_order,Electricity,1,0.7575,150000,83354,61515
M,high_order,Electricity,1,0.76,150000,82974,61225
M,high_order,Electricity,1,0.7625,150000,82489,60858
M,high_order,Electricity,1,0.765,150000,82156,60665
M,high_order,Electricity,1,0.7675,150000,81695,60361
M,high_order,Electricity,1,0.77,150000,81378,60175
M,high_order,Electricity,1,0.7725,150000,80951,59881
M,high_order,Electricity,1,0.775,150000,80302,59405
M,high_order,Electricity,1,0.7775,150000,79615,58884
M,high_order,Electricity,1,0.78,150000,78994,58442
M,high_order,Electricity,1,0.7825,150000,78265,57913
M,high_order,Electricity,1,0.785,150000,77713,57538
M,high_order,Electricity,1,0.7875,150000,77159,57132
M,high_order,Electricity,1,0.79,150000,76760,56869
M,high_order,Electricity,1,0.7925,150000,76323,56595
M,high_order,Electricity,1,0.795,150000,75942,56344
M,high_order,Electricity,1,0.7975,150000,75575,56103
M,high_order,Electricity,1,0.8,150000,74968,55738
M,high_order,Electricity,1,0.8025,150000,74666,55574
M,high_order,Electricity,1,0.805,150000,74089,55191
M,high_order,Electricity,1,0.8075,150000,73439,54760
M,high_order,Electricity,1,0.81,150000,72823,54298
M,high_order,Electricity,1,0.8125,150000,72266,53888
M,high_order,Electricity,1,0.815,150000,71768,53583
M,high_order,Electricity,1,0.8175,150000,71285,53271
M,high_order,Electricity,1,0.82,150000,70808,52940
M,high_order,Electricity,1,0.8225,150000,70290,52638
M,high_order,Electricity,1,0.825,150000,69865,52394
M,high_order,Electricity,1,0.8275,150000,69395,52089
M,high_order,Electricity,1,0.83,150000,68989,51849
M,high_order,Electricity,1,0.8325,150000,68522,51560
M,high_order,Electricity,1,0.835,150000,68158,51318
M,high_order,Electricity,1,0.8375,150000,67762,51042
M,high_order,Electricity,1,0.84,150000,67371,50762
M,high_order,Electricity,1,0.8425,150000,66999,50514
M,high_order,Electricity,1,0.845,150000,66531,50167
M,high_order,Electricity,1,0.8475,150000,66226,49944
M,high_order,Electricity,1,0.85,150000,65795,49672
M,high_order,Electricity,1,0.8525,150000,65387,49412
M,high_order,Electricity,1,0.855,150000,64888,49090
M,high_order,Electricity,1,0.8575,150000,64459,48801
M,high_order,Electricity,1,0.86,150000,64038,48528
M,high_order,Electricity,1,0.8625,150000,63639,48244
M,high_order,Electricity,1,0.865,150000,63158,47910
M,high_order,Electricity,1,0.8675,150000,62623,47545
M,high_order,Electricity,1,0.87,150000,62221,47269
M,high_order,Electricity,1,0.8725,150000,61756,46970
M,high_order,Electricity,1,0.875,150000,61186,46614
M,high_order,Electricity,1,0.8775,150000,60724,46295
M,high_order,Electricity,1,0.88,150000,60248,45971
M,high_order,Electricity,1,0.8825,150000,59664,45551
M,high_order,Electricity,1,0.885,150000,59268,45292
M,high_order,Electricity,1,0.8875,150000,58807,44987
M,high_order,Electricity,1,0.89,150000,58434,44764
M,high_order,Electricity,1,0.8925,150000,58039,44519
M,high_order,Electricity,1,0.895,150000,57599,44234
M,high_order,Electricity,1,0.8975,150000,57131,43930
M,high_order,Electricity,1,0.9,150000,56681,43597
M,high_order,Electricity,1,0.9025,150000,56085,43178
M,high_order,Electricity,1,0.905,150000,55444,42722
M,high_order,Electricity,1,0.9075,150000,54862,42306
M,high_order,Electricity,1,0.91,150000,54346,41951
M,high_order,Electricity,1,0.9125,150000,53710,41521
M,high_order,Electricity,1,0.915,150000,53363,41287
M,high_order,Electricity,1,0.9175,150000,52848,40924
M,high_order,Electricity,1,0.92,150000,52341,40565
M,high_order,Electricity,1,0.9225,150000,51846,40199
M,high_order,Electricity,1,0.925,150000,51385,39894
M,high_order,Electricity,1,0.9275,150000,50974,39621
M,high_order,Electricity,1,0.93,150000,50586,39350
M,high_order,Electricity,1,0.9325,150000,50127,39025
M,high_order,Electricity,1,0.935,150000,49506,38576
M,high_order,Electricity,1,0.9375,150000,48865,38069
M,high_order,Electricity,1,0.94,150000,48410,37713
M,high_order,Electricity,1,0.9425,150000,47983,37392
M,high_order,Electricity,1,0.945,150000,47458,37000
M,high_order,Electricity,1,0.9475,150000,46964,36617
M,high_order,Electricity,1,0.95,150000,46380,36178
M,high_order,Electricity,1,0.9525,150000,45769,35746
M,high_order,Electricity,1,0.955,150000,45324,35453
M,high_order,Electricity,1,0.9575,150000,44823,35085
M,high_order,Electricity,1,0.96,150000,44167,34610
M,high_order,Electricity,1,0.9625,150000,43637,34259
M,high_order,Electricity,1,0.965,150000,43036,33794
M,high_order,Electricity,1,0.9675,150000,42282,33258
M,high_order,Electricity,1,0.97,150000,41809,32905
M,high_order,Electricity,1,0.9725,150000,41209,32477
M,high_order,Electricity,1,0.975,150000,40386,31851
M,high_order,Electricity,1,0.9775,150000,39832,31440
M,high_order,Electricity,1,0.98,150000,39179,30915
M,high_order,Electricity,1,0.9825,150000,38064,30000
M,high_order,Electricity,1,0.985,150000,36843,28954
M,high_order,Electricity,1,0.9875,150000,36044,28286
M,high_order,Electricity,1,0.99,150000,34968,27409
M,high_order,Electricity,1,0.9925,150000,33408,26114
M,high_order,Electricity,1,0.995,150000,31993,24951
M,high_order,Electricity,1,0.9975,150000,30667,23870
M,high_order,Electricity,1,1.0,150000,27112,21590
c,high_order,Electricity,1,0.7,150000,117733,92633
c,high_order,Electricity,1,0.7025,150000,117733,92633
c,high_order,Electricity,1,0.705,150000,117733,92633
c,high_order,Electricity,1,0.7075,150000,117733,92633
c,high_order,Electricity,1,0.71,150000,117733,92633
c,high_order,Electricity,1,0.7125,150000,117733,92633
c,high_order,Electricity,1,0.715,150000,117733,92633
c,high_order,Electricity,1,0.7175,150000,117733,92633
c,high_order,Electricity,1,0.72,150000,117733,92633
c,high_order,Electricity,1,0.7225,150000,117733,92633
c,high_order,Electricity,1,0.725,150000,111008,88341
c,high_order,Electricity,1,0.7275,150000,111008,88341
c,high_order,Electricity,1,0.73,150000,111008,88341
c,high_order,Electricity,1,0.7325,150000,111008,88341
c,high_order,Electricity,1,0.735,150000,111008,88341
c,high_order,Electricity,1,0.7375,150000,111008,88341
c,high_order,Electricity,1,0.74,150000,111008,88341
c,high_order,Electricity,1,0.7425,150000,111008,88341
c,high_order,Electricity,1,0.745,150000,111008,88341
c,high_order,Electricity,1,0.7475,150000,111008,88341
c,high_order,Electricity,1,0.75,150000,111008,88341
c,high_order,Electricity,1,0.7525,150000,111008,88341
c,high_order,Electricity,1,0.755,150000,111008,88341
c,high_order,Electricity,1,0.7575,150000,111008,88341
c,high_order,Electricity,1,0.76,150000,103078,82954
c,high_order,Electricity,1,0.7625,150000,103078,82954
c,high_order,Electricity,1,0.765,150000,103078,82954
c,high_order,Electricity,1,0.7675,150000,103078,82954
c,high_order,Electricity,1,0.77,150000,103078,82954
c,high_order,Electricity,1,0.7725,150000,103078,82954
c,high_order,Electricity,1,0.775,150000,103078,82954
c,high_order,Electricity,1,0.7775,150000,103078,82954
c,high_order,Electricity,1,0.78,150000,103078,82954
c,high_order,Electricity,1,0.7825,150000,103078,82954
c,high_order,Electricity,1,0.785,150000,103078,82954
c,high_order,Electricity,1,0.7875,150000,103078,82954
c,high_order,Electricity,1,0.79,150000,103078,82954
c,high_order,Electricity,1,0.7925,150000,103078,82954
c,high_order,Electricity,1,0.795,150000,93321,76303
c,high_order,Electricity,1,0.7975,150000,93321,76303
c,high_order,Electricity,1,0.8,150000,93321,76303
c,high_order,Electricity,1,0.8025,150000,93321,76303
c,high_order,Electricity,1,0.805,150000,93321,76303
c,high_order,Electricity,1,0.8075,150000,93321,76303
c,high_order,Electricity,1,0.81,150000,93321,76303
c,high_order,Electricity,1,0.8125,150000,93321,76303
c,high_order,Electricity,1,0.815,150000,93321,76303
c,high_order,Electricity,1,0.8175,150000,93321,76303
c,high_order,Electricity,1,0.82,150000,93321,76303
c,high_order,Electricity,1,0.8225,150000,93321,76303
c,high_order,Electricity,1,0.825,150000,93321,76303
c,high_order,Electricity,1,0.8275,150000,93321,76303
c,high_order,Electricity,1,0.83,150000,81523,67525
c,high_order,Electricity,1,0.8325,150000,81523,67525
c,high_order,Electricity,1,0.835,150000,81523,67525
c,high_order,Electricity,1,0.8375,150000,81523,67525
c,high_order,Electricity,1,0.84,150000,81523,67525
c,high_order,Electricity,1,0.8425,150000,81523,67525
c,high_order,Electricity,1,0.845,150000,81523,67525
c,high_order,Electricity,1,0.8475,150000,81523,67525
c,high_order,Electricity,1,0.85,150000,81523,67525
c,high_order,Electricity,1,0.8525,150000,81523,67525
c,high_order,Electricity,1,0.855,150000,81523,67525
c,high_order,Electricity,1,0.8575,150000,81523,67525
c,high_order,Electricity,1,0.86,150000,81523,67525
c,high_order,Electricity,1,0.8625,150000,67616,56646
c,high_order,Electricity,1,0.865,150000,67616,56646
c,high_order,Electricity,1,0.8675,150000,67616,56646
c,high_order,Electricity,1,0.87,150000,67616,56646
c,high_order,Electricity,1,0.8725,150000,67616,56646
c,high_order,Electricity,1,0.875,150000,67616,56646
c,high_order,Electricity,1,0.8775,150000,67616,56646
c,high_order,Electricity,1,0.88,150000,67616,56646
c,high_order,Electricity,1,0.8825,150000,67616,56646
c,high_order,Electricity,1,0.885,150000,67616,56646
c,high_order,Electricity,1,0.8875,150000,67616,56646
c,high_order,Electricity,1,0.89,150000,67616,56646
c,high_order,Electricity,1,0.8925,150000,67616,56646
c,high_order,Electricity,1,0.895,150000,67616,56646
c,high_order,Electricity,1,0.8975,150000,52342,44671
c,high_order,Electricity,1,0.9,150000,52342,44671
c,high_order,Electricity,1,0.9025,150000,52342,44671
c,high_order,Electricity,1,0.905,150000,52342,44671
c,high_order,Electricity,1,0.9075,150000,52342,44671
c,high_order,Electricity,1,0.91,150000,52342,44671
c,high_order,Electricity,1,0.9125,150000,52342,44671
c,high_order,Electricity,1,0.915,150000,52342,44671
c,high_order,Electricity,1,0.9175,150000,52342,44671
c,high_order,Electricity,1,0.92,150000,52342,44671
c,high_order,Electricity,1,0.9225,150000,52342,44671
c,high_order,Electricity,1,0.925,150000,52342,44671
c,high_order,Electricity,1,0.9275,150000,52342,44671
c,high_order,Electricity,1,0.93,150000,52342,44671
c,high_order,Electricity,1,0.9325,150000,34036,29455
c,high_order,Electricity,1,0.935,150000,34036,29455
c,high_order,Electricity,1,0.9375,150000,34036,29455
c,high_order,Electricity,1,0.94,150000,34036,29455
c,high_order,Electricity,1,0.9425,150000,34036,29455
c,high_order,Electricity,1,0.945,150000,34036,29455
c,high_order,Electricity,1,0.9475,150000,34036,29455
c,high_order,Electricity,1,0.95,150000,34036,29455
c,high_order,Electricity,1,0.9525,150000,34036,29455
c,high_order,Electricity,1,0.955,150000,34036,29455
c,high_order,Electricity,1,0.9575,150000,34036,29455
c,high_order,Electricity,1,0.96,150000,34036,29455
c,high_order,Electricity,1,0.9625,150000,34036,29455
c,high_order,Electricity,1,0.965,150000,34036,29455
c,high_order,Electricity,1,0.9675,150000,13702,12171
c,high_order,Electricity,1,0.97,150000,13702,12171
c,high_order,Electricity,1,0.9725,150000,13702,12171
c,high_order,Electricity,1,0.975,150000,13702,12171
c,high_order,Electricity,1,0.9775,150000,13702,12171
c,high_order,Electricity,1,0.98,150000,13702,12171
c,high_order,Electricity,1,0.9825,150000,13702,12171
c,high_order,Electricity,1,0.985,150000,13702,12171
c,high_order,Electricity,1,0.9875,150000,13702,12171
c,high_order,Electricity,1,0.99,150000,13702,12171
c,high_order,Electricity,1,0.9925,150000,13702,12171
c,high_order,Electricity,1,0.995,150000,13702,12171
c,high_order,Electricity,1,0.9975,150000,13702,12171
c,high_order,Electricity,1,1.0,150000,13702,12171
A_hat,high_order,Electricity,1,0.7,150000,76319,54384
A_hat,high_order,Electricity,1,0.7025,150000,75921,54122
A_hat,high_order,Electricity,1,0.705,150000,75463,53828
A_hat,high_order,Electricity,1,0.7075,150000,74978,53503
A_hat,high_order,Electricity,1,0.71,150000,74500,53181
A_hat,high_order,Electricity,1,0.7125,150000,73983,52850
A_hat,high_order,Electricity,1,0.715,150000,73528,52546
A_hat,high_order,Electricity,1,0.7175,150000,73006,52210
A_hat,high_order,Electricity,1,0.72,150000,72527,51858
A_hat,high_order,Electricity,1,0.7225,150000,72008,51513
A_hat,high_order,Electricity,1,0.725,150000,71486,51154
A_hat,high_order,Electricity,1,0.7275,150000,70953,50788
A_hat,high_order,Electricity,1,0.73,150000,70480,50496
A_hat,high_order,Electricity,1,0.7325,150000,69921,50142
A_hat,high_order,Electricity,1,0.735,150000,69390,49780
A_hat,high_order,Electricity,1,0.7375,150000,68886,49446
A_hat,high_order,Electricity,1,0.74,150000,68308,49075
A_hat,high_order,Electricity,1,0.7425,150000,67691,48654
A_hat,high_order,Electricity,1,0.745,150000,67114,48268
A_hat,high_order,Electricity,1,0.7475,150000,66462,47853
A_hat,high_order,Electricity,1,0.75,150000,65785,47382
A_hat,high_order,Electricity,1,0.7525,150000,65138,46959
A_hat,high_order,Electricity,1,0.755,150000,64422,46495
A_hat,high_order,Electricity,1,0.7575,150000,63741,46042
A_hat,high_order,Electricity,1,0.76,150000,62962,45521
A_hat,high_order,Electricity,1,0.7625,150000,62178,45007
A_hat,high_order,Electricity,1,0.765,150000,61442,44531
A_hat,high_order,Electricity,1,0.7675,150000,60698,44010
A_hat,high_order,Electricity,1,0.77,150000,60032,43563
A_hat,high_order,Electricity,1,0.7725,150000,59330,43125
A_hat,high_order,Electricity,1,0.775,150000,58540,42593
A_hat,high_order,Electricity,1,0.7775,150000,57821,42082
A_hat,high_order,Electricity,1,0.78,150000,57084,41603
A_hat,high_order,Electricity,1,0.7825,150000,56372,41102
A_hat,high_order,Electricity,1,0.785,150000,55651,40626
A_hat,high_order,Electricity,1,0.7875,150000,54939,40144
A_hat,high_order,Electricity,1,0.79,150000,54200,39667
A_hat,high_order,Electricity,1,0.7925,150000,53599,39253
A_hat,high_order,Electricity,1,0.795,150000,52992,38846
A_hat,high_order,Electricity,1,0.7975,150000,52363,38420
A_hat,high_order,Electricity,1,0.8,150000,51724,37979
A_hat,high_order,Electricity,1,0.8025,150000,51000,37446
A_hat,high_order,Electricity,1,0.805,150000,50261,36943
A_hat,high_order,Electricity,1,0.8075,150000,49571,36467
A_hat,high_order,Electricity,1,0.81,150000,48849,35963
A_hat,high_order,Electricity,1,0.8125,150000,48229,35539
A_hat,high_order,Electricity,1,0.815,150000,47536,35077
A_hat,high_order,Electricity,1,0.8175,150000,46938,34658
A_hat,high_order,Electricity,1,0.82,150000,46366,34248
A_hat,high_order,Electricity,1,0.8225,150000,45762,33823
A_hat,high_order,Electricity,1,0.825,150000,45156,33421
A_hat,high_order,Electricity,1,0.8275,150000,44564,33021
A_hat,high_order,Electricity,1,0.83,150000,43976,32603
A_hat,high_order,Electricity,1,0.8325,150000,43396,32190
A_hat,high_order,Electricity,1,0.835,150000,42849,31817
A_hat,high_order,Electricity,1,0.8375,150000,42339,31438
A_hat,high_order,Electricity,1,0.84,150000,41827,31080
A_hat,high_order,Electricity,1,0.8425,150000,41245,30672
A_hat,high_order,Electricity,1,0.845,150000,40681,30267
A_hat,high_order,Electricity,1,0.8475,150000,40147,29894
A_hat,high_order,Electricity,1,0.85,150000,39603,29527
A_hat,high_order,Electricity,1,0.8525,150000,39084,29156
A_hat,high_order,Electricity,1,0.855,150000,38549,28771
A_hat,high_order,Electricity,1,0.8575,150000,37992,28392
A_hat,high_order,Electricity,1,0.86,150000,37574,28099
A_hat,high_order,Electricity,1,0.8625,150000,37108,27771
A_hat,high_order,Electricity,1,0.865,150000,36671,27473
A_hat,high_order,Electricity,1,0.8675,150000,36203,27162
A_hat,high_order,Electricity,1,0.87,150000,35731,26826
A_hat,high_order,Electricity,1,0.8725,150000,35290,26513
A_hat,high_order,Electricity,1,0.875,150000,34901,26217
A_hat,high_order,Electricity,1,0.8775,150000,34415,25876
A_hat,high_order,Electricity,1,0.88,150000,34003,25554
A_hat,high_order,Electricity,1,0.8825,150000,33605,25261
A_hat,high_order,Electricity,1,0.885,150000,33231,24962
A_hat,high_order,Electricity,1,0.8875,150000,32887,24691
A_hat,high_order,Electricity,1,0.89,150000,32535,24425
A_hat,high_order,Electricity,1,0.8925,150000,32199,24162
A_hat,high_order,Electricity,1,0.895,150000,31820,23868
A_hat,high_order,Electricity,1,0.8975,150000,31448,23595
A_hat,high_order,Electricity,1,0.9,150000,31064,23317
A_hat,high_order,Electricity,1,0.9025,150000,30626,22978
A_hat,high_order,Electricity,1,0.905,150000,30247,22703
A_hat,high_order,Electricity,1,0.9075,150000,29949,22478
A_hat,high_order,Electricity,1,0.91,150000,29670,22265
A_hat,high_order,Electricity,1,0.9125,150000,29398,22071
A_hat,high_order,Electricity,1,0.915,150000,29135,21865
A_hat,high_order,Electricity,1,0.9175,150000,28866,21659
A_hat,high_order,Electricity,1,0.92,150000,28612,21469
A_hat,high_order,Electricity,1,0.9225,150000,28377,21287
A_hat,high_order,Electricity,1,0.925,150000,28124,21107
A_hat,high_order,Electricity,1,0.9275,150000,27910,20955
A_hat,high_order,Electricity,1,0.93,150000,27725,20815
A_hat,high_order,Electricity,1,0.9325,150000,27514,20651
A_hat,high_order,Electricity,1,0.935,150000,27296,20490
A_hat,high_order,Electricity,1,0.9375,150000,27105,20354
A_hat,high_order,Electricity,1,0.94,150000,26914,20219
A_hat,high_order,Electricity,1,0.9425,150000,26687,20053
A_hat,high_order,Electricity,1,0.945,150000,26427,19862
A_hat,high_order,Electricity,1,0.9475,150000,26102,19605
A_hat,high_order,Electricity,1,0.95,150000,25624,19232
A_hat,high_order,Electricity,1,0.9525,150000,25029,18788
A_hat,high_order,Electricity,1,0.955,150000,24753,18598
A_hat,high_order,Electricity,1,0.9575,150000,24566,18457
A_hat,high_order,Electricity,1,0.96,150000,24392,18326
A_hat,high_order,Electricity,1,0.9625,150000,24249,18223
A_hat,high_order,Electricity,1,0.965,150000,24117,18124
A_hat,high_order,Electricity,1,0.9675,150000,23993,18040
A_hat,high_order,Electricity,1,0.97,150000,23870,17952
A_hat,high_order,Electricity,1,0.9725,150000,23712,17837
A_hat,high_order,Electricity,1,0.975,150000,23568,17733
A_hat,high_order,Electricity,1,0.9775,150000,23422,17621
A_hat,high_order,Electricity,1,0.98,150000,23282,17514
A_hat,high_order,Electricity,1,0.9825,150000,23142,17410
A_hat,high_order,Electricity,1,0.985,150000,22975,17307
A_hat,high_order,Electricity,1,0.9875,150000,22801,17178
A_hat,high_order,Electricity,1,0.99,150000,22626,17047
A_hat,high_order,Electricity,1,0.9925,150000,22370,16858
A_hat,high_order,Electricity,1,0.995,150000,21987,16577
A_hat,high_order,Electricity,1,0.9975,150000,21432,16163
A_hat,high_order,Electricity,1,1.0,150000,20201,15231
C,high_order,Electricity,1,0.7,150000,73060,56197
C,high_order,Electricity,1,0.7025,150000,72510,55827
C,high_order,Electricity,1,0.705,150000,71952,55437
C,high_order,Electricity,1,0.7075,150000,71449,55097
C,high_order,Electricity,1,0.71,150000,70879,54693
C,high_order,Electricity,1,0.7125,150000,70330,54309
C,high_order,Electricity,1,0.715,150000,69826,53955
C,high_order,Electricity,1,0.7175,150000,69296,53581
C,high_order,Electricity,1,0.72,150000,68692,53146
C,high_order,Electricity,1,0.7225,150000,68095,52749
C,high_order,Electricity,1,0.725,150000,67545,52375
C,high_order,Electricity,1,0.7275,150000,66977,51981
C,high_order,Electricity,1,0.73,150000,66419,51584
C,high_order,Electricity,1,0.7325,150000,65783,51120
C,high_order,Electricity,1,0.735,150000,65130,50645
C,high_order,Electricity,1,0.7375,150000,64525,50216
C,high_order,Electricity,1,0.74,150000,63881,49744
C,high_order,Electricity,1,0.7425,150000,63235,49290
C,high_order,Electricity,1,0.745,150000,62636,48858
C,high_order,Electricity,1,0.7475,150000,62033,48406
C,high_order,Electricity,1,0.75,150000,61445,47981
C,high_order,Electricity,1,0.7525,150000,60780,47486
C,high_order,Electricity,1,0.755,150000,60132,47014
C,high_order,Electricity,1,0.7575,150000,59477,46521
C,high_order,Electricity,1,0.76,150000,58831,46029
C,high_order,Electricity,1,0.7625,150000,58219,45566
C,high_order,Electricity,1,0.765,150000,57577,45089
C,high_order,Electricity,1,0.7675,150000,57011,44696
C,high_order,Electricity,1,0.77,150000,56338,44203
C,high_order,Electricity,1,0.7725,150000,55712,43733
C,high_order,Electricity,1,0.775,150000,55068,43268
C,high_order,Electricity,1,0.7775,150000,54468,42849
C,high_order,Electricity,1,0.78,150000,53683,42264
C,high_order,Electricity,1,0.7825,150000,53035,41796
C,high_order,Electricity,1,0.785,150000,52384,41329
C,high_order,Electricity,1,0.7875,150000,51770,40872
C,high_order,Electricity,1,0.79,150000,51196,40485
C,high_order,Electricity,1,0.7925,150000,50602,40027
C,high_order,Electricity,1,0.795,150000,49998,39584
C,high_order,Electricity,1,0.7975,150000,49420,39176
C,high_order,Electricity,1,0.8,150000,48828,38744
C,high_order,Electricity,1,0.8025,150000,48270,38332
C,high_order,Electricity,1,0.805,150000,47651,37880
C,high_order,Electricity,1,0.8075,150000,47105,37486
C,high_order,Electricity,1,0.81,150000,46469,37010
C,high_order,Electricity,1,0.8125,150000,45858,36551
C,high_order,Electricity,1,0.815,150000,45320,36143
C,high_order,Electricity,1,0.8175,150000,44739,35721
C,high_order,Electricity,1,0.82,150000,44153,35273
C,high_order,Electricity,1,0.8225,150000,43543,34780
C,high_order,Electricity,1,0.825,150000,42926,34296
C,high_order,Electricity,1,0.8275,150000,42344,33843
C,high_order,Electricity,1,0.83,150000,41773,33405
C,high_order,Electricity,1,0.8325,150000,41216,32965
C,high_order,Electricity,1,0.835,150000,40637,32545
C,high_order,Electricity,1,0.8375,150000,40101,32113
C,high_order,Electricity,1,0.84,150000,39546,31676
C,high_order,Electricity,1,0.8425,150000,38916,31167
C,high_order,Electricity,1,0.845,150000,38274,30670
C,high_order,Electricity,1,0.8475,150000,37570,30129
C,high_order,Electricity,1,0.85,150000,36770,29505
C,high_order,Electricity,1,0.8525,150000,36017,28918
C,high_order,Electricity,1,0.855,150000,35333,28390
C,high_order,Electricity,1,0.8575,150000,34690,27881
C,high_order,Electricity,1,0.86,150000,34030,27364
C,high_order,Electricity,1,0.8625,150000,33354,26841
C,high_order,Electricity,1,0.865,150000,32624,26263
C,high_order,Electricity,1,0.8675,150000,31999,25776
C,high_order,Electricity,1,0.87,150000,31279,25216
C,high_order,Electricity,1,0.8725,150000,30597,24693
C,high_order,Electricity,1,0.875,150000,29870,24107
C,high_order,Electricity,1,0.8775,150000,29123,23526
C,high_order,Electricity,1,0.88,150000,28431,22992
C,high_order,Electricity,1,0.8825,150000,27746,22459
C,high_order,Electricity,1,0.885,150000,27097,21953
C,high_order,Electricity,1,0.8875,150000,26471,21468
C,high_order,Electricity,1,0.89,150000,25900,21019
C,high_order,Electricity,1,0.8925,150000,25282,20549
C,high_order,Electricity,1,0.895,150000,24673,20068
C,high_order,Electricity,1,0.8975,150000,24112,19626
C,high_order,Electricity,1,0.9,150000,23524,19193
C,high_order,Electricity,1,0.9025,150000,22902,18719
C,high_order,Electricity,1,0.905,150000,22272,18260
C,high_order,Electricity,1,0.9075,150000,21695,17815
C,high_order,Electricity,1,0.91,150000,21141,17378
C,high_order,Electricity,1,0.9125,150000,20659,16985
C,high_order,Electricity,1,0.915,150000,20000,16475
C,high_order,Electricity,1,0.9175,150000,19429,16043
C,high_order,Electricity,1,0.92,150000,18799,15540
C,high_order,Electricity,1,0.9225,150000,18221,15096
C,high_order,Electricity,1,0.925,150000,17696,14691
C,high_order,Electricity,1,0.9275,150000,16996,14115
C,high_order,Electricity,1,0.93,150000,16458,13691
C,high_order,Electricity,1,0.9325,150000,15927,13268
C,high_order,Electricity,1,0.935,150000,15438,12857
C,high_order,Electricity,1,0.9375,150000,14931,12443
C,high_order,Electricity,1,0.94,150000,14431,12033
C,high_order,Electricity,1,0.9425,150000,13878,11574
C,high_order,Electricity,1,0.945,150000,13365,11153
C,high_order,Electricity,1,0.9475,150000,12835,10719
C,high_order,Electricity,1,0.95,150000,12285,10284
C,high_order,Electricity,1,0.9525,150000,11737,9839
C,high_order,Electricity,1,0.955,150000,11318,9483
C,high_order,Electricity,1,0.9575,150000,10863,9124
C,high_order,Electricity,1,0.96,150000,10493,8815
C,high_order,Electricity,1,0.9625,150000,10139,8520
C,high_order,Electricity,1,0.965,150000,9783,8239
C,high_order,Electricity,1,0.9675,150000,9461,7980
C,high_order,Electricity,1,0.97,150000,9069,7656
C,high_order,Electricity,1,0.9725,150000,8695,7337
C,high_order,Electricity,1,0.975,150000,8247,6975
C,high_order,Electricity,1,0.9775,150000,7845,6651
C,high_order,Electricity,1,0.98,150000,7521,6384
C,high_order,Electricity,1,0.9825,150000,7102,6043
C,high_order,Electricity,1,0.985,150000,6730,5719
C,high_order,Electricity,1,0.9875,150000,6327,5387
C,high_order,Electricity,1,0.99,150000,5946,5055
C,high_order,Electricity,1,0.9925,150000,5431,4625
C,high_order,Electricity,1,0.995,150000,4830,4103
C,high_order,Electricity,1,0.9975,150000,3903,3298
C,high_order,Electricity,1,1.0,150000,2050,1720
w,high_order,Electricity,1,0.7,150000,111720,86482
w,high_order,Electricity,1,0.7025,150000,110944,85958
w,high_order,Electricity,1,0.705,150000,110126,85404
w,high_order,Electricity,1,0.7075,150000,109329,84872
w,high_order,Electricity,1,0.71,150000,108497,84332
w,high_order,Electricity,1,0.7125,150000,107685,83780
w,high_order,Electricity,1,0.715,150000,106875,83196
w,high_order,Electricity,1,0.7175,150000,106074,82633
w,high_order,Electricity,1,0.72,150000,105218,82021
w,high_order,Electricity,1,0.7225,150000,104342,81428
w,high_order,Electricity,1,0.725,150000,103433,80792
w,high_order,Electricity,1,0.7275,150000,102603,80177
w,high_order,Electricity,1,0.73,150000,101737,79575
w,high_order,Electricity,1,0.7325,150000,100891,78987
w,high_order,Electricity,1,0.735,150000,99984,78341
w,high_order,Electricity,1,0.7375,150000,99014,77660
w,high_order,Electricity,1,0.74,150000,98078,76983
w,high_order,Electricity,1,0.7425,150000,97156,76342
w,high_order,Electricity,1,0.745,150000,96207,75667
w,high_order,Electricity,1,0.7475,150000,95286,75013
w,high_order,Electricity,1,0.75,150000,94340,74354
w,high_order,Electricity,1,0.7525,150000,93411,73677
w,high_order,Electricity,1,0.755,150000,92494,73031
w,high_order,Electricity,1,0.7575,150000,91605,72404
w,high_order,Electricity,1,0.76,150000,90615,71701
w,high_order,Electricity,1,0.7625,150000,89571,70962
w,high_order,Electricity,1,0.765,150000,88611,70303
w,high_order,Electricity,1,0.7675,150000,87660,69618
w,high_order,Electricity,1,0.77,150000,86599,68866
w,high_order,Electricity,1,0.7725,150000,85591,68145
w,high_order,Electricity,1,0.775,150000,84581,67399
w,high_order,Electricity,1,0.7775,150000,83679,66735
w,high_order,Electricity,1,0.78,150000,82624,65972
w,high_order,Electricity,1,0.7825,150000,81559,65189
w,high_order,Electricity,1,0.785,150000,80531,64432
w,high_order,Electricity,1,0.7875,150000,79463,63632
w,high_order,Electricity,1,0.79,150000,78424,62857
w,high_order,Electricity,1,0.7925,150000,77400,62114
w,high_order,Electricity,1,0.795,150000,76362,61325
w,high_order,Electricity,1,0.7975,150000,75276,60523
w,high_order,Electricity,1,0.8,150000,74180,59659
w,high_order,Electricity,1,0.8025,150000,73125,58864
w,high_order,Electricity,1,0.805,150000,72094,58097
w,high_order,Electricity,1,0.8075,150000,70972,57255
w,high_order,Electricity,1,0.81,150000,69869,56421
w,high_order,Electricity,1,0.8125,150000,68776,55619
w,high_order,Electricity,1,0.815,150000,67637,54765
w,high_order,Electricity,1,0.8175,150000,66510,53910
w,high_order,Electricity,1,0.82,150000,65401,53073
w,high_order,Electricity,1,0.8225,150000,64172,52116
w,high_order,Electricity,1,0.825,150000,63040,51245
w,high_order,Electricity,1,0.8275,150000,61902,50365
w,high_order,Electricity,1,0.83,150000,60814,49524
w,high_order,Electricity,1,0.8325,150000,59672,48669
w,high_order,Electricity,1,0.835,150000,58497,47736
w,high_order,Electricity,1,0.8375,150000,57389,46853
w,high_order,Electricity,1,0.84,150000,56180,45921
w,high_order,Electricity,1,0.8425,150000,55042,45036
w,high_order,Electricity,1,0.845,150000,53773,44028
w,high_order,Electricity,1,0.8475,150000,52616,43160
w,high_order,Electricity,1,0.85,150000,51385,42196
w,high_order,Electricity,1,0.8525,150000,50296,41357
w,high_order,Electricity,1,0.855,150000,49095,40416
w,high_order,Electricity,1,0.8575,150000,47950,39530
w,high_order,Electricity,1,0.86,150000,46801,38623
w,high_order,Electricity,1,0.8625,150000,45660,37705
w,high_order,Electricity,1,0.865,150000,44459,36747
w,high_order,Electricity,1,0.8675,150000,43264,35788
w,high_order,Electricity,1,0.87,150000,42147,34919
w,high_order,Electricity,1,0.8725,150000,40981,33963
w,high_order,Electricity,1,0.875,150000,39839,33021
w,high_order,Electricity,1,0.8775,150000,38668,32089
w,high_order,Electricity,1,0.88,150000,37508,31156
w,high_order,Electricity,1,0.8825,150000,36405,30255
w,high_order,Electricity,1,0.885,150000,35267,29336
w,high_order,Electricity,1,0.8875,150000,34086,28398
w,high_order,Electricity,1,0.89,150000,32982,27522
w,high_order,Electricity,1,0.8925,150000,31839,26608
w,high_order,Electricity,1,0.895,150000,30684,25679
w,high_order,Electricity,1,0.8975,150000,29593,24780
w,high_order,Electricity,1,0.9,150000,28460,23864
w,high_order,Electricity,1,0.9025,150000,27384,22980
w,high_order,Electricity,1,0.905,150000,26291,22093
w,high_order,Electricity,1,0.9075,150000,25162,21176
w,high_order,Electricity,1,0.91,150000,24092,20291
w,high_order,Electricity,1,0.9125,150000,23058,19445
w,high_order,Electricity,1,0.915,150000,22015,18602
w,high_order,Electricity,1,0.9175,150000,20932,17700
w,high_order,Electricity,1,0.92,150000,20020,16933
w,high_order,Electricity,1,0.9225,150000,19036,16143
w,high_order,Electricity,1,0.925,150000,18106,15377
w,high_order,Electricity,1,0.9275,150000,17214,14643
w,high_order,Electricity,1,0.93,150000,16313,13881
w,high_order,Electricity,1,0.9325,150000,15453,13153
w,high_order,Electricity,1,0.935,150000,14585,12427
w,high_order,Electricity,1,0.9375,150000,13727,11738
w,high_order,Electricity,1,0.94,150000,12940,11072
w,high_order,Electricity,1,0.9425,150000,12145,10386
w,high_order,Electricity,1,0.945,150000,11421,9775
w,high_order,Electricity,1,0.9475,150000,10767,9216
w,high_order,Electricity,1,0.95,150000,10038,8600
w,high_order,Electricity,1,0.9525,150000,9331,8012
w,high_order,Electricity,1,0.955,150000,8724,7498
w,high_order,Electricity,1,0.9575,150000,8100,6974
w,high_order,Electricity,1,0.96,150000,7523,6468
w,high_order,Electricity,1,0.9625,150000,7031,6034
w,high_order,Electricity,1,0.965,150000,6491,5559
w,high_order,Electricity,1,0.9675,150000,5932,5054
w,high_order,Electricity,1,0.97,150000,5424,4621
w,high_order,Electricity,1,0.9725,150000,4955,4219
w,high_order,Electricity,1,0.975,150000,4484,3818
w,high_order,Electricity,1,0.9775,150000,3950,3375
w,high_order,Electricity,1,0.98,150000,3530,3002
w,high_order,Electricity,1,0.9825,150000,3150,2659
w,high_order,Electricity,1,0.985,150000,2798,2343
w,high_order,Electricity,1,0.9875,150000,2501,2081
w,high_order,Electricity,1,0.99,150000,2200,1819
w,high_order,Electricity,1,0.9925,150000,1920,1567
w,high_order,Electricity,1,0.995,150000,1659,1338
w,high_order,Electricity,1,0.9975,150000,1382,1110
w,high_order,Electricity,1,1.0,150000,478,389
A_hat,binary_relevance_probe,Electricity,1,0.7,600000,462768,313032
A_hat,binary_relevance_probe,Electricity,1,0.7025,600000,462537,312912
A_hat,binary_relevance_probe,Electricity,1,0.705,600000,462529,312910
A_hat,binary_relevance_probe,Electricity,1,0.7075,600000,462517,312905
A_hat,binary_relevance_probe,Electricity,1,0.71,600000,462508,312902
A_hat,binary_relevance_probe,Electricity,1,0.7125,600000,462502,312898
A_hat,binary_relevance_probe,Electricity,1,0.715,600000,462492,312892
A_hat,binary_relevance_probe,Electricity,1,0.7175,600000,462484,312889
A_hat,binary_relevance_probe,Electricity,1,0.72,600000,462476,312887
A_hat,binary_relevance_probe,Electricity,1,0.7225,600000,462469,312882
A_hat,binary_relevance_probe,Electricity,1,0.725,600000,462467,312881
A_hat,binary_relevance_probe,Electricity,1,0.7275,600000,462461,312877
A_hat,binary_relevance_probe,Electricity,1,0.73,600000,462458,312877
A_hat,binary_relevance_probe,Electricity,1,0.7325,600000,462349,312786
A_hat,binary_relevance_probe,Electricity,1,0.735,600000,462344,312784
A_hat,binary_relevance_probe,Electricity,1,0.7375,600000,462338,312782
A_hat,binary_relevance_probe,Electricity,1,0.74,600000,462333,312781
A_hat,binary_relevance_probe,Electricity,1,0.7425,600000,462327,312779
A_hat,binary_relevance_probe,Electricity,1,0.745,600000,462318,312777
A_hat,binary_relevance_probe,Electricity,1,0.7475,600000,462312,312774
A_hat,binary_relevance_probe,Electricity,1,0.75,600000,462302,312768
A_hat,binary_relevance_probe,Electricity,1,0.7525,600000,462295,312765
A_hat,binary_relevance_probe,Electricity,1,0.755,600000,462290,312763
A_hat,binary_relevance_probe,Electricity,1,0.7575,600000,462279,312756
A_hat,binary_relevance_probe,Electricity,1,0.76,600000,462274,312754
A_hat,binary_relevance_probe,Electricity,1,0.7625,600000,462264,312748
A_hat,binary_relevance_probe,Electricity,1,0.765,600000,462261,312745
A_hat,binary_relevance_probe,Electricity,1,0.7675,600000,462255,312742
A_hat,binary_relevance_probe,Electricity,1,0.77,600000,461777,312396
A_hat,binary_relevance_probe,Electricity,1,0.7725,600000,458872,310306
A_hat,binary_relevance_probe,Electricity,1,0.775,600000,456929,308955
A_hat,binary_relevance_probe,Electricity,1,0.7775,600000,452727,305968
A_hat,binary_relevance_probe,Electricity,1,0.78,600000,448388,303154
A_hat,binary_relevance_probe,Electricity,1,0.7825,600000,444071,300117
A_hat,binary_relevance_probe,Electricity,1,0.785,600000,437911,295897
A_hat,binary_relevance_probe,Electricity,1,0.7875,600000,426847,288028
A_hat,binary_relevance_probe,Electricity,1,0.79,600000,417150,281458
A_hat,binary_relevance_probe,Electricity,1,0.7925,600000,410146,277133
A_hat,binary_relevance_probe,Electricity,1,0.795,600000,401883,271375
A_hat,binary_relevance_probe,Electricity,1,0.7975,600000,391951,264854
A_hat,binary_relevance_probe,Electricity,1,0.8,600000,377975,255321
A_hat,binary_relevance_probe,Electricity,1,0.8025,600000,365365,246856
A_hat,binary_relevance_probe,Electricity,1,0.805,600000,356346,241079
A_hat,binary_relevance_probe,Electricity,1,0.8075,600000,342491,232220
A_hat,binary_relevance_probe,Electricity,1,0.81,600000,324466,220426
A_hat,binary_relevance_probe,Electricity,1,0.8125,600000,313220,213363
A_hat,binary_relevance_probe,Electricity,1,0.815,600000,301556,205809
A_hat,binary_relevance_probe,Electricity,1,0.8175,600000,285197,195162
A_hat,binary_relevance_probe,Electricity,1,0.82,600000,264300,180871
A_hat,binary_relevance_probe,Electricity,1,0.8225,600000,247667,169500
A_hat,binary_relevance_probe,Electricity,1,0.825,600000,229047,156924
A_hat,binary_relevance_probe,Electricity,1,0.8275,600000,213792,146588
A_hat,binary_relevance_probe,Electricity,1,0.83,600000,201216,138185
A_hat,binary_relevance_probe,Electricity,1,0.8325,600000,188849,129891
A_hat,binary_relevance_probe,Electricity,1,0.835,600000,175931,121146
A_hat,binary_relevance_probe,Electricity,1,0.8375,600000,162956,112549
A_hat,binary_relevance_probe,Electricity,1,0.84,600000,153858,106806
A_hat,binary_relevance_probe,Electricity,1,0.8425,600000,144888,101031
A_hat,binary_relevance_probe,Electricity,1,0.845,600000,135028,94466
A_hat,binary_relevance_probe,Electricity,1,0.8475,600000,123474,86456
A_hat,binary_relevance_probe,Electricity,1,0.85,600000,112112,78618
A_hat,binary_relevance_probe,Electricity,1,0.8525,600000,98846,69112
A_hat,binary_relevance_probe,Electricity,1,0.855,600000,88821,62181
A_hat,binary_relevance_probe,Electricity,1,0.8575,600000,79209,55261
A_hat,binary_relevance_probe,Electricity,1,0.86,600000,70560,49341
A_hat,binary_relevance_probe,Electricity,1,0.8625,600000,63348,44890
A_hat,binary_relevance_probe,Electricity,1,0.865,600000,54779,38809
A_hat,binary_relevance_probe,Electricity,1,0.8675,600000,47869,33759
A_hat,binary_relevance_probe,Electricity,1,0.87,600000,41901,29661
A_hat,binary_relevance_probe,Electricity,1,0.8725,600000,37338,26473
A_hat,binary_relevance_probe,Electricity,1,0.875,600000,34295,24460
A_hat,binary_relevance_probe,Electricity,1,0.8775,600000,32115,23038
A_hat,binary_relevance_probe,Electricity,1,0.88,600000,29216,21159
A_hat,binary_relevance_probe,Electricity,1,0.8825,600000,26825,19496
A_hat,binary_relevance_probe,Electricity,1,0.885,600000,24463,17810
A_hat,binary_relevance_probe,Electricity,1,0.8875,600000,19419,14031
A_hat,binary_relevance_probe,Electricity,1,0.89,600000,11511,7967
A_hat,binary_relevance_probe,Electricity,1,0.8925,600000,5213,3323
A_hat,binary_relevance_probe,Electricity,1,0.895,600000,4000,2507
A_hat,binary_relevance_probe,Electricity,1,0.8975,600000,3498,2165
A_hat,binary_relevance_probe,Electricity,1,0.9,600000,2352,1343
A_hat,binary_relevance_probe,Electricity,1,0.9025,600000,2213,1255
A_hat,binary_relevance_probe,Electricity,1,0.905,600000,2001,1101
A_hat,binary_relevance_probe,Electricity,1,0.9075,600000,1999,1099
A_hat,binary_relevance_probe,Electricity,1,0.91,600000,1993,1095
A_hat,binary_relevance_probe,Electricity,1,0.9125,600000,1985,1089
A_hat,binary_relevance_probe,Electricity,1,0.915,600000,1980,1086
A_hat,binary_relevance_probe,Electricity,1,0.9175,600000,1973,1081
A_hat,binary_relevance_probe,Electricity,1,0.92,600000,1965,1075
A_hat,binary_relevance_probe,Electricity,1,0.9225,600000,1962,1073
A_hat,binary_relevance_probe,Electricity,1,0.925,600000,1954,1070
A_hat,binary_relevance_probe,Electricity,1,0.9275,600000,1945,1064
A_hat,binary_relevance_probe,Electricity,1,0.93,600000,1938,1062
A_hat,binary_relevance_probe,Electricity,1,0.9325,600000,1933,1059
A_hat,binary_relevance_probe,Electricity,1,0.935,600000,1927,1056
A_hat,binary_relevance_probe,Electricity,1,0.9375,600000,1920,1050
A_hat,binary_relevance_probe,Electricity,1,0.94,600000,1914,1047
A_hat,binary_relevance_probe,Electricity,1,0.9425,600000,1911,1045
A_hat,binary_relevance_probe,Electricity,1,0.945,600000,1905,1043
A_hat,binary_relevance_probe,Electricity,1,0.9475,600000,1899,1040
A_hat,binary_relevance_probe,Electricity,1,0.95,600000,1891,1036
A_hat,binary_relevance_probe,Electricity,1,0.9525,600000,1886,1034
A_hat,binary_relevance_probe,Electricity,1,0.955,600000,1876,1027
A_hat,binary_relevance_probe,Electricity,1,0.9575,600000,1872,1023
A_hat,binary_relevance_probe,Electricity,1,0.96,600000,1866,1017
A_hat,binary_relevance_probe,Electricity,1,0.9625,600000,1858,1011
A_hat,binary_relevance_probe,Electricity,1,0.965,600000,1851,1006
A_hat,binary_relevance_probe,Electricity,1,0.9675,600000,1839,999
A_hat,binary_relevance_probe,Electricity,1,0.97,600000,1830,994
A_hat,binary_relevance_probe,Electricity,1,0.9725,600000,1822,991
A_hat,binary_relevance_probe,Electricity,1,0.975,600000,1812,986
A_hat,binary_relevance_probe,Electricity,1,0.9775,600000,1800,976
A_hat,binary_relevance_probe,Electricity,1,0.98,600000,1784,965
A_hat,binary_relevance_probe,Electricity,1,0.9825,600000,1769,955
A_hat,binary_relevance_probe,Electricity,1,0.985,600000,1759,948
A_hat,binary_relevance_probe,Electricity,1,0.9875,600000,1739,936
A_hat,binary_relevance_probe,Electricity,1,0.99,600000,1715,917
A_hat,binary_relevance_probe,Electricity,1,0.9925,600000,1681,896
A_hat,binary_relevance_probe,Electricity,1,0.995,600000,1646,882
A_hat,binary_relevance_probe,Electricity,1,0.9975,600000,1590,847
A_hat,binary_relevance_probe,Electricity,1,1.0,600000,1153,667
M,high_order,LED_a,1,0.7,150000,26935,13239
M,high_order,LED_a,1,0.7025,150000,26607,13042
M,high_order,LED_a,1,0.705,150000,26201,12813
M,high_order,LED_a,1,0.7075,150000,25836,12612
M,high_order,LED_a,1,0.71,150000,25661,12516
M,high_order,LED_a,1,0.7125,150000,25373,12351
M,high_order,LED_a,1,0.715,150000,25062,12179
M,high_order,LED_a,1,0.7175,150000,24844,12065
M,high_order,LED_a,1,0.72,150000,24666,11968
M,high_order,LED_a,1,0.7225,150000,24486,11891
M,high_order,LED_a,1,0.725,150000,24311,11792
M,high_order,LED_a,1,0.7275,150000,24043,11632
M,high_order,LED_a,1,0.73,150000,23785,11494
M,high_order,LED_a,1,0.7325,150000,23616,11405
M,high_order,LED_a,1,0.735,150000,23420,11298
M,high_order,LED_a,1,0.7375,150000,23281,11235
M,high_order,LED_a,1,0.74,150000,23128,11158
M,high_order,LED_a,1,0.7425,150000,23008,11109
M,high_order,LED_a,1,0.745,150000,22851,11032
M,high_order,LED_a,1,0.7475,150000,22678,10946
M,high_order,LED_a,1,0.75,150000,22542,10884
M,high_order,LED_a,1,0.7525,150000,22406,10809
M,high_order,LED_a,1,0.755,150000,22277,10734
M,high_order,LED_a,1,0.7575,150000,22137,10658
M,high_order,LED_a,1,0.76,150000,21974,10579
M,high_order,LED_a,1,0.7625,150000,21811,10478
M,high_order,LED_a,1,0.765,150000,21686,10423
M,high_order,LED_a,1,0.7675,150000,21547,10352
M,high_order,LED_a,1,0.77,150000,21399,10275
M,high_order,LED_a,1,0.7725,150000,21265,10200
M,high_order,LED_a,1,0.775,150000,21140,10141
M,high_order,LED_a,1,0.7775,150000,20960,10039
M,high_order,LED_a,1,0.78,150000,20790,9954
M,high_order,LED_a,1,0.7825,150000,20692,9910
M,high_order,LED_a,1,0.785,150000,20564,9836
M,high_order,LED_a,1,0.7875,150000,20423,9767
M,high_order,LED_a,1,0.79,150000,20293,9704
M,high_order,LED_a,1,0.7925,150000,20147,9625
M,high_order,LED_a,1,0.795,150000,19988,9549
M,high_order,LED_a,1,0.7975,150000,19843,9481
M,high_order,LED_a,1,0.8,150000,19755,9445
M,high_order,LED_a,1,0.8025,150000,19669,9410
M,high_order,LED_a,1,0.805,150000,19543,9337
M,high_order,LED_a,1,0.8075,150000,19454,9299
M,high_order,LED_a,1,0.81,150000,19370,9254
M,high_order,LED_a,1,0.8125,150000,19238,9190
M,high_order,LED_a,1,0.815,150000,19123,9120
M,high_order,LED_a,1,0.8175,150000,18975,9054
M,high_order,LED_a,1,0.82,150000,18833,8984
M,high_order,LED_a,1,0.8225,150000,18714,8925
M,high_order,LED_a,1,0.825,150000,18594,8856
M,high_order,LED_a,1,0.8275,150000,18450,8778
M,high_order,LED_a,1,0.83,150000,18293,8703
M,high_order,LED_a,1,0.8325,150000,18158,8633
M,high_order,LED_a,1,0.835,150000,18041,8575
M,high_order,LED_a,1,0.8375,150000,17897,8511
M,high_order,LED_a,1,0.84,150000,17795,8468
M,high_order,LED_a,1,0.8425,150000,17722,8436
M,high_order,LED_a,1,0.845,150000,17647,8397
M,high_order,LED_a,1,0.8475,150000,17563,8357
M,high_order,LED_a,1,0.85,150000,17469,8319
M,high_order,LED_a,1,0.8525,150000,17357,8260
M,high_order,LED_a,1,0.855,150000,17242,8197
M,high_order,LED_a,1,0.8575,150000,17062,8101
M,high_order,LED_a,1,0.86,150000,16906,8016
M,high_order,LED_a,1,0.8625,150000,16790,7956
M,high_order,LED_a,1,0.865,150000,16706,7913
M,high_order,LED_a,1,0.8675,150000,16570,7828
M,high_order,LED_a,1,0.87,150000,16397,7718
M,high_order,LED_a,1,0.8725,150000,16284,7659
M,high_order,LED_a,1,0.875,150000,16175,7596
M,high_order,LED_a,1,0.8775,150000,16003,7497
M,high_order,LED_a,1,0.88,150000,15878,7439
M,high_order,LED_a,1,0.8825,150000,15764,7374
M,high_order,LED_a,1,0.885,150000,15670,7328
M,high_order,LED_a,1,0.8875,150000,15584,7284
M,high_order,LED_a,1,0.89,150000,15442,7213
M,high_order,LED_a,1,0.8925,150000,15320,7143
M,high_order,LED_a,1,0.895,150000,15201,7092
M,high_order,LED_a,1,0.8975,150000,15060,7012
M,high_order,LED_a,1,0.9,150000,14956,6950
M,high_order,LED_a,1,0.9025,150000,14822,6876
M,high_order,LED_a,1,0.905,150000,14714,6818
M,high_order,LED_a,1,0.9075,150000,14556,6736
M,high_order,LED_a,1,0.91,150000,14458,6691
M,high_order,LED_a,1,0.9125,150000,14282,6590
M,high_order,LED_a,1,0.915,150000,14151,6528
M,high_order,LED_a,1,0.9175,150000,14012,6455
M,high_order,LED_a,1,0.92,150000,13856,6365
M,high_order,LED_a,1,0.9225,150000,13728,6296
M,high_order,LED_a,1,0.925,150000,13616,6253
M,high_order,LED_a,1,0.9275,150000,13501,6198
M,high_order,LED_a,1,0.93,150000,13374,6130
M,high_order,LED_a,1,0.9325,150000,13219,6046
M,high_order,LED_a,1,0.935,150000,13067,5962
M,high_order,LED_a,1,0.9375,150000,12948,5895
M,high_order,LED_a,1,0.94,150000,12804,5813
M,high_order,LED_a,1,0.9425,150000,12690,5748
M,high_order,LED_a,1,0.945,150000,12553,5678
M,high_order,LED_a,1,0.9475,150000,12408,5597
M,high_order,LED_a,1,0.95,150000,12262,5507
M,high_order,LED_a,1,0.9525,150000,12116,5430
M,high_order,LED_a,1,0.955,150000,11932,5322
M,high_order,LED_a,1,0.9575,150000,11750,5215
M,high_order,LED_a,1,0.96,150000,11571,5118
M,high_order,LED_a,1,0.9625,150000,11353,5015
M,high_order,LED_a,1,0.965,150000,11214,4961
M,high_order,LED_a,1,0.9675,150000,11049,4873
M,high_order,LED_a,1,0.97,150000,10894,4806
M,high_order,LED_a,1,0.9725,150000,10705,4704
M,high_order,LED_a,1,0.975,150000,10523,4608
M,high_order,LED_a,1,0.9775,150000,10329,4502
M,high_order,LED_a,1,0.98,150000,10132,4410
M,high_order,LED_a,1,0.9825,150000,9931,4307
M,high_order,LED_a,1,0.985,150000,9734,4200
M,high_order,LED_a,1,0.9875,150000,9530,4106
M,high_order,LED_a,1,0.99,150000,9268,3968
M,high_order,LED_a,1,0.9925,150000,9010,3841
M,high_order,LED_a,1,0.995,150000,8688,3676
M,high_order,LED_a,1,0.9975,150000,8237,3469
M,high_order,LED_a,1,1.0,150000,6823,2838
c,high_order,LED_a,1,0.7,150000,16878,14311
c,high_order,LED_a,1,0.7025,150000,16878,14311
c,high_order,LED_a,1,0.705,150000,16878,14311
c,high_order,LED_a,1,0.7075,150000,16878,14311
c,high_order,LED_a,1,0.71,150000,16878,14311
c,high_order,LED_a,1,0.7125,150000,16878,14311
c,high_order,LED_a,1,0.715,150000,16878,14311
c,high_order,LED_a,1,0.7175,150000,16878,14311
c,high_order,LED_a,1,0.72,150000,16878,14311
c,high_order,LED_a,1,0.7225,150000,16878,14311
c,high_order,LED_a,1,0.725,150000,12630,10965
c,high_order,LED_a,1,0.7275,150000,12630,10965
c,high_order,LED_a,1,0.73,150000,12630,10965
c,high_order,LED_a,1,0.7325,150000,12630,10965
c,high_order,LED_a,1,0.735,150000,12630,10965
c,high_order,LED_a,1,0.7375,150000,12630,10965
c,high_order,LED_a,1,0.74,150000,12630,10965
c,high_order,LED_a,1,0.7425,150000,12630,10965
c,high_order,LED_a,1,0.745,150000,12630,10965
c,high_order,LED_a,1,0.7475,150000,12630,10965
c,high_order,LED_a,1,0.75,150000,12630,10965
c,high_order,LED_a,1,0.7525,150000,12630,10965
c,high_order,LED_a,1,0.755,150000,12630,10965
c,high_order,LED_a,1,0.7575,150000,12630,10965
c,high_order,LED_a,1,0.76,150000,9111,7999
c,high_order,LED_a,1,0.7625,150000,9111,7999
c,high_order,LED_a,1,0.765,150000,9111,7999
c,high_order,LED_a,1,0.7675,150000,9111,7999
c,high_order,LED_a,1,0.77,150000,9111,7999
c,high_order,LED_a,1,0.7725,150000,9111,7999
c,high_order,LED_a,1,0.775,150000,9111,7999
c,high_order,LED_a,1,0.7775,150000,9111,7999
c,high_order,LED_a,1,0.78,150000,9111,7999
c,high_order,LED_a,1,0.7825,150000,9111,7999
c,high_order,LED_a,1,0.785,150000,9111,7999
c,high_order,LED_a,1,0.7875,150000,9111,7999
c,high_order,LED_a,1,0.79,150000,9111,7999
c,high_order,LED_a,1,0.7925,150000,9111,7999
c,high_order,LED_a,1,0.795,150000,6230,5512
c,high_order,LED_a,1,0.7975,150000,6230,5512
c,high_order,LED_a,1,0.8,150000,6230,5512
c,high_order,LED_a,1,0.8025,150000,6230,5512
c,high_order,LED_a,1,0.805,150000,6230,5512
c,high_order,LED_a,1,0.8075,150000,6230,5512
c,high_order,LED_a,1,0.81,150000,6230,5512
c,high_order,LED_a,1,0.8125,150000,6230,5512
c,high_order,LED_a,1,0.815,150000,6230,5512
c,high_order,LED_a,1,0.8175,150000,6230,5512
c,high_order,LED_a,1,0.82,150000,6230,5512
c,high_order,LED_a,1,0.8225,150000,6230,5512
c,high_order,LED_a,1,0.825,150000,6230,5512
c,high_order,LED_a,1,0.8275,150000,6230,5512
c,high_order,LED_a,1,0.83,150000,3967,3505
c,high_order,LED_a,1,0.8325,150000,3967,3505
c,high_order,LED_a,1,0.835,150000,3967,3505
c,high_order,LED_a,1,0.8375,150000,3967,3505
c,high_order,LED_a,1,0.84,150000,3967,3505
c,high_order,LED_a,1,0.8425,150000,3967,3505
c,high_order,LED_a,1,0.845,150000,3967,3505
c,high_order,LED_a,1,0.8475,150000,3967,3505
c,high_order,LED_a,1,0.85,150000,3967,3505
c,high_order,LED_a,1,0.8525,150000,3967,3505
c,high_order,LED_a,1,0.855,150000,3967,3505
c,high_order,LED_a,1,0.8575,150000,3967,3505
c,high_order,LED_a,1,0.86,150000,3967,3505
c,high_order,LED_a,1,0.8625,150000,2429,2126
c,high_order,LED_a,1,0.865,150000,2429,2126
c,high_order,LED_a,1,0.8675,150000,2429,2126
c,high_order,LED_a,1,0.87,150000,2429,2126
c,high_order,LED_a,1,0.8725,150000,2429,2126
c,high_order,LED_a,1,0.875,150000,2429,2126
c,high_order,LED_a,1,0.8775,150000,2429,2126
c,high_order,LED_a,1,0.88,150000,2429,2126
c,high_order,LED_a,1,0.8825,150000,2429,2126
c,high_order,LED_a,1,0.885,150000,2429,2126
c,high_order,LED_a,1,0.8875,150000,2429,2126
c,high_order,LED_a,1,0.89,150000,2429,2126
c,high_order,LED_a,1,0.8925,150000,2429,2126
c,high_order,LED_a,1,0.895,150000,2429,2126
c,high_order,LED_a,1,0.8975,150000,1317,1146
c,high_order,LED_a,1,0.9,150000,1317,1146
c,high_order,LED_a,1,0.9025,150000,1317,1146
c,high_order,LED_a,1,0.905,150000,1317,1146
c,high_order,LED_a,1,0.9075,150000,1317,1146
c,high_order,LED_a,1,0.91,150000,1317,1146
c,high_order,LED_a,1,0.9125,150000,1317,1146
c,high_order,LED_a,1,0.915,150000,1317,1146
c,high_order,LED_a,1,0.9175,150000,1317,1146
c,high_order,LED_a,1,0.92,150000,1317,1146
c,high_order,LED_a,1,0.9225,150000,1317,1146
c,high_order,LED_a,1,0.925,150000,1317,1146
c,high_order,LED_a,1,0.9275,150000,1317,1146
c,high_order,LED_a,1,0.93,150000,1317,1146
c,high_order,LED_a,1,0.9325,150000,552,473
c,high_order,LED_a,1,0.935,150000,552,473
c,high_order,LED_a,1,0.9375,150000,552,473
c,high_order,LED_a,1,0.94,150000,552,473
c,high_order,LED_a,1,0.9425,150000,552,473
c,high_order,LED_a,1,0.945,150000,552,473
c,high_order,LED_a,1,0.9475,150000,552,473
c,high_order,LED_a,1,0.95,150000,552,473
c,high_order,LED_a,1,0.9525,150000,552,473
c,high_order,LED_a,1,0.955,150000,552,473
c,high_order,LED_a,1,0.9575,150000,552,473
c,high_order,LED_a,1,0.96,150000,552,473
c,high_order,LED_a,1,0.9625,150000,552,473
c,high_order,LED_a,1,0.965,150000,552,473
c,high_order,LED_a,1,0.9675,150000,94,81
c,high_order,LED_a,1,0.97,150000,94,81
c,high_order,LED_a,1,0.9725,150000,94,81
c,high_order,LED_a,1,0.975,150000,94,81
c,high_order,LED_a,1,0.9775,150000,94,81
c,high_order,LED_a,1,0.98,150000,94,81
c,high_order,LED_a,1,0.9825,150000,94,81
c,high_order,LED_a,1,0.985,150000,94,81
c,high_order,LED_a,1,0.9875,150000,94,81
c,high_order,LED_a,1,0.99,150000,94,81
c,high_order,LED_a,1,0.9925,150000,94,81
c,high_order,LED_a,1,0.995,150000,94,81
c,high_order,LED_a,1,0.9975,150000,94,81
c,high_order,LED_a,1,1.0,150000,94,81
A_hat,high_order,LED_a,1,0.7,150000,21666,10680
A_hat,high_order,LED_a,1,0.7025,150000,21442,10577
A_hat,high_order,LED_a,1,0.705,150000,21232,10482
A_hat,high_order,LED_a,1,0.7075,150000,20989,10365
A_hat,high_order,LED_a,1,0.71,150000,20765,10269
A_hat,high_order,LED_a,1,0.7125,150000,20542,10161
A_hat,high_order,LED_a,1,0.715,150000,20333,10072
A_hat,high_order,LED_a,1,0.7175,150000,20105,9967
A_hat,high_order,LED_a,1,0.72,150000,19895,9873
A_hat,high_order,LED_a,1,0.7225,150000,19651,9767
A_hat,high_order,LED_a,1,0.725,150000,19432,9678
A_hat,high_order,LED_a,1,0.7275,150000,19235,9588
A_hat,high_order,LED_a,1,0.73,150000,19056,9499
A_hat,high_order,LED_a,1,0.7325,150000,18826,9390
A_hat,high_order,LED_a,1,0.735,150000,18615,9302
A_hat,high_order,LED_a,1,0.7375,150000,18408,9213
A_hat,high_order,LED_a,1,0.74,150000,18208,9119
A_hat,high_order,LED_a,1,0.7425,150000,17989,9011
A_hat,high_order,LED_a,1,0.745,150000,17762,8906
A_hat,high_order,LED_a,1,0.7475,150000,17567,8819
A_hat,high_order,LED_a,1,0.75,150000,17328,8702
A_hat,high_order,LED_a,1,0.7525,150000,17106,8600
A_hat,high_order,LED_a,1,0.755,150000,16907,8524
A_hat,high_order,LED_a,1,0.7575,150000,16710,8424
A_hat,high_order,LED_a,1,0.76,150000,16492,8328
A_hat,high_order,LED_a,1,0.7625,150000,16273,8224
A_hat,high_order,LED_a,1,0.765,150000,16032,8122
A_hat,high_order,LED_a,1,0.7675,150000,15821,8022
A_hat,high_order,LED_a,1,0.77,150000,15613,7920
A_hat,high_order,LED_a,1,0.7725,150000,15390,7820
A_hat,high_order,LED_a,1,0.775,150000,15175,7718
A_hat,high_order,LED_a,1,0.7775,150000,14963,7617
A_hat,high_order,LED_a,1,0.78,150000,14774,7521
A_hat,high_order,LED_a,1,0.7825,150000,14544,7411
A_hat,high_order,LED_a,1,0.785,150000,14370,7320
A_hat,high_order,LED_a,1,0.7875,150000,14166,7226
A_hat,high_order,LED_a,1,0.79,150000,13970,7133
A_hat,high_order,LED_a,1,0.7925,150000,13759,7047
A_hat,high_order,LED_a,1,0.795,150000,13579,6966
A_hat,high_order,LED_a,1,0.7975,150000,13396,6879
A_hat,high_order,LED_a,1,0.8,150000,13177,6766
A_hat,high_order,LED_a,1,0.8025,150000,12997,6686
A_hat,high_order,LED_a,1,0.805,150000,12775,6584
A_hat,high_order,LED_a,1,0.8075,150000,12593,6498
A_hat,high_order,LED_a,1,0.81,150000,12382,6397
A_hat,high_order,LED_a,1,0.8125,150000,12167,6289
A_hat,high_order,LED_a,1,0.815,150000,11991,6214
A_hat,high_order,LED_a,1,0.8175,150000,11798,6120
A_hat,high_order,LED_a,1,0.82,150000,11580,6026
A_hat,high_order,LED_a,1,0.8225,150000,11406,5931
A_hat,high_order,LED_a,1,0.825,150000,11238,5852
A_hat,high_order,LED_a,1,0.8275,150000,11057,5766
A_hat,high_order,LED_a,1,0.83,150000,10904,5693
A_hat,high_order,LED_a,1,0.8325,150000,10738,5616
A_hat,high_order,LED_a,1,0.835,150000,10569,5525
A_hat,high_order,LED_a,1,0.8375,150000,10388,5442
A_hat,high_order,LED_a,1,0.84,150000,10212,5362
A_hat,high_order,LED_a,1,0.8425,150000,10036,5282
A_hat,high_order,LED_a,1,0.845,150000,9856,5199
A_hat,high_order,LED_a,1,0.8475,150000,9702,5123
A_hat,high_order,LED_a,1,0.85,150000,9519,5037
A_hat,high_order,LED_a,1,0.8525,150000,9351,4951
A_hat,high_order,LED_a,1,0.855,150000,9181,4866
A_hat,high_order,LED_a,1,0.8575,150000,9009,4794
A_hat,high_order,LED_a,1,0.86,150000,8845,4718
A_hat,high_order,LED_a,1,0.8625,150000,8655,4613
A_hat,high_order,LED_a,1,0.865,150000,8457,4511
A_hat,high_order,LED_a,1,0.8675,150000,8280,4417
A_hat,high_order,LED_a,1,0.87,150000,8096,4331
A_hat,high_order,LED_a,1,0.8725,150000,7916,4239
A_hat,high_order,LED_a,1,0.875,150000,7737,4149
A_hat,high_order,LED_a,1,0.8775,150000,7561,4064
A_hat,high_order,LED_a,1,0.88,150000,7416,3993
A_hat,high_order,LED_a,1,0.8825,150000,7241,3909
A_hat,high_order,LED_a,1,0.885,150000,7068,3846
A_hat,high_order,LED_a,1,0.8875,150000,6905,3762
A_hat,high_order,LED_a,1,0.89,150000,6729,3676
A_hat,high_order,LED_a,1,0.8925,150000,6555,3593
A_hat,high_order,LED_a,1,0.895,150000,6392,3506
A_hat,high_order,LED_a,1,0.8975,150000,6261,3442
A_hat,high_order,LED_a,1,0.9,150000,6065,3344
A_hat,high_order,LED_a,1,0.9025,150000,5893,3247
A_hat,high_order,LED_a,1,0.905,150000,5742,3162
A_hat,high_order,LED_a,1,0.9075,150000,5583,3069
A_hat,high_order,LED_a,1,0.91,150000,5400,2965
A_hat,high_order,LED_a,1,0.9125,150000,5238,2884
A_hat,high_order,LED_a,1,0.915,150000,5110,2814
A_hat,high_order,LED_a,1,0.9175,150000,4972,2743
A_hat,high_order,LED_a,1,0.92,150000,4848,2684
A_hat,high_order,LED_a,1,0.9225,150000,4693,2611
A_hat,high_order,LED_a,1,0.925,150000,4556,2536
A_hat,high_order,LED_a,1,0.9275,150000,4398,2450
A_hat,high_order,LED_a,1,0.93,150000,4259,2376
A_hat,high_order,LED_a,1,0.9325,150000,4119,2298
A_hat,high_order,LED_a,1,0.935,150000,3975,2229
A_hat,high_order,LED_a,1,0.9375,150000,3854,2173
A_hat,high_order,LED_a,1,0.94,150000,3724,2104
A_hat,high_order,LED_a,1,0.9425,150000,3591,2034
A_hat,high_order,LED_a,1,0.945,150000,3438,1956
A_hat,high_order,LED_a,1,0.9475,150000,3310,1879
A_hat,high_order,LED_a,1,0.95,150000,3178,1813
A_hat,high_order,LED_a,1,0.9525,150000,3042,1745
A_hat,high_order,LED_a,1,0.955,150000,2917,1684
A_hat,high_order,LED_a,1,0.9575,150000,2773,1610
A_hat,high_order,LED_a,1,0.96,150000,2656,1546
A_hat,high_order,LED_a,1,0.9625,150000,2528,1490
A_hat,high_order,LED_a,1,0.965,150000,2381,1416
A_hat,high_order,LED_a,1,0.9675,150000,2253,1342
A_hat,high_order,LED_a,1,0.97,150000,2103,1259
A_hat,high_order,LED_a,1,0.9725,150000,1965,1175
A_hat,high_order,LED_a,1,0.975,150000,1813,1083
A_hat,high_order,LED_a,1,0.9775,150000,1677,1010
A_hat,high_order,LED_a,1,0.98,150000,1510,914
A_hat,high_order,LED_a,1,0.9825,150000,1349,817
A_hat,high_order,LED_a,1,0.985,150000,1181,723
A_hat,high_order,LED_a,1,0.9875,150000,1022,626
A_hat,high_order,LED_a,1,0.99,150000,855,521
A_hat,high_order,LED_a,1,0.9925,150000,665,404
A_hat,high_order,LED_a,1,0.995,150000,462,280
A_hat,high_order,LED_a,1,0.9975,150000,268,164
A_hat,high_order,LED_a,1,1.0,150000,0,0
C,high_order,LED_a,1,0.7,150000,11414,7084
C,high_order,LED_a,1,0.7025,150000,11238,6985
C,high_order,LED_a,1,0.705,150000,11059,6877
C,high_order,LED_a,1,0.7075,150000,10853,6748
C,high_order,LED_a,1,0.71,150000,10672,6650
C,high_order,LED_a,1,0.7125,150000,10490,6543
C,high_order,LED_a,1,0.715,150000,10293,6420
C,high_order,LED_a,1,0.7175,150000,10140,6324
C,high_order,LED_a,1,0.72,150000,9955,6216
C,high_order,LED_a,1,0.7225,150000,9779,6117
C,high_order,LED_a,1,0.725,150000,9611,6015
C,high_order,LED_a,1,0.7275,150000,9448,5930
C,high_order,LED_a,1,0.73,150000,9261,5816
C,high_order,LED_a,1,0.7325,150000,9113,5725
C,high_order,LED_a,1,0.735,150000,8943,5612
C,high_order,LED_a,1,0.7375,150000,8797,5522
C,high_order,LED_a,1,0.74,150000,8612,5417
C,high_order,LED_a,1,0.7425,150000,8442,5310
C,high_order,LED_a,1,0.745,150000,8285,5223
C,high_order,LED_a,1,0.7475,150000,8119,5119
C,high_order,LED_a,1,0.75,150000,7944,5019
C,high_order,LED_a,1,0.7525,150000,7783,4923
C,high_order,LED_a,1,0.755,150000,7637,4825
C,high_order,LED_a,1,0.7575,150000,7476,4730
C,high_order,LED_a,1,0.76,150000,7321,4635
C,high_order,LED_a,1,0.7625,150000,7187,4552
C,high_order,LED_a,1,0.765,150000,7046,4463
C,high_order,LED_a,1,0.7675,150000,6909,4375
C,high_order,LED_a,1,0.77,150000,6766,4290
C,high_order,LED_a,1,0.7725,150000,6622,4206
C,high_order,LED_a,1,0.775,150000,6488,4126
C,high_order,LED_a,1,0.7775,150000,6357,4029
C,high_order,LED_a,1,0.78,150000,6219,3955
C,high_order,LED_a,1,0.7825,150000,6081,3866
C,high_order,LED_a,1,0.785,150000,5942,3775
C,high_order,LED_a,1,0.7875,150000,5813,3688
C,high_order,LED_a,1,0.79,150000,5674,3607
C,high_order,LED_a,1,0.7925,150000,5555,3536
C,high_order,LED_a,1,0.795,150000,5429,3453
C,high_order,LED_a,1,0.7975,150000,5279,3358
C,high_order,LED_a,1,0.8,150000,5145,3281
C,high_order,LED_a,1,0.8025,150000,5028,3205
C,high_order,LED_a,1,0.805,150000,4898,3122
C,high_order,LED_a,1,0.8075,150000,4779,3053
C,high_order,LED_a,1,0.81,150000,4666,2980
C,high_order,LED_a,1,0.8125,150000,4560,2917
C,high_order,LED_a,1,0.815,150000,4438,2836
C,high_order,LED_a,1,0.8175,150000,4340,2770
C,high_order,LED_a,1,0.82,150000,4270,2732
C,high_order,LED_a,1,0.8225,150000,4159,2671
C,high_order,LED_a,1,0.825,150000,4066,2614
C,high_order,LED_a,1,0.8275,150000,3978,2565
C,high_order,LED_a,1,0.83,150000,3862,2492
C,high_order,LED_a,1,0.8325,150000,3777,2442
C,high_order,LED_a,1,0.835,150000,3672,2379
C,high_order,LED_a,1,0.8375,150000,3596,2331
C,high_order,LED_a,1,0.84,150000,3499,2271
C,high_order,LED_a,1,0.8425,150000,3410,2213
C,high_order,LED_a,1,0.845,150000,3305,2148
C,high_order,LED_a,1,0.8475,150000,3200,2087
C,high_order,LED_a,1,0.85,150000,3117,2035
C,high_order,LED_a,1,0.8525,150000,3032,1979
C,high_order,LED_a,1,0.855,150000,2955,1931
C,high_order,LED_a,1,0.8575,150000,2867,1873
C,high_order,LED_a,1,0.86,150000,2787,1825
C,high_order,LED_a,1,0.8625,150000,2713,1781
C,high_order,LED_a,1,0.865,150000,2649,1735
C,high_order,LED_a,1,0.8675,150000,2578,1686
C,high_order,LED_a,1,0.87,150000,2513,1641
C,high_order,LED_a,1,0.8725,150000,2448,1602
C,high_order,LED_a,1,0.875,150000,2376,1551
C,high_order,LED_a,1,0.8775,150000,2302,1508
C,high_order,LED_a,1,0.88,150000,2233,1467
C,high_order,LED_a,1,0.8825,150000,2158,1412
C,high_order,LED_a,1,0.885,150000,2082,1359
C,high_order,LED_a,1,0.8875,150000,2012,1314
C,high_order,LED_a,1,0.89,150000,1953,1279
C,high_order,LED_a,1,0.8925,150000,1898,1248
C,high_order,LED_a,1,0.895,150000,1838,1209
C,high_order,LED_a,1,0.8975,150000,1769,1163
C,high_order,LED_a,1,0.9,150000,1703,1120
C,high_order,LED_a,1,0.9025,150000,1644,1085
C,high_order,LED_a,1,0.905,150000,1591,1056
C,high_order,LED_a,1,0.9075,150000,1526,1011
C,high_order,LED_a,1,0.91,150000,1463,968
C,high_order,LED_a,1,0.9125,150000,1398,927
C,high_order,LED_a,1,0.915,150000,1327,878
C,high_order,LED_a,1,0.9175,150000,1264,840
C,high_order,LED_a,1,0.92,150000,1216,810
C,high_order,LED_a,1,0.9225,150000,1170,782
C,high_order,LED_a,1,0.925,150000,1120,753
C,high_order,LED_a,1,0.9275,150000,1080,724
C,high_order,LED_a,1,0.93,150000,1013,677
C,high_order,LED_a,1,0.9325,150000,961,639
C,high_order,LED_a,1,0.935,150000,910,602
C,high_order,LED_a,1,0.9375,150000,874,578
C,high_order,LED_a,1,0.94,150000,822,545
C,high_order,LED_a,1,0.9425,150000,767,507
C,high_order,LED_a,1,0.945,150000,724,479
C,high_order,LED_a,1,0.9475,150000,680,452
C,high_order,LED_a,1,0.95,150000,634,420
C,high_order,LED_a,1,0.9525,150000,605,401
C,high_order,LED_a,1,0.955,150000,569,378
C,high_order,LED_a,1,0.9575,150000,535,360
C,high_order,LED_a,1,0.96,150000,504,341
C,high_order,LED_a,1,0.9625,150000,465,308
C,high_order,LED_a,1,0.965,150000,436,290
C,high_order,LED_a,1,0.9675,150000,405,272
C,high_order,LED_a,1,0.97,150000,365,240
C,high_order,LED_a,1,0.9725,150000,336,222
C,high_order,LED_a,1,0.975,150000,299,198
C,high_order,LED_a,1,0.9775,150000,261,178
C,high_order,LED_a,1,0.98,150000,233,159
C,high_order,LED_a,1,0.9825,150000,199,140
C,high_order,LED_a,1,0.985,150000,167,117
C,high_order,LED_a,1,0.9875,150000,135,93
C,high_order,LED_a,1,0.99,150000,106,74
C,high_order,LED_a,1,0.9925,150000,79,52
C,high_order,LED_a,1,0.995,150000,60,39
C,high_order,LED_a,1,0.9975,150000,37,23
C,high_order,LED_a,1,1.0,150000,0,0
w,high_order,LED_a,1,0.7,150000,9669,7756
w,high_order,LED_a,1,0.7025,150000,9374,7537
w,high_order,LED_a,1,0.705,150000,9111,7328
w,high_order,LED_a,1,0.7075,150000,8861,7133
w,high_order,LED_a,1,0.71,150000,8591,6922
w,high_order,LED_a,1,0.7125,150000,8336,6727
w,high_order,LED_a,1,0.715,150000,8081,6536
w,high_order,LED_a,1,0.7175,150000,7854,6362
w,high_order,LED_a,1,0.72,150000,7632,6188
w,high_order,LED_a,1,0.7225,150000,7405,6011
w,high_order,LED_a,1,0.725,150000,7185,5847
w,high_order,LED_a,1,0.7275,150000,6976,5673
w,high_order,LED_a,1,0.73,150000,6751,5496
w,high_order,LED_a,1,0.7325,150000,6546,5333
w,high_order,LED_a,1,0.735,150000,6355,5179
w,high_order,LED_a,1,0.7375,150000,6161,5024
w,high_order,LED_a,1,0.74,150000,5997,4895
w,high_order,LED_a,1,0.7425,150000,5798,4745
w,high_order,LED_a,1,0.745,150000,5605,4589
w,high_order,LED_a,1,0.7475,150000,5414,4437
w,high_order,LED_a,1,0.75,150000,5256,4310
w,high_order,LED_a,1,0.7525,150000,5077,4174
w,high_order,LED_a,1,0.755,150000,4913,4032
w,high_order,LED_a,1,0.7575,150000,4736,3897
w,high_order,LED_a,1,0.76,150000,4571,3762
w,high_order,LED_a,1,0.7625,150000,4400,3622
w,high_order,LED_a,1,0.765,150000,4225,3480
w,high_order,LED_a,1,0.7675,150000,4076,3367
w,high_order,LED_a,1,0.77,150000,3952,3266
w,high_order,LED_a,1,0.7725,150000,3808,3148
w,high_order,LED_a,1,0.775,150000,3675,3035
w,high_order,LED_a,1,0.7775,150000,3540,2925
w,high_order,LED_a,1,0.78,150000,3401,2814
w,high_order,LED_a,1,0.7825,150000,3251,2686
w,high_order,LED_a,1,0.785,150000,3120,2581
w,high_order,LED_a,1,0.7875,150000,3010,2498
w,high_order,LED_a,1,0.79,150000,2884,2396
w,high_order,LED_a,1,0.7925,150000,2786,2314
w,high_order,LED_a,1,0.795,150000,2683,2225
w,high_order,LED_a,1,0.7975,150000,2554,2130
w,high_order,LED_a,1,0.8,150000,2457,2053
w,high_order,LED_a,1,0.8025,150000,2365,1979
w,high_order,LED_a,1,0.805,150000,2255,1887
w,high_order,LED_a,1,0.8075,150000,2158,1800
w,high_order,LED_a,1,0.81,150000,2074,1732
w,high_order,LED_a,1,0.8125,150000,1981,1662
w,high_order,LED_a,1,0.815,150000,1876,1576
w,high_order,LED_a,1,0.8175,150000,1780,1491
w,high_order,LED_a,1,0.82,150000,1716,1437
w,high_order,LED_a,1,0.8225,150000,1637,1371
w,high_order,LED_a,1,0.825,150000,1565,1312
w,high_order,LED_a,1,0.8275,150000,1482,1247
w,high_order,LED_a,1,0.83,150000,1404,1184
w,high_order,LED_a,1,0.8325,150000,1334,1130
w,high_order,LED_a,1,0.835,150000,1280,1084
w,high_order,LED_a,1,0.8375,150000,1207,1023
w,high_order,LED_a,1,0.84,150000,1136,961
w,high_order,LED_a,1,0.8425,150000,1084,918
w,high_order,LED_a,1,0.845,150000,1035,878
w,high_order,LED_a,1,0.8475,150000,977,826
w,high_order,LED_a,1,0.85,150000,903,767
w,high_order,LED_a,1,0.8525,150000,859,730
w,high_order,LED_a,1,0.855,150000,804,681
w,high_order,LED_a,1,0.8575,150000,764,646
w,high_order,LED_a,1,0.86,150000,713,599
w,high_order,LED_a,1,0.8625,150000,664,554
w,high_order,LED_a,1,0.865,150000,610,512
w,high_order,LED_a,1,0.8675,150000,571,477
w,high_order,LED_a,1,0.87,150000,529,439
w,high_order,LED_a,1,0.8725,150000,500,415
w,high_order,LED_a,1,0.875,150000,466,382
w,high_order,LED_a,1,0.8775,150000,437,357
w,high_order,LED_a,1,0.88,150000,405,326
w,high_order,LED_a,1,0.8825,150000,363,291
w,high_order,LED_a,1,0.885,150000,334,268
w,high_order,LED_a,1,0.8875,150000,306,248
w,high_order,LED_a,1,0.89,150000,276,224
w,high_order,LED_a,1,0.8925,150000,260,212
w,high_order,LED_a,1,0.895,150000,236,194
w,high_order,LED_a,1,0.8975,150000,213,175
w,high_order,LED_a,1,0.9,150000,200,164
w,high_order,LED_a,1,0.9025,150000,188,153
w,high_order,LED_a,1,0.905,150000,174,144
w,high_order,LED_a,1,0.9075,150000,160,132
w,high_order,LED_a,1,0.91,150000,142,116
w,high_order,LED_a,1,0.9125,150000,129,106
w,high_order,LED_a,1,0.915,150000,115,94
w,high_order,LED_a,1,0.9175,150000,99,81
w,high_order,LED_a,1,0.92,150000,97,79
w,high_order,LED_a,1,0.9225,150000,84,68
w,high_order,LED_a,1,0.925,150000,77,63
w,high_order,LED_a,1,0.9275,150000,67,53
w,high_order,LED_a,1,0.93,150000,59,46
w,high_order,LED_a,1,0.9325,150000,52,41
w,high_order,LED_a,1,0.935,150000,49,39
w,high_order,LED_a,1,0.9375,150000,39,33
w,high_order,LED_a,1,0.94,150000,33,27
w,high_order,LED_a,1,0.9425,150000,28,22
w,high_order,LED_a,1,0.945,150000,24,18
w,high_order,LED_a,1,0.9475,150000,21,17
w,high_order,LED_a,1,0.95,150000,19,16
w,high_order,LED_a,1,0.9525,150000,19,16
w,high_order,LED_a,1,0.955,150000,19,16
w,high_order,LED_a,1,0.9575,150000,18,15
w,high_order,LED_a,1,0.96,150000,11,9
w,high_order,LED_a,1,0.9625,150000,11,9
w,high_order,LED_a,1,0.965,150000,10,8
w,high_order,LED_a,1,0.9675,150000,8,6
w,high_order,LED_a,1,0.97,150000,7,6
w,high_order,LED_a,1,0.9725,150000,6,5
w,high_order,LED_a,1,0.975,150000,5,4
w,high_order,LED_a,1,0.9775,150000,4,3
w,high_order,LED_a,1,0.98,150000,3,2
w,high_order,LED_a,1,0.9825,150000,1,1
w,high_order,LED_a,1,0.985,150000,0,0
w,high_order,LED_a,1,0.9875,150000,0,0
w,high_order,LED_a,1,0.99,150000,0,0
w,high_order,LED_a,1,0.9925,150000,0,0
w,high_order,LED_a,1,0.995,150000,0,0
w,high_order,LED_a,1,0.9975,150000,0,0
w,high_order,LED_a,1,1.0,150000,0,0
A_hat,binary_relevance_probe,LED_a,1,0.7,600000,29738,15670
A_hat,binary_relevance_probe,LED_a,1,0.7025,600000,29167,15411
A_hat,binary_relevance_probe,LED_a,1,0.705,600000,28567,15106
A_hat,binary_relevance_probe,LED_a,1,0.7075,600000,28027,14854
A_hat,binary_relevance_probe,LED_a,1,0.71,600000,27496,14581
A_hat,binary_relevance_probe,LED_a,1,0.7125,600000,26945,14305
A_hat,binary_relevance_probe,LED_a,1,0.715,600000,26346,14025
A_hat,binary_relevance_probe,LED_a,1,0.7175,600000,25845,13776
A_hat,binary_relevance_probe,LED_a,1,0.72,600000,25328,13519
A_hat,binary_relevance_probe,LED_a,1,0.7225,600000,24822,13268
A_hat,binary_relevance_probe,LED_a,1,0.725,600000,24338,13022
A_hat,binary_relevance_probe,LED_a,1,0.7275,600000,23859,12796
A_hat,binary_relevance_probe,LED_a,1,0.73,600000,23343,12546
A_hat,binary_relevance_probe,LED_a,1,0.7325,600000,22832,12272
A_hat,binary_relevance_probe,LED_a,1,0.735,600000,22343,12030
A_hat,binary_relevance_probe,LED_a,1,0.7375,600000,21851,11784
A_hat,binary_relevance_probe,LED_a,1,0.74,600000,21396,11555
A_hat,binary_relevance_probe,LED_a,1,0.7425,600000,20944,11314
A_hat,binary_relevance_probe,LED_a,1,0.745,600000,20488,11103
A_hat,binary_relevance_probe,LED_a,1,0.7475,600000,20042,10865
A_hat,binary_relevance_probe,LED_a,1,0.75,600000,19559,10602
A_hat,binary_relevance_probe,LED_a,1,0.7525,600000,19174,10408
A_hat,binary_relevance_probe,LED_a,1,0.755,600000,18762,10202
A_hat,binary_relevance_probe,LED_a,1,0.7575,600000,18317,9973
A_hat,binary_relevance_probe,LED_a,1,0.76,600000,17890,9774
A_hat,binary_relevance_probe,LED_a,1,0.7625,600000,17507,9571
A_hat,binary_relevance_probe,LED_a,1,0.765,600000,17131,9371
A_hat,binary_relevance_probe,LED_a,1,0.7675,600000,16744,9182
A_hat,binary_relevance_probe,LED_a,1,0.77,600000,16350,8982
A_hat,binary_relevance_probe,LED_a,1,0.7725,600000,15976,8796
A_hat,binary_relevance_probe,LED_a,1,0.775,600000,15590,8601
A_hat,binary_relevance_probe,LED_a,1,0.7775,600000,15233,8438
A_hat,binary_relevance_probe,LED_a,1,0.78,600000,14872,8248
A_hat,binary_relevance_probe,LED_a,1,0.7825,600000,14529,8064
A_hat,binary_relevance_probe,LED_a,1,0.785,600000,14169,7887
A_hat,binary_relevance_probe,LED_a,1,0.7875,600000,13865,7739
A_hat,binary_relevance_probe,LED_a,1,0.79,600000,13516,7576
A_hat,binary_relevance_probe,LED_a,1,0.7925,600000,13185,7416
A_hat,binary_relevance_probe,LED_a,1,0.795,600000,12881,7258
A_hat,binary_relevance_probe,LED_a,1,0.7975,600000,12554,7093
A_hat,binary_relevance_probe,LED_a,1,0.8,600000,12223,6922
A_hat,binary_relevance_probe,LED_a,1,0.8025,600000,11904,6746
A_hat,binary_relevance_probe,LED_a,1,0.805,600000,11584,6583
A_hat,binary_relevance_probe,LED_a,1,0.8075,600000,11264,6419
A_hat,binary_relevance_probe,LED_a,1,0.81,600000,10967,6266
A_hat,binary_relevance_probe,LED_a,1,0.8125,600000,10642,6099
A_hat,binary_relevance_probe,LED_a,1,0.815,600000,10348,5942
A_hat,binary_relevance_probe,LED_a,1,0.8175,600000,10066,5801
A_hat,binary_relevance_probe,LED_a,1,0.82,600000,9785,5662
A_hat,binary_relevance_probe,LED_a,1,0.8225,600000,9553,5543
A_hat,binary_relevance_probe,LED_a,1,0.825,600000,9281,5402
A_hat,binary_relevance_probe,LED_a,1,0.8275,600000,9031,5290
A_hat,binary_relevance_probe,LED_a,1,0.83,600000,8771,5158
A_hat,binary_relevance_probe,LED_a,1,0.8325,600000,8507,5013
A_hat,binary_relevance_probe,LED_a,1,0.835,600000,8242,4877
A_hat,binary_relevance_probe,LED_a,1,0.8375,600000,8009,4745
A_hat,binary_relevance_probe,LED_a,1,0.84,600000,7748,4603
A_hat,binary_relevance_probe,LED_a,1,0.8425,600000,7514,4476
A_hat,binary_relevance_probe,LED_a,1,0.845,600000,7270,4327
A_hat,binary_relevance_probe,LED_a,1,0.8475,600000,7045,4211
A_hat,binary_relevance_probe,LED_a,1,0.85,600000,6808,4076
A_hat,binary_relevance_probe,LED_a,1,0.8525,600000,6579,3948
A_hat,binary_relevance_probe,LED_a,1,0.855,600000,6352,3812
A_hat,binary_relevance_probe,LED_a,1,0.8575,600000,6135,3693
A_hat,binary_relevance_probe,LED_a,1,0.86,600000,5924,3576
A_hat,binary_relevance_probe,LED_a,1,0.8625,600000,5719,3453
A_hat,binary_relevance_probe,LED_a,1,0.865,600000,5518,3347
A_hat,binary_relevance_probe,LED_a,1,0.8675,600000,5292,3212
A_hat,binary_relevance_probe,LED_a,1,0.87,600000,5090,3088
A_hat,binary_relevance_probe,LED_a,1,0.8725,600000,4898,2972
A_hat,binary_relevance_probe,LED_a,1,0.875,600000,4674,2838
A_hat,binary_relevance_probe,LED_a,1,0.8775,600000,4471,2719
A_hat,binary_relevance_probe,LED_a,1,0.88,600000,4277,2621
A_hat,binary_relevance_probe,LED_a,1,0.8825,600000,4060,2505
A_hat,binary_relevance_probe,LED_a,1,0.885,600000,3864,2398
A_hat,binary_relevance_probe,LED_a,1,0.8875,600000,3679,2272
A_hat,binary_relevance_probe,LED_a,1,0.89,600000,3509,2172
A_hat,binary_relevance_probe,LED_a,1,0.8925,600000,3330,2067
A_hat,binary_relevance_probe,LED_a,1,0.895,600000,3158,1959
A_hat,binary_relevance_probe,LED_a,1,0.8975,600000,2980,1856
A_hat,binary_relevance_probe,LED_a,1,0.9,600000,2804,1760
A_hat,binary_relevance_probe,LED_a,1,0.9025,600000,2659,1678
A_hat,binary_relevance_probe,LED_a,1,0.905,600000,2499,1579
A_hat,binary_relevance_probe,LED_a,1,0.9075,600000,2331,1468
A_hat,binary_relevance_probe,LED_a,1,0.91,600000,2206,1383
A_hat,binary_relevance_probe,LED_a,1,0.9125,600000,2045,1292
A_hat,binary_relevance_probe,LED_a,1,0.915,600000,1919,1207
A_hat,binary_relevance_probe,LED_a,1,0.9175,600000,1795,1135
A_hat,binary_relevance_probe,LED_a,1,0.92,600000,1660,1052
A_hat,binary_relevance_probe,LED_a,1,0.9225,600000,1532,969
A_hat,binary_relevance_probe,LED_a,1,0.925,600000,1400,885
A_hat,binary_relevance_probe,LED_a,1,0.9275,600000,1289,811
A_hat,binary_relevance_probe,LED_a,1,0.93,600000,1178,737
A_hat,binary_relevance_probe,LED_a,1,0.9325,600000,1083,672
A_hat,binary_relevance_probe,LED_a,1,0.935,600000,977,606
A_hat,binary_relevance_probe,LED_a,1,0.9375,600000,897,556
A_hat,binary_relevance_probe,LED_a,1,0.94,600000,798,498
A_hat,binary_relevance_probe,LED_a,1,0.9425,600000,720,450
A_hat,binary_relevance_probe,LED_a,1,0.945,600000,653,411
A_hat,binary_relevance_probe,LED_a,1,0.9475,600000,575,364
A_hat,binary_relevance_probe,LED_a,1,0.95,600000,506,326
A_hat,binary_relevance_probe,LED_a,1,0.9525,600000,444,285
A_hat,binary_relevance_probe,LED_a,1,0.955,600000,386,248
A_hat,binary_relevance_probe,LED_a,1,0.9575,600000,343,222
A_hat,binary_relevance_probe,LED_a,1,0.96,600000,295,187
A_hat,binary_relevance_probe,LED_a,1,0.9625,600000,257,165
A_hat,binary_relevance_probe,LED_a,1,0.965,600000,220,138
A_hat,binary_relevance_probe,LED_a,1,0.9675,600000,178,111
A_hat,binary_relevance_probe,LED_a,1,0.97,600000,148,93
A_hat,binary_relevance_probe,LED_a,1,0.9725,600000,116,72
A_hat,binary_relevance_probe,LED_a,1,0.975,600000,92,61
A_hat,binary_relevance_probe,LED_a,1,0.9775,600000,84,57
A_hat,binary_relevance_probe,LED_a,1,0.98,600000,72,50
A_hat,binary_relevance_probe,LED_a,1,0.9825,600000,64,45
A_hat,binary_relevance_probe,LED_a,1,0.985,600000,53,40
A_hat,binary_relevance_probe,LED_a,1,0.9875,600000,42,32
A_hat,binary_relevance_probe,LED_a,1,0.99,600000,32,26
A_hat,binary_relevance_probe,LED_a,1,0.9925,600000,22,18
A_hat,binary_relevance_probe,LED_a,1,0.995,600000,3,3
A_hat,binary_relevance_probe,LED_a,1,0.9975,600000,0,0
A_hat,binary_relevance_probe,LED_a,1,1.0,600000,0,0
M,high_order,LED_g,1,0.7,150000,30679,12751
M,high_order,LED_g,1,0.7025,150000,30352,12573
M,high_order,LED_g,1,0.705,150000,30016,12395
M,high_order,LED_g,1,0.7075,150000,29720,12260
M,high_order,LED_g,1,0.71,150000,29404,12106
M,high_order,LED_g,1,0.7125,150000,29150,11977
M,high_order,LED_g,1,0.715,150000,28880,11859
M,high_order,LED_g,1,0.7175,150000,28631,11762
M,high_order,LED_g,1,0.72,150000,28359,11633
M,high_order,LED_g,1,0.7225,150000,28200,11558
M,high_order,LED_g,1,0.725,150000,27980,11480
M,high_order,LED_g,1,0.7275,150000,27777,11373
M,high_order,LED_g,1,0.73,150000,27623,11307
M,high_order,LED_g,1,0.7325,150000,27387,11212
M,high_order,LED_g,1,0.735,150000,27175,11142
M,high_order,LED_g,1,0.7375,150000,27014,11079
M,high_order,LED_g,1,0.74,150000,26833,10994
M,high_order,LED_g,1,0.7425,150000,26657,10921
M,high_order,LED_g,1,0.745,150000,26489,10858
M,high_order,LED_g,1,0.7475,150000,26325,10795
M,high_order,LED_g,1,0.75,150000,26145,10727
M,high_order,LED_g,1,0.7525,150000,25968,10668
M,high_order,LED_g,1,0.755,150000,25819,10611
M,high_order,LED_g,1,0.7575,150000,25662,10551
M,high_order,LED_g,1,0.76,150000,25521,10488
M,high_order,LED_g,1,0.7625,150000,25368,10427
M,high_order,LED_g,1,0.765,150000,25163,10341
M,high_order,LED_g,1,0.7675,150000,24994,10277
M,high_order,LED_g,1,0.77,150000,24837,10226
M,high_order,LED_g,1,0.7725,150000,24621,10117
M,high_order,LED_g,1,0.775,150000,24410,10044
M,high_order,LED_g,1,0.7775,150000,24231,9969
M,high_order,LED_g,1,0.78,150000,23962,9868
M,high_order,LED_g,1,0.7825,150000,23827,9819
M,high_order,LED_g,1,0.785,150000,23689,9776
M,high_order,LED_g,1,0.7875,150000,23513,9711
M,high_order,LED_g,1,0.79,150000,23372,9655
M,high_order,LED_g,1,0.7925,150000,23191,9595
M,high_order,LED_g,1,0.795,150000,23025,9529
M,high_order,LED_g,1,0.7975,150000,22845,9460
M,high_order,LED_g,1,0.8,150000,22668,9402
M,high_order,LED_g,1,0.8025,150000,22505,9350
M,high_order,LED_g,1,0.805,150000,22331,9282
M,high_order,LED_g,1,0.8075,150000,22182,9226
M,high_order,LED_g,1,0.81,150000,22064,9172
M,high_order,LED_g,1,0.8125,150000,21914,9124
M,high_order,LED_g,1,0.815,150000,21783,9074
M,high_order,LED_g,1,0.8175,150000,21647,9030
M,high_order,LED_g,1,0.82,150000,21519,8964
M,high_order,LED_g,1,0.8225,150000,21419,8912
M,high_order,LED_g,1,0.825,150000,21262,8827
M,high_order,LED_g,1,0.8275,150000,21107,8772
M,high_order,LED_g,1,0.83,150000,20981,8725
M,high_order,LED_g,1,0.8325,150000,20830,8664
M,high_order,LED_g,1,0.835,150000,20728,8614
M,high_order,LED_g,1,0.8375,150000,20626,8568
M,high_order,LED_g,1,0.84,150000,20477,8492
M,high_order,LED_g,1,0.8425,150000,20321,8412
M,high_order,LED_g,1,0.845,150000,20150,8328
M,high_order,LED_g,1,0.8475,150000,20031,8272
M,high_order,LED_g,1,0.85,150000,19912,8223
M,high_order,LED_g,1,0.8525,150000,19807,8185
M,high_order,LED_g,1,0.855,150000,19659,8125
M,high_order,LED_g,1,0.8575,150000,19510,8051
M,high_order,LED_g,1,0.86,150000,19335,7977
M,high_order,LED_g,1,0.8625,150000,19182,7915
M,high_order,LED_g,1,0.865,150000,19032,7835
M,high_order,LED_g,1,0.8675,150000,18934,7792
M,high_order,LED_g,1,0.87,150000,18819,7748
M,high_order,LED_g,1,0.8725,150000,18678,7690
M,high_order,LED_g,1,0.875,150000,18530,7614
M,high_order,LED_g,1,0.8775,150000,18367,7530
M,high_order,LED_g,1,0.88,150000,18197,7435
M,high_order,LED_g,1,0.8825,150000,18007,7314
M,high_order,LED_g,1,0.885,150000,17862,7235
M,high_order,LED_g,1,0.8875,150000,17705,7163
M,high_order,LED_g,1,0.89,150000,17523,7076
M,high_order,LED_g,1,0.8925,150000,17371,6982
M,high_order,LED_g,1,0.895,150000,17229,6914
M,high_order,LED_g,1,0.8975,150000,17042,6800
M,high_order,LED_g,1,0.9,150000,16884,6725
M,high_order,LED_g,1,0.9025,150000,16737,6649
M,high_order,LED_g,1,0.905,150000,16600,6577
M,high_order,LED_g,1,0.9075,150000,16443,6504
M,high_order,LED_g,1,0.91,150000,16286,6426
M,high_order,LED_g,1,0.9125,150000,16141,6358
M,high_order,LED_g,1,0.915,150000,16012,6299
M,high_order,LED_g,1,0.9175,150000,15810,6196
M,high_order,LED_g,1,0.92,150000,15654,6122
M,high_order,LED_g,1,0.9225,150000,15483,6028
M,high_order,LED_g,1,0.925,150000,15363,5980
M,high_order,LED_g,1,0.9275,150000,15205,5899
M,high_order,LED_g,1,0.93,150000,15043,5815
M,high_order,LED_g,1,0.9325,150000,14872,5724
M,high_order,LED_g,1,0.935,150000,14721,5657
M,high_order,LED_g,1,0.9375,150000,14575,5587
M,high_order,LED_g,1,0.94,150000,14368,5496
M,high_order,LED_g,1,0.9425,150000,14202,5418
M,high_order,LED_g,1,0.945,150000,14045,5353
M,high_order,LED_g,1,0.9475,150000,13918,5294
M,high_order,LED_g,1,0.95,150000,13751,5210
M,high_order,LED_g,1,0.9525,150000,13545,5118
M,high_order,LED_g,1,0.955,150000,13362,5017
M,high_order,LED_g,1,0.9575,150000,13194,4931
M,high_order,LED_g,1,0.96,150000,13038,4854
M,high_order,LED_g,1,0.9625,150000,12892,4783
M,high_order,LED_g,1,0.965,150000,12726,4712
M,high_order,LED_g,1,0.9675,150000,12545,4626
M,high_order,LED_g,1,0.97,150000,12352,4551
M,high_order,LED_g,1,0.9725,150000,12166,4469
M,high_order,LED_g,1,0.975,150000,11975,4382
M,high_order,LED_g,1,0.9775,150000,11770,4278
M,high_order,LED_g,1,0.98,150000,11604,4214
M,high_order,LED_g,1,0.9825,150000,11380,4111
M,high_order,LED_g,1,0.985,150000,11150,4008
M,high_order,LED_g,1,0.9875,150000,10923,3912
M,high_order,LED_g,1,0.99,150000,10643,3798
M,high_order,LED_g,1,0.9925,150000,10364,3687
M,high_order,LED_g,1,0.995,150000,10006,3537
M,high_order,LED_g,1,0.9975,150000,9557,3355
M,high_order,LED_g,1,1.0,150000,8089,2768
c,high_order,LED_g,1,0.7,150000,17455,13463
c,high_order,LED_g,1,0.7025,150000,17455,13463
c,high_order,LED_g,1,0.705,150000,17455,13463
c,high_order,LED_g,1,0.7075,150000,17455,13463
c,high_order,LED_g,1,0.71,150000,17455,13463
c,high_order,LED_g,1,0.7125,150000,17455,13463
c,high_order,LED_g,1,0.715,150000,17455,13463
c,high_order,LED_g,1,0.7175,150000,17455,13463
c,high_order,LED_g,1,0.72,150000,17455,13463
c,high_order,LED_g,1,0.7225,150000,17455,13463
c,high_order,LED_g,1,0.725,150000,13850,11014
c,high_order,LED_g,1,0.7275,150000,13850,11014
c,high_order,LED_g,1,0.73,150000,13850,11014
c,high_order,LED_g,1,0.7325,150000,13850,11014
c,high_order,LED_g,1,0.735,150000,13850,11014
c,high_order,LED_g,1,0.7375,150000,13850,11014
c,high_order,LED_g,1,0.74,150000,13850,11014
c,high_order,LED_g,1,0.7425,150000,13850,11014
c,high_order,LED_g,1,0.745,150000,13850,11014
c,high_order,LED_g,1,0.7475,150000,13850,11014
c,high_order,LED_g,1,0.75,150000,13850,11014
c,high_order,LED_g,1,0.7525,150000,13850,11014
c,high_order,LED_g,1,0.755,150000,13850,11014
c,high_order,LED_g,1,0.7575,150000,13850,11014
c,high_order,LED_g,1,0.76,150000,10324,8415
c,high_order,LED_g,1,0.7625,150000,10324,8415
c,high_order,LED_g,1,0.765,150000,10324,8415
c,high_order,LED_g,1,0.7675,150000,10324,8415
c,high_order,LED_g,1,0.77,150000,10324,8415
c,high_order,LED_g,1,0.7725,150000,10324,8415
c,high_order,LED_g,1,0.775,150000,10324,8415
c,high_order,LED_g,1,0.7775,150000,10324,8415
c,high_order,LED_g,1,0.78,150000,10324,8415
c,high_order,LED_g,1,0.7825,150000,10324,8415
c,high_order,LED_g,1,0.785,150000,10324,8415
c,high_order,LED_g,1,0.7875,150000,10324,8415
c,high_order,LED_g,1,0.79,150000,10324,8415
c,high_order,LED_g,1,0.7925,150000,10324,8415
c,high_order,LED_g,1,0.795,150000,7118,5943
c,high_order,LED_g,1,0.7975,150000,7118,5943
c,high_order,LED_g,1,0.8,150000,7118,5943
c,high_order,LED_g,1,0.8025,150000,7118,5943
c,high_order,LED_g,1,0.805,150000,7118,5943
c,high_order,LED_g,1,0.8075,150000,7118,5943
c,high_order,LED_g,1,0.81,150000,7118,5943
c,high_order,LED_g,1,0.8125,150000,7118,5943
c,high_order,LED_g,1,0.815,150000,7118,5943
c,high_order,LED_g,1,0.8175,150000,7118,5943
c,high_order,LED_g,1,0.82,150000,7118,5943
c,high_order,LED_g,1,0.8225,150000,7118,5943
c,high_order,LED_g,1,0.825,150000,7118,5943
c,high_order,LED_g,1,0.8275,150000,7118,5943
c,high_order,LED_g,1,0.83,150000,4740,4036
c,high_order,LED_g,1,0.8325,150000,4740,4036
c,high_order,LED_g,1,0.835,150000,4740,4036
c,high_order,LED_g,1,0.8375,150000,4740,4036
c,high_order,LED_g,1,0.84,150000,4740,4036
c,high_order,LED_g,1,0.8425,150000,4740,4036
c,high_order,LED_g,1,0.845,150000,4740,4036
c,high_order,LED_g,1,0.8475,150000,4740,4036
c,high_order,LED_g,1,0.85,150000,4740,4036
c,high_order,LED_g,1,0.8525,150000,4740,4036
c,high_order,LED_g,1,0.855,150000,4740,4036
c,high_order,LED_g,1,0.8575,150000,4740,4036
c,high_order,LED_g,1,0.86,150000,4740,4036
c,high_order,LED_g,1,0.8625,150000,2983,2553
c,high_order,LED_g,1,0.865,150000,2983,2553
c,high_order,LED_g,1,0.8675,150000,2983,2553
c,high_order,LED_g,1,0.87,150000,2983,2553
c,high_order,LED_g,1,0.8725,150000,2983,2553
c,high_order,LED_g,1,0.875,150000,2983,2553
c,high_order,LED_g,1,0.8775,150000,2983,2553
c,high_order,LED_g,1,0.88,150000,2983,2553
c,high_order,LED_g,1,0.8825,150000,2983,2553
c,high_order,LED_g,1,0.885,150000,2983,2553
c,high_order,LED_g,1,0.8875,150000,2983,2553
c,high_order,LED_g,1,0.89,150000,2983,2553
c,high_order,LED_g,1,0.8925,150000,2983,2553
c,high_order,LED_g,1,0.895,150000,2983,2553
c,high_order,LED_g,1,0.8975,150000,1853,1597
c,high_order,LED_g,1,0.9,150000,1853,1597
c,high_order,LED_g,1,0.9025,150000,1853,1597
c,high_order,LED_g,1,0.905,150000,1853,1597
c,high_order,LED_g,1,0.9075,150000,1853,1597
c,high_order,LED_g,1,0.91,150000,1853,1597
c,high_order,LED_g,1,0.9125,150000,1853,1597
c,high_order,LED_g,1,0.915,150000,1853,1597
c,high_order,LED_g,1,0.9175,150000,1853,1597
c,high_order,LED_g,1,0.92,150000,1853,1597
c,high_order,LED_g,1,0.9225,150000,1853,1597
c,high_order,LED_g,1,0.925,150000,1853,1597
c,high_order,LED_g,1,0.9275,150000,1853,1597
c,high_order,LED_g,1,0.93,150000,1853,1597
c,high_order,LED_g,1,0.9325,150000,946,828
c,high_order,LED_g,1,0.935,150000,946,828
c,high_order,LED_g,1,0.9375,150000,946,828
c,high_order,LED_g,1,0.94,150000,946,828
c,high_order,LED_g,1,0.9425,150000,946,828
c,high_order,LED_g,1,0.945,150000,946,828
c,high_order,LED_g,1,0.9475,150000,946,828
c,high_order,LED_g,1,0.95,150000,946,828
c,high_order,LED_g,1,0.9525,150000,946,828
c,high_order,LED_g,1,0.955,150000,946,828
c,high_order,LED_g,1,0.9575,150000,946,828
c,high_order,LED_g,1,0.96,150000,946,828
c,high_order,LED_g,1,0.9625,150000,946,828
c,high_order,LED_g,1,0.965,150000,946,828
c,high_order,LED_g,1,0.9675,150000,273,249
c,high_order,LED_g,1,0.97,150000,273,249
c,high_order,LED_g,1,0.9725,150000,273,249
c,high_order,LED_g,1,0.975,150000,273,249
c,high_order,LED_g,1,0.9775,150000,273,249
c,high_order,LED_g,1,0.98,150000,273,249
c,high_order,LED_g,1,0.9825,150000,273,249
c,high_order,LED_g,1,0.985,150000,273,249
c,high_order,LED_g,1,0.9875,150000,273,249
c,high_order,LED_g,1,0.99,150000,273,249
c,high_order,LED_g,1,0.9925,150000,273,249
c,high_order,LED_g,1,0.995,150000,273,249
c,high_order,LED_g,1,0.9975,150000,273,249
c,high_order,LED_g,1,1.0,150000,273,249
A_hat,high_order,LED_g,1,0.7,150000,16099,7624
A_hat,high_order,LED_g,1,0.7025,150000,15929,7555
A_hat,high_order,LED_g,1,0.705,150000,15748,7484
A_hat,high_order,LED_g,1,0.7075,150000,15592,7416
A_hat,high_order,LED_g,1,0.71,150000,15411,7343
A_hat,high_order,LED_g,1,0.7125,150000,15246,7273
A_hat,high_order,LED_g,1,0.715,150000,15085,7200
A_hat,high_order,LED_g,1,0.7175,150000,14929,7140
A_hat,high_order,LED_g,1,0.72,150000,14739,7058
A_hat,high_order,LED_g,1,0.7225,150000,14567,6987
A_hat,high_order,LED_g,1,0.725,150000,14389,6914
A_hat,high_order,LED_g,1,0.7275,150000,14221,6849
A_hat,high_order,LED_g,1,0.73,150000,14053,6781
A_hat,high_order,LED_g,1,0.7325,150000,13886,6714
A_hat,high_order,LED_g,1,0.735,150000,13739,6650
A_hat,high_order,LED_g,1,0.7375,150000,13577,6569
A_hat,high_order,LED_g,1,0.74,150000,13384,6478
A_hat,high_order,LED_g,1,0.7425,150000,13228,6421
A_hat,high_order,LED_g,1,0.745,150000,13084,6353
A_hat,high_order,LED_g,1,0.7475,150000,12904,6268
A_hat,high_order,LED_g,1,0.75,150000,12752,6195
A_hat,high_order,LED_g,1,0.7525,150000,12591,6130
A_hat,high_order,LED_g,1,0.755,150000,12422,6058
A_hat,high_order,LED_g,1,0.7575,150000,12265,5988
A_hat,high_order,LED_g,1,0.76,150000,12108,5928
A_hat,high_order,LED_g,1,0.7625,150000,11962,5862
A_hat,high_order,LED_g,1,0.765,150000,11794,5795
A_hat,high_order,LED_g,1,0.7675,150000,11620,5720
A_hat,high_order,LED_g,1,0.77,150000,11449,5637
A_hat,high_order,LED_g,1,0.7725,150000,11304,5562
A_hat,high_order,LED_g,1,0.775,150000,11174,5504
A_hat,high_order,LED_g,1,0.7775,150000,10999,5423
A_hat,high_order,LED_g,1,0.78,150000,10851,5362
A_hat,high_order,LED_g,1,0.7825,150000,10710,5307
A_hat,high_order,LED_g,1,0.785,150000,10569,5245
A_hat,high_order,LED_g,1,0.7875,150000,10412,5174
A_hat,high_order,LED_g,1,0.79,150000,10266,5114
A_hat,high_order,LED_g,1,0.7925,150000,10109,5044
A_hat,high_order,LED_g,1,0.795,150000,9962,4977
A_hat,high_order,LED_g,1,0.7975,150000,9799,4911
A_hat,high_order,LED_g,1,0.8,150000,9660,4842
A_hat,high_order,LED_g,1,0.8025,150000,9523,4778
A_hat,high_order,LED_g,1,0.805,150000,9375,4708
A_hat,high_order,LED_g,1,0.8075,150000,9190,4617
A_hat,high_order,LED_g,1,0.81,150000,9053,4551
A_hat,high_order,LED_g,1,0.8125,150000,8924,4488
A_hat,high_order,LED_g,1,0.815,150000,8772,4413
A_hat,high_order,LED_g,1,0.8175,150000,8635,4351
A_hat,high_order,LED_g,1,0.82,150000,8486,4283
A_hat,high_order,LED_g,1,0.8225,150000,8354,4220
A_hat,high_order,LED_g,1,0.825,150000,8214,4163
A_hat,high_order,LED_g,1,0.8275,150000,8096,4111
A_hat,high_order,LED_g,1,0.83,150000,7960,4045
A_hat,high_order,LED_g,1,0.8325,150000,7832,3994
A_hat,high_order,LED_g,1,0.835,150000,7700,3922
A_hat,high_order,LED_g,1,0.8375,150000,7552,3844
A_hat,high_order,LED_g,1,0.84,150000,7415,3785
A_hat,high_order,LED_g,1,0.8425,150000,7288,3730
A_hat,high_order,LED_g,1,0.845,150000,7169,3677
A_hat,high_order,LED_g,1,0.8475,150000,7028,3617
A_hat,high_order,LED_g,1,0.85,150000,6900,3552
A_hat,high_order,LED_g,1,0.8525,150000,6775,3491
A_hat,high_order,LED_g,1,0.855,150000,6655,3441
A_hat,high_order,LED_g,1,0.8575,150000,6530,3379
A_hat,high_order,LED_g,1,0.86,150000,6417,3323
A_hat,high_order,LED_g,1,0.8625,150000,6285,3264
A_hat,high_order,LED_g,1,0.865,150000,6177,3210
A_hat,high_order,LED_g,1,0.8675,150000,6037,3142
A_hat,high_order,LED_g,1,0.87,150000,5900,3085
A_hat,high_order,LED_g,1,0.8725,150000,5755,3015
A_hat,high_order,LED_g,1,0.875,150000,5629,2955
A_hat,high_order,LED_g,1,0.8775,150000,5512,2893
A_hat,high_order,LED_g,1,0.88,150000,5403,2836
A_hat,high_order,LED_g,1,0.8825,150000,5275,2774
A_hat,high_order,LED_g,1,0.885,150000,5145,2716
A_hat,high_order,LED_g,1,0.8875,150000,5013,2654
A_hat,high_order,LED_g,1,0.89,150000,4891,2595
A_hat,high_order,LED_g,1,0.8925,150000,4745,2527
A_hat,high_order,LED_g,1,0.895,150000,4622,2471
A_hat,high_order,LED_g,1,0.8975,150000,4490,2408
A_hat,high_order,LED_g,1,0.9,150000,4348,2350
A_hat,high_order,LED_g,1,0.9025,150000,4243,2298
A_hat,high_order,LED_g,1,0.905,150000,4146,2253
A_hat,high_order,LED_g,1,0.9075,150000,4054,2204
A_hat,high_order,LED_g,1,0.91,150000,3929,2137
A_hat,high_order,LED_g,1,0.9125,150000,3823,2085
A_hat,high_order,LED_g,1,0.915,150000,3709,2029
A_hat,high_order,LED_g,1,0.9175,150000,3597,1969
A_hat,high_order,LED_g,1,0.92,150000,3507,1923
A_hat,high_order,LED_g,1,0.9225,150000,3389,1858
A_hat,high_order,LED_g,1,0.925,150000,3315,1825
A_hat,high_order,LED_g,1,0.9275,150000,3189,1755
A_hat,high_order,LED_g,1,0.93,150000,3078,1692
A_hat,high_order,LED_g,1,0.9325,150000,2968,1639
A_hat,high_order,LED_g,1,0.935,150000,2858,1588
A_hat,high_order,LED_g,1,0.9375,150000,2761,1544
A_hat,high_order,LED_g,1,0.94,150000,2653,1484
A_hat,high_order,LED_g,1,0.9425,150000,2554,1431
A_hat,high_order,LED_g,1,0.945,150000,2453,1383
A_hat,high_order,LED_g,1,0.9475,150000,2345,1328
A_hat,high_order,LED_g,1,0.95,150000,2231,1265
A_hat,high_order,LED_g,1,0.9525,150000,2147,1227
A_hat,high_order,LED_g,1,0.955,150000,2044,1169
A_hat,high_order,LED_g,1,0.9575,150000,1942,1106
A_hat,high_order,LED_g,1,0.96,150000,1851,1051
A_hat,high_order,LED_g,1,0.9625,150000,1761,997
A_hat,high_order,LED_g,1,0.965,150000,1660,940
A_hat,high_order,LED_g,1,0.9675,150000,1579,899
A_hat,high_order,LED_g,1,0.97,150000,1482,851
A_hat,high_order,LED_g,1,0.9725,150000,1369,784
A_hat,high_order,LED_g,1,0.975,150000,1265,737
A_hat,high_order,LED_g,1,0.9775,150000,1155,674
A_hat,high_order,LED_g,1,0.98,150000,1034,609
A_hat,high_order,LED_g,1,0.9825,150000,930,552
A_hat,high_order,LED_g,1,0.985,150000,799,480
A_hat,high_order,LED_g,1,0.9875,150000,692,421
A_hat,high_order,LED_g,1,0.99,150000,570,350
A_hat,high_order,LED_g,1,0.9925,150000,455,290
A_hat,high_order,LED_g,1,0.995,150000,325,213
A_hat,high_order,LED_g,1,0.9975,150000,167,112
A_hat,high_order,LED_g,1,1.0,150000,0,0
C,high_order,LED_g,1,0.7,150000,8827,5161
C,high_order,LED_g,1,0.7025,150000,8668,5076
C,high_order,LED_g,1,0.705,150000,8542,5008
C,high_order,LED_g,1,0.7075,150000,8410,4931
C,high_order,LED_g,1,0.71,150000,8264,4845
C,high_order,LED_g,1,0.7125,150000,8128,4772
C,high_order,LED_g,1,0.715,150000,7975,4694
C,high_order,LED_g,1,0.7175,150000,7839,4621
C,high_order,LED_g,1,0.72,150000,7713,4549
C,high_order,LED_g,1,0.7225,150000,7569,4466
C,high_order,LED_g,1,0.725,150000,7420,4377
C,high_order,LED_g,1,0.7275,150000,7286,4295
C,high_order,LED_g,1,0.73,150000,7151,4223
C,high_order,LED_g,1,0.7325,150000,7001,4136
C,high_order,LED_g,1,0.735,150000,6866,4065
C,high_order,LED_g,1,0.7375,150000,6768,4010
C,high_order,LED_g,1,0.74,150000,6662,3946
C,high_order,LED_g,1,0.7425,150000,6535,3871
C,high_order,LED_g,1,0.745,150000,6410,3794
C,high_order,LED_g,1,0.7475,150000,6285,3723
C,high_order,LED_g,1,0.75,150000,6151,3649
C,high_order,LED_g,1,0.7525,150000,6041,3582
C,high_order,LED_g,1,0.755,150000,5924,3511
C,high_order,LED_g,1,0.7575,150000,5805,3441
C,high_order,LED_g,1,0.76,150000,5685,3374
C,high_order,LED_g,1,0.7625,150000,5581,3311
C,high_order,LED_g,1,0.765,150000,5480,3261
C,high_order,LED_g,1,0.7675,150000,5379,3199
C,high_order,LED_g,1,0.77,150000,5260,3124
C,high_order,LED_g,1,0.7725,150000,5163,3067
C,high_order,LED_g,1,0.775,150000,5047,2996
C,high_order,LED_g,1,0.7775,150000,4950,2937
C,high_order,LED_g,1,0.78,150000,4845,2877
C,high_order,LED_g,1,0.7825,150000,4736,2819
C,high_order,LED_g,1,0.785,150000,4638,2751
C,high_order,LED_g,1,0.7875,150000,4527,2689
C,high_order,LED_g,1,0.79,150000,4450,2646
C,high_order,LED_g,1,0.7925,150000,4363,2596
C,high_order,LED_g,1,0.795,150000,4270,2543
C,high_order,LED_g,1,0.7975,150000,4172,2481
C,high_order,LED_g,1,0.8,150000,4072,2419
C,high_order,LED_g,1,0.8025,150000,3975,2364
C,high_order,LED_g,1,0.805,150000,3904,2321
C,high_order,LED_g,1,0.8075,150000,3806,2260
C,high_order,LED_g,1,0.81,150000,3725,2210
C,high_order,LED_g,1,0.8125,150000,3637,2167
C,high_order,LED_g,1,0.815,150000,3544,2112
C,high_order,LED_g,1,0.8175,150000,3456,2049
C,high_order,LED_g,1,0.82,150000,3380,2008
C,high_order,LED_g,1,0.8225,150000,3299,1964
C,high_order,LED_g,1,0.825,150000,3221,1923
C,high_order,LED_g,1,0.8275,150000,3135,1883
C,high_order,LED_g,1,0.83,150000,3047,1830
C,high_order,LED_g,1,0.8325,150000,2982,1794
C,high_order,LED_g,1,0.835,150000,2910,1753
C,high_order,LED_g,1,0.8375,150000,2832,1708
C,high_order,LED_g,1,0.84,150000,2763,1663
C,high_order,LED_g,1,0.8425,150000,2674,1611
C,high_order,LED_g,1,0.845,150000,2605,1575
C,high_order,LED_g,1,0.8475,150000,2523,1533
C,high_order,LED_g,1,0.85,150000,2459,1497
C,high_order,LED_g,1,0.8525,150000,2395,1458
C,high_order,LED_g,1,0.855,150000,2324,1419
C,high_order,LED_g,1,0.8575,150000,2268,1390
C,high_order,LED_g,1,0.86,150000,2196,1350
C,high_order,LED_g,1,0.8625,150000,2143,1319
C,high_order,LED_g,1,0.865,150000,2078,1288
C,high_order,LED_g,1,0.8675,150000,2015,1251
C,high_order,LED_g,1,0.87,150000,1961,1219
C,high_order,LED_g,1,0.8725,150000,1904,1187
C,high_order,LED_g,1,0.875,150000,1846,1152
C,high_order,LED_g,1,0.8775,150000,1791,1122
C,high_order,LED_g,1,0.88,150000,1743,1094
C,high_order,LED_g,1,0.8825,150000,1701,1070
C,high_order,LED_g,1,0.885,150000,1645,1037
C,high_order,LED_g,1,0.8875,150000,1608,1018
C,high_order,LED_g,1,0.89,150000,1561,991
C,high_order,LED_g,1,0.8925,150000,1519,962
C,high_order,LED_g,1,0.895,150000,1465,928
C,high_order,LED_g,1,0.8975,150000,1424,900
C,high_order,LED_g,1,0.9,150000,1375,874
C,high_order,LED_g,1,0.9025,150000,1336,849
C,high_order,LED_g,1,0.905,150000,1297,827
C,high_order,LED_g,1,0.9075,150000,1254,804
C,high_order,LED_g,1,0.91,150000,1210,776
C,high_order,LED_g,1,0.9125,150000,1165,748
C,high_order,LED_g,1,0.915,150000,1114,710
C,high_order,LED_g,1,0.9175,150000,1076,687
C,high_order,LED_g,1,0.92,150000,1020,652
C,high_order,LED_g,1,0.9225,150000,977,627
C,high_order,LED_g,1,0.925,150000,947,608
C,high_order,LED_g,1,0.9275,150000,917,590
C,high_order,LED_g,1,0.93,150000,880,566
C,high_order,LED_g,1,0.9325,150000,851,549
C,high_order,LED_g,1,0.935,150000,813,527
C,high_order,LED_g,1,0.9375,150000,769,500
C,high_order,LED_g,1,0.94,150000,722,471
C,high_order,LED_g,1,0.9425,150000,678,452
C,high_order,LED_g,1,0.945,150000,651,432
C,high_order,LED_g,1,0.9475,150000,630,416
C,high_order,LED_g,1,0.95,150000,586,386
C,high_order,LED_g,1,0.9525,150000,562,369
C,high_order,LED_g,1,0.955,150000,526,341
C,high_order,LED_g,1,0.9575,150000,490,315
C,high_order,LED_g,1,0.96,150000,452,288
C,high_order,LED_g,1,0.9625,150000,418,264
C,high_order,LED_g,1,0.965,150000,385,243
C,high_order,LED_g,1,0.9675,150000,356,221
C,high_order,LED_g,1,0.97,150000,327,202
C,high_order,LED_g,1,0.9725,150000,295,182
C,high_order,LED_g,1,0.975,150000,261,163
C,high_order,LED_g,1,0.9775,150000,239,149
C,high_order,LED_g,1,0.98,150000,214,133
C,high_order,LED_g,1,0.9825,150000,182,112
C,high_order,LED_g,1,0.985,150000,157,96
C,high_order,LED_g,1,0.9875,150000,135,80
C,high_order,LED_g,1,0.99,150000,110,63
C,high_order,LED_g,1,0.9925,150000,83,48
C,high_order,LED_g,1,0.995,150000,59,34
C,high_order,LED_g,1,0.9975,150000,34,15
C,high_order,LED_g,1,1.0,150000,0,0
w,high_order,LED_g,1,0.7,150000,6142,4827
w,high_order,LED_g,1,0.7025,150000,5951,4682
w,high_order,LED_g,1,0.705,150000,5799,4567
w,high_order,LED_g,1,0.7075,150000,5637,4446
w,high_order,LED_g,1,0.71,150000,5453,4305
w,high_order,LED_g,1,0.7125,150000,5300,4191
w,high_order,LED_g,1,0.715,150000,5160,4093
w,high_order,LED_g,1,0.7175,150000,5005,3975
w,high_order,LED_g,1,0.72,150000,4849,3848
w,high_order,LED_g,1,0.7225,150000,4704,3740
w,high_order,LED_g,1,0.725,150000,4562,3632
w,high_order,LED_g,1,0.7275,150000,4416,3516
w,high_order,LED_g,1,0.73,150000,4287,3413
w,high_order,LED_g,1,0.7325,150000,4160,3325
w,high_order,LED_g,1,0.735,150000,4038,3236
w,high_order,LED_g,1,0.7375,150000,3900,3130
w,high_order,LED_g,1,0.74,150000,3779,3036
w,high_order,LED_g,1,0.7425,150000,3646,2929
w,high_order,LED_g,1,0.745,150000,3513,2823
w,high_order,LED_g,1,0.7475,150000,3383,2726
w,high_order,LED_g,1,0.75,150000,3278,2644
w,high_order,LED_g,1,0.7525,150000,3173,2555
w,high_order,LED_g,1,0.755,150000,3046,2457
w,high_order,LED_g,1,0.7575,150000,2941,2378
w,high_order,LED_g,1,0.76,150000,2826,2285
w,high_order,LED_g,1,0.7625,150000,2727,2200
w,high_order,LED_g,1,0.765,150000,2631,2128
w,high_order,LED_g,1,0.7675,150000,2545,2056
w,high_order,LED_g,1,0.77,150000,2435,1966
w,high_order,LED_g,1,0.7725,150000,2347,1905
w,high_order,LED_g,1,0.775,150000,2260,1832
w,high_order,LED_g,1,0.7775,150000,2162,1746
w,high_order,LED_g,1,0.78,150000,2073,1680
w,high_order,LED_g,1,0.7825,150000,1994,1621
w,high_order,LED_g,1,0.785,150000,1907,1549
w,high_order,LED_g,1,0.7875,150000,1819,1477
w,high_order,LED_g,1,0.79,150000,1729,1412
w,high_order,LED_g,1,0.7925,150000,1646,1344
w,high_order,LED_g,1,0.795,150000,1569,1288
w,high_order,LED_g,1,0.7975,150000,1517,1244
w,high_order,LED_g,1,0.8,150000,1457,1195
w,high_order,LED_g,1,0.8025,150000,1399,1148
w,high_order,LED_g,1,0.805,150000,1336,1096
w,high_order,LED_g,1,0.8075,150000,1277,1052
w,high_order,LED_g,1,0.81,150000,1203,990
w,high_order,LED_g,1,0.8125,150000,1133,933
w,high_order,LED_g,1,0.815,150000,1068,886
w,high_order,LED_g,1,0.8175,150000,1014,841
w,high_order,LED_g,1,0.82,150000,963,799
w,high_order,LED_g,1,0.8225,150000,917,762
w,high_order,LED_g,1,0.825,150000,867,722
w,high_order,LED_g,1,0.8275,150000,826,683
w,high_order,LED_g,1,0.83,150000,793,657
w,high_order,LED_g,1,0.8325,150000,750,623
w,high_order,LED_g,1,0.835,150000,707,585
w,high_order,LED_g,1,0.8375,150000,677,560
w,high_order,LED_g,1,0.84,150000,633,522
w,high_order,LED_g,1,0.8425,150000,596,489
w,high_order,LED_g,1,0.845,150000,568,464
w,high_order,LED_g,1,0.8475,150000,534,436
w,high_order,LED_g,1,0.85,150000,498,405
w,high_order,LED_g,1,0.8525,150000,457,374
w,high_order,LED_g,1,0.855,150000,418,342
w,high_order,LED_g,1,0.8575,150000,394,319
w,high_order,LED_g,1,0.86,150000,370,300
w,high_order,LED_g,1,0.8625,150000,352,287
w,high_order,LED_g,1,0.865,150000,332,273
w,high_order,LED_g,1,0.8675,150000,317,261
w,high_order,LED_g,1,0.87,150000,301,247
w,high_order,LED_g,1,0.8725,150000,276,231
w,high_order,LED_g,1,0.875,150000,253,214
w,high_order,LED_g,1,0.8775,150000,230,196
w,high_order,LED_g,1,0.88,150000,212,181
w,high_order,LED_g,1,0.8825,150000,198,168
w,high_order,LED_g,1,0.885,150000,182,157
w,high_order,LED_g,1,0.8875,150000,175,150
w,high_order,LED_g,1,0.89,150000,157,137
w,high_order,LED_g,1,0.8925,150000,143,124
w,high_order,LED_g,1,0.895,150000,131,113
w,high_order,LED_g,1,0.8975,150000,124,106
w,high_order,LED_g,1,0.9,150000,119,102
w,high_order,LED_g,1,0.9025,150000,108,91
w,high_order,LED_g,1,0.905,150000,99,85
w,high_order,LED_g,1,0.9075,150000,91,77
w,high_order,LED_g,1,0.91,150000,80,66
w,high_order,LED_g,1,0.9125,150000,75,61
w,high_order,LED_g,1,0.915,150000,68,55
w,high_order,LED_g,1,0.9175,150000,63,52
w,high_order,LED_g,1,0.92,150000,59,49
w,high_order,LED_g,1,0.9225,150000,56,47
w,high_order,LED_g,1,0.925,150000,50,41
w,high_order,LED_g,1,0.9275,150000,45,36
w,high_order,LED_g,1,0.93,150000,41,32
w,high_order,LED_g,1,0.9325,150000,34,27
w,high_order,LED_g,1,0.935,150000,33,26
w,high_order,LED_g,1,0.9375,150000,30,24
w,high_order,LED_g,1,0.94,150000,28,22
w,high_order,LED_g,1,0.9425,150000,27,21
w,high_order,LED_g,1,0.945,150000,22,18
w,high_order,LED_g,1,0.9475,150000,18,15
w,high_order,LED_g,1,0.95,150000,17,14
w,high_order,LED_g,1,0.9525,150000,12,10
w,high_order,LED_g,1,0.955,150000,8,7
w,high_order,LED_g,1,0.9575,150000,5,4
w,high_order,LED_g,1,0.96,150000,2,1
w,high_order,LED_g,1,0.9625,150000,1,0
w,high_order,LED_g,1,0.965,150000,1,0
w,high_order,LED_g,1,0.9675,150000,1,0
w,high_order,LED_g,1,0.97,150000,0,0
w,high_order,LED_g,1,0.9725,150000,0,0
w,high_order,LED_g,1,0.975,150000,0,0
w,high_order,LED_g,1,0.9775,150000,0,0
w,high_order,LED_g,1,0.98,150000,0,0
w,high_order,LED_g,1,0.9825,150000,0,0
w,high_order,LED_g,1,0.985,150000,0,0
w,high_order,LED_g,1,0.9875,150000,0,0
w,high_order,LED_g,1,0.99,150000,0,0
w,high_order,LED_g,1,0.9925,150000,0,0
w,high_order,LED_g,1,0.995,150000,0,0
w,high_order,LED_g,1,0.9975,150000,0,0
w,high_order,LED_g,1,1.0,150000,0,0
A_hat,binary_relevance_probe,LED_g,1,0.7,600000,25200,12718
A_hat,binary_relevance_probe,LED_g,1,0.7025,600000,24779,12541
A_hat,binary_relevance_probe,LED_g,1,0.705,600000,24345,12352
A_hat,binary_relevance_probe,LED_g,1,0.7075,600000,23917,12155
A_hat,binary_relevance_probe,LED_g,1,0.71,600000,23476,11965
A_hat,binary_relevance_probe,LED_g,1,0.7125,600000,23048,11778
A_hat,binary_relevance_probe,LED_g,1,0.715,600000,22594,11578
A_hat,binary_relevance_probe,LED_g,1,0.7175,600000,22201,11401
A_hat,binary_relevance_probe,LED_g,1,0.72,600000,21746,11186
A_hat,binary_relevance_probe,LED_g,1,0.7225,600000,21333,10992
A_hat,binary_relevance_probe,LED_g,1,0.725,600000,20962,10803
A_hat,binary_relevance_probe,LED_g,1,0.7275,600000,20556,10635
A_hat,binary_relevance_probe,LED_g,1,0.73,600000,20170,10457
A_hat,binary_relevance_probe,LED_g,1,0.7325,600000,19789,10280
A_hat,binary_relevance_probe,LED_g,1,0.735,600000,19413,10095
A_hat,binary_relevance_probe,LED_g,1,0.7375,600000,19057,9938
A_hat,binary_relevance_probe,LED_g,1,0.74,600000,18699,9781
A_hat,binary_relevance_probe,LED_g,1,0.7425,600000,18325,9595
A_hat,binary_relevance_probe,LED_g,1,0.745,600000,17992,9445
A_hat,binary_relevance_probe,LED_g,1,0.7475,600000,17651,9293
A_hat,binary_relevance_probe,LED_g,1,0.75,600000,17272,9110
A_hat,binary_relevance_probe,LED_g,1,0.7525,600000,16930,8946
A_hat,binary_relevance_probe,LED_g,1,0.755,600000,16587,8782
A_hat,binary_relevance_probe,LED_g,1,0.7575,600000,16240,8618
A_hat,binary_relevance_probe,LED_g,1,0.76,600000,15908,8466
A_hat,binary_relevance_probe,LED_g,1,0.7625,600000,15590,8313
A_hat,binary_relevance_probe,LED_g,1,0.765,600000,15293,8171
A_hat,binary_relevance_probe,LED_g,1,0.7675,600000,14960,8004
A_hat,binary_relevance_probe,LED_g,1,0.77,600000,14601,7836
A_hat,binary_relevance_probe,LED_g,1,0.7725,600000,14300,7680
A_hat,binary_relevance_probe,LED_g,1,0.775,600000,13960,7512
A_hat,binary_relevance_probe,LED_g,1,0.7775,600000,13675,7377
A_hat,binary_relevance_probe,LED_g,1,0.78,600000,13356,7231
A_hat,binary_relevance_probe,LED_g,1,0.7825,600000,13027,7072
A_hat,binary_relevance_probe,LED_g,1,0.785,600000,12706,6934
A_hat,binary_relevance_probe,LED_g,1,0.7875,600000,12391,6794
A_hat,binary_relevance_probe,LED_g,1,0.79,600000,12106,6660
A_hat,binary_relevance_probe,LED_g,1,0.7925,600000,11829,6526
A_hat,binary_relevance_probe,LED_g,1,0.795,600000,11563,6383
A_hat,binary_relevance_probe,LED_g,1,0.7975,600000,11285,6232
A_hat,binary_relevance_probe,LED_g,1,0.8,600000,11004,6093
A_hat,binary_relevance_probe,LED_g,1,0.8025,600000,10745,5966
A_hat,binary_relevance_probe,LED_g,1,0.805,600000,10470,5836
A_hat,binary_relevance_probe,LED_g,1,0.8075,600000,10215,5721
A_hat,binary_relevance_probe,LED_g,1,0.81,600000,9942,5592
A_hat,binary_relevance_probe,LED_g,1,0.8125,600000,9680,5459
A_hat,binary_relevance_probe,LED_g,1,0.815,600000,9434,5336
A_hat,binary_relevance_probe,LED_g,1,0.8175,600000,9223,5234
A_hat,binary_relevance_probe,LED_g,1,0.82,600000,8943,5094
A_hat,binary_relevance_probe,LED_g,1,0.8225,600000,8712,4977
A_hat,binary_relevance_probe,LED_g,1,0.825,600000,8460,4851
A_hat,binary_relevance_probe,LED_g,1,0.8275,600000,8237,4740
A_hat,binary_relevance_probe,LED_g,1,0.83,600000,7985,4615
A_hat,binary_relevance_probe,LED_g,1,0.8325,600000,7752,4494
A_hat,binary_relevance_probe,LED_g,1,0.835,600000,7489,4356
A_hat,binary_relevance_probe,LED_g,1,0.8375,600000,7275,4244
A_hat,binary_relevance_probe,LED_g,1,0.84,600000,7033,4132
A_hat,binary_relevance_probe,LED_g,1,0.8425,600000,6817,4019
A_hat,binary_relevance_probe,LED_g,1,0.845,600000,6573,3880
A_hat,binary_relevance_probe,LED_g,1,0.8475,600000,6366,3781
A_hat,binary_relevance_probe,LED_g,1,0.85,600000,6139,3660
A_hat,binary_relevance_probe,LED_g,1,0.8525,600000,5938,3559
A_hat,binary_relevance_probe,LED_g,1,0.855,600000,5738,3455
A_hat,binary_relevance_probe,LED_g,1,0.8575,600000,5529,3345
A_hat,binary_relevance_probe,LED_g,1,0.86,600000,5365,3254
A_hat,binary_relevance_probe,LED_g,1,0.8625,600000,5165,3147
A_hat,binary_relevance_probe,LED_g,1,0.865,600000,4991,3059
A_hat,binary_relevance_probe,LED_g,1,0.8675,600000,4800,2942
A_hat,binary_relevance_probe,LED_g,1,0.87,600000,4594,2830
A_hat,binary_relevance_probe,LED_g,1,0.8725,600000,4404,2717
A_hat,binary_relevance_probe,LED_g,1,0.875,600000,4230,2625
A_hat,binary_relevance_probe,LED_g,1,0.8775,600000,4043,2513
A_hat,binary_relevance_probe,LED_g,1,0.88,600000,3866,2419
A_hat,binary_relevance_probe,LED_g,1,0.8825,600000,3695,2319
A_hat,binary_relevance_probe,LED_g,1,0.885,600000,3525,2213
A_hat,binary_relevance_probe,LED_g,1,0.8875,600000,3341,2103
A_hat,binary_relevance_probe,LED_g,1,0.89,600000,3183,2007
A_hat,binary_relevance_probe,LED_g,1,0.8925,600000,3028,1902
A_hat,binary_relevance_probe,LED_g,1,0.895,600000,2849,1793
A_hat,binary_relevance_probe,LED_g,1,0.8975,600000,2692,1701
A_hat,binary_relevance_probe,LED_g,1,0.9,600000,2541,1610
A_hat,binary_relevance_probe,LED_g,1,0.9025,600000,2387,1518
A_hat,binary_relevance_probe,LED_g,1,0.905,600000,2254,1428
A_hat,binary_relevance_probe,LED_g,1,0.9075,600000,2094,1329
A_hat,binary_relevance_probe,LED_g,1,0.91,600000,1963,1251
A_hat,binary_relevance_probe,LED_g,1,0.9125,600000,1834,1174
A_hat,binary_relevance_probe,LED_g,1,0.915,600000,1711,1099
A_hat,binary_relevance_probe,LED_g,1,0.9175,600000,1600,1031
A_hat,binary_relevance_probe,LED_g,1,0.92,600000,1475,958
A_hat,binary_relevance_probe,LED_g,1,0.9225,600000,1346,875
A_hat,binary_relevance_probe,LED_g,1,0.925,600000,1231,802
A_hat,binary_relevance_probe,LED_g,1,0.9275,600000,1130,738
A_hat,binary_relevance_probe,LED_g,1,0.93,600000,1032,679
A_hat,binary_relevance_probe,LED_g,1,0.9325,600000,927,613
A_hat,binary_relevance_probe,LED_g,1,0.935,600000,838,554
A_hat,binary_relevance_probe,LED_g,1,0.9375,600000,766,516
A_hat,binary_relevance_probe,LED_g,1,0.94,600000,679,460
A_hat,binary_relevance_probe,LED_g,1,0.9425,600000,617,414
A_hat,binary_relevance_probe,LED_g,1,0.945,600000,547,371
A_hat,binary_relevance_probe,LED_g,1,0.9475,600000,473,325
A_hat,binary_relevance_probe,LED_g,1,0.95,600000,419,291
A_hat,binary_relevance_probe,LED_g,1,0.9525,600000,372,258
A_hat,binary_relevance_probe,LED_g,1,0.955,600000,323,226
A_hat,binary_relevance_probe,LED_g,1,0.9575,600000,286,202
A_hat,binary_relevance_probe,LED_g,1,0.96,600000,243,171
A_hat,binary_relevance_probe,LED_g,1,0.9625,600000,213,150
A_hat,binary_relevance_probe,LED_g,1,0.965,600000,178,126
A_hat,binary_relevance_probe,LED_g,1,0.9675,600000,150,105
A_hat,binary_relevance_probe,LED_g,1,0.97,600000,127,87
A_hat,binary_relevance_probe,LED_g,1,0.9725,600000,101,69
A_hat,binary_relevance_probe,LED_g,1,0.975,600000,85,61
A_hat,binary_relevance_probe,LED_g,1,0.9775,600000,75,56
A_hat,binary_relevance_probe,LED_g,1,0.98,600000,64,50
A_hat,binary_relevance_probe,LED_g,1,0.9825,600000,60,48
A_hat,binary_relevance_probe,LED_g,1,0.985,600000,52,44
A_hat,binary_relevance_probe,LED_g,1,0.9875,600000,44,37
A_hat,binary_relevance_probe,LED_g,1,0.99,600000,31,27
A_hat,binary_relevance_probe,LED_g,1,0.9925,600000,17,15
A_hat,binary_relevance_probe,LED_g,1,0.995,600000,3,3
A_hat,binary_relevance_probe,LED_g,1,0.9975,600000,0,0
A_hat,binary_relevance_probe,LED_g,1,1.0,600000,0,0
M,high_order,RBF_f,1,0.7,150000,70656,50316
M,high_order,RBF_f,1,0.7025,150000,70347,50112
M,high_order,RBF_f,1,0.705,150000,70112,49965
M,high_order,RBF_f,1,0.7075,150000,69852,49795
M,high_order,RBF_f,1,0.71,150000,69557,49588
M,high_order,RBF_f,1,0.7125,150000,69277,49400
M,high_order,RBF_f,1,0.715,150000,69006,49220
M,high_order,RBF_f,1,0.7175,150000,68703,49018
M,high_order,RBF_f,1,0.72,150000,68409,48826
M,high_order,RBF_f,1,0.7225,150000,68129,48626
M,high_order,RBF_f,1,0.725,150000,67868,48455
M,high_order,RBF_f,1,0.7275,150000,67540,48232
M,high_order,RBF_f,1,0.73,150000,67210,48009
M,high_order,RBF_f,1,0.7325,150000,66903,47792
M,high_order,RBF_f,1,0.735,150000,66628,47590
M,high_order,RBF_f,1,0.7375,150000,66270,47341
M,high_order,RBF_f,1,0.74,150000,65930,47104
M,high_order,RBF_f,1,0.7425,150000,65585,46872
M,high_order,RBF_f,1,0.745,150000,65298,46666
M,high_order,RBF_f,1,0.7475,150000,64998,46470
M,high_order,RBF_f,1,0.75,150000,64733,46278
M,high_order,RBF_f,1,0.7525,150000,64426,46056
M,high_order,RBF_f,1,0.755,150000,64138,45858
M,high_order,RBF_f,1,0.7575,150000,63839,45665
M,high_order,RBF_f,1,0.76,150000,63548,45458
M,high_order,RBF_f,1,0.7625,150000,63214,45222
M,high_order,RBF_f,1,0.765,150000,62895,45002
M,high_order,RBF_f,1,0.7675,150000,62542,44763
M,high_order,RBF_f,1,0.77,150000,62148,44487
M,high_order,RBF_f,1,0.7725,150000,61849,44279
M,high_order,RBF_f,1,0.775,150000,61417,43981
M,high_order,RBF_f,1,0.7775,150000,61053,43719
M,high_order,RBF_f,1,0.78,150000,60660,43447
M,high_order,RBF_f,1,0.7825,150000,60282,43179
M,high_order,RBF_f,1,0.785,150000,59879,42902
M,high_order,RBF_f,1,0.7875,150000,59535,42641
M,high_order,RBF_f,1,0.79,150000,59191,42410
M,high_order,RBF_f,1,0.7925,150000,58857,42171
M,high_order,RBF_f,1,0.795,150000,58501,41904
M,high_order,RBF_f,1,0.7975,150000,58192,41685
M,high_order,RBF_f,1,0.8,150000,57876,41473
M,high_order,RBF_f,1,0.8025,150000,57547,41243
M,high_order,RBF_f,1,0.805,150000,57143,40956
M,high_order,RBF_f,1,0.8075,150000,56824,40743
M,high_order,RBF_f,1,0.81,150000,56492,40491
M,high_order,RBF_f,1,0.8125,150000,56157,40253
M,high_order,RBF_f,1,0.815,150000,55783,39991
M,high_order,RBF_f,1,0.8175,150000,55461,39775
M,high_order,RBF_f,1,0.82,150000,55182,39581
M,high_order,RBF_f,1,0.8225,150000,54894,39392
M,high_order,RBF_f,1,0.825,150000,54569,39160
M,high_order,RBF_f,1,0.8275,150000,54255,38947
M,high_order,RBF_f,1,0.83,150000,53946,38727
M,high_order,RBF_f,1,0.8325,150000,53631,38500
M,high_order,RBF_f,1,0.835,150000,53329,38280
M,high_order,RBF_f,1,0.8375,150000,52996,38036
M,high_order,RBF_f,1,0.84,150000,52645,37775
M,high_order,RBF_f,1,0.8425,150000,52310,37535
M,high_order,RBF_f,1,0.845,150000,51977,37309
M,high_order,RBF_f,1,0.8475,150000,51598,37028
M,high_order,RBF_f,1,0.85,150000,51159,36707
M,high_order,RBF_f,1,0.8525,150000,50762,36434
M,high_order,RBF_f,1,0.855,150000,50449,36194
M,high_order,RBF_f,1,0.8575,150000,50138,35966
M,high_order,RBF_f,1,0.86,150000,49835,35715
M,high_order,RBF_f,1,0.8625,150000,49473,35434
M,high_order,RBF_f,1,0.865,150000,49127,35175
M,high_order,RBF_f,1,0.8675,150000,48837,34952
M,high_order,RBF_f,1,0.87,150000,48500,34698
M,high_order,RBF_f,1,0.8725,150000,48173,34443
M,high_order,RBF_f,1,0.875,150000,47850,34184
M,high_order,RBF_f,1,0.8775,150000,47568,33976
M,high_order,RBF_f,1,0.88,150000,47243,33729
M,high_order,RBF_f,1,0.8825,150000,46952,33508
M,high_order,RBF_f,1,0.885,150000,46549,33190
M,high_order,RBF_f,1,0.8875,150000,46237,32952
M,high_order,RBF_f,1,0.89,150000,45896,32699
M,high_order,RBF_f,1,0.8925,150000,45537,32423
M,high_order,RBF_f,1,0.895,150000,45246,32201
M,high_order,RBF_f,1,0.8975,150000,44914,31941
M,high_order,RBF_f,1,0.9,150000,44566,31671
M,high_order,RBF_f,1,0.9025,150000,44194,31390
M,high_order,RBF_f,1,0.905,150000,43815,31114
M,high_order,RBF_f,1,0.9075,150000,43505,30879
M,high_order,RBF_f,1,0.91,150000,43188,30640
M,high_order,RBF_f,1,0.9125,150000,42832,30382
M,high_order,RBF_f,1,0.915,150000,42442,30089
M,high_order,RBF_f,1,0.9175,150000,42018,29765
M,high_order,RBF_f,1,0.92,150000,41632,29449
M,high_order,RBF_f,1,0.9225,150000,41190,29100
M,high_order,RBF_f,1,0.925,150000,40707,28723
M,high_order,RBF_f,1,0.9275,150000,40360,28450
M,high_order,RBF_f,1,0.93,150000,39957,28138
M,high_order,RBF_f,1,0.9325,150000,39636,27890
M,high_order,RBF_f,1,0.935,150000,39260,27586
M,high_order,RBF_f,1,0.9375,150000,38856,27281
M,high_order,RBF_f,1,0.94,150000,38439,26969
M,high_order,RBF_f,1,0.9425,150000,38049,26666
M,high_order,RBF_f,1,0.945,150000,37661,26384
M,high_order,RBF_f,1,0.9475,150000,37286,26098
M,high_order,RBF_f,1,0.95,150000,36844,25763
M,high_order,RBF_f,1,0.9525,150000,36459,25450
M,high_order,RBF_f,1,0.955,150000,36043,25131
M,high_order,RBF_f,1,0.9575,150000,35617,24783
M,high_order,RBF_f,1,0.96,150000,35204,24466
M,high_order,RBF_f,1,0.9625,150000,34761,24138
M,high_order,RBF_f,1,0.965,150000,34273,23764
M,high_order,RBF_f,1,0.9675,150000,33838,23417
M,high_order,RBF_f,1,0.97,150000,33275,22941
M,high_order,RBF_f,1,0.9725,150000,32681,22480
M,high_order,RBF_f,1,0.975,150000,32098,22003
M,high_order,RBF_f,1,0.9775,150000,31471,21505
M,high_order,RBF_f,1,0.98,150000,30803,20968
M,high_order,RBF_f,1,0.9825,150000,30105,20412
M,high_order,RBF_f,1,0.985,150000,29323,19780
M,high_order,RBF_f,1,0.9875,150000,28414,19059
M,high_order,RBF_f,1,0.99,150000,27322,18159
M,high_order,RBF_f,1,0.9925,150000,26080,17166
M,high_order,RBF_f,1,0.995,150000,24660,16038
M,high_order,RBF_f,1,0.9975,150000,22560,14343
M,high_order,RBF_f,1,1.0,150000,12699,7126
c,high_order,RBF_f,1,0.7,150000,52144,51400
c,high_order,RBF_f,1,0.7025,150000,52144,51400
c,high_order,RBF_f,1,0.705,150000,52144,51400
c,high_order,RBF_f,1,0.7075,150000,52144,51400
c,high_order,RBF_f,1,0.71,150000,52144,51400
c,high_order,RBF_f,1,0.7125,150000,52144,51400
c,high_order,RBF_f,1,0.715,150000,52144,51400
c,high_order,RBF_f,1,0.7175,150000,52144,51400
c,high_order,RBF_f,1,0.72,150000,52144,51400
c,high_order,RBF_f,1,0.7225,150000,52144,51400
c,high_order,RBF_f,1,0.725,150000,46633,46180
c,high_order,RBF_f,1,0.7275,150000,46633,46180
c,high_order,RBF_f,1,0.73,150000,46633,46180
c,high_order,RBF_f,1,0.7325,150000,46633,46180
c,high_order,RBF_f,1,0.735,150000,46633,46180
c,high_order,RBF_f,1,0.7375,150000,46633,46180
c,high_order,RBF_f,1,0.74,150000,46633,46180
c,high_order,RBF_f,1,0.7425,150000,46633,46180
c,high_order,RBF_f,1,0.745,150000,46633,46180
c,high_order,RBF_f,1,0.7475,150000,46633,46180
c,high_order,RBF_f,1,0.75,150000,46633,46180
c,high_order,RBF_f,1,0.7525,150000,46633,46180
c,high_order,RBF_f,1,0.755,150000,46633,46180
c,high_order,RBF_f,1,0.7575,150000,46633,46180
c,high_order,RBF_f,1,0.76,150000,41620,41365
c,high_order,RBF_f,1,0.7625,150000,41620,41365
c,high_order,RBF_f,1,0.765,150000,41620,41365
c,high_order,RBF_f,1,0.7675,150000,41620,41365
c,high_order,RBF_f,1,0.77,150000,41620,41365
c,high_order,RBF_f,1,0.7725,150000,41620,41365
c,high_order,RBF_f,1,0.775,150000,41620,41365
c,high_order,RBF_f,1,0.7775,150000,41620,41365
c,high_order,RBF_f,1,0.78,150000,41620,41365
c,high_order,RBF_f,1,0.7825,150000,41620,41365
c,high_order,RBF_f,1,0.785,150000,41620,41365
c,high_order,RBF_f,1,0.7875,150000,41620,41365
c,high_order,RBF_f,1,0.79,150000,41620,41365
c,high_order,RBF_f,1,0.7925,150000,41620,41365
c,high_order,RBF_f,1,0.795,150000,37047,36922
c,high_order,RBF_f,1,0.7975,150000,37047,36922
c,high_order,RBF_f,1,0.8,150000,37047,36922
c,high_order,RBF_f,1,0.8025,150000,37047,36922
c,high_order,RBF_f,1,0.805,150000,37047,36922
c,high_order,RBF_f,1,0.8075,150000,37047,36922
c,high_order,RBF_f,1,0.81,150000,37047,36922
c,high_order,RBF_f,1,0.8125,150000,37047,36922
c,high_order,RBF_f,1,0.815,150000,37047,36922
c,high_order,RBF_f,1,0.8175,150000,37047,36922
c,high_order,RBF_f,1,0.82,150000,37047,36922
c,high_order,RBF_f,1,0.8225,150000,37047,36922
c,high_order,RBF_f,1,0.825,150000,37047,36922
c,high_order,RBF_f,1,0.8275,150000,37047,36922
c,high_order,RBF_f,1,0.83,150000,32242,32183
c,high_order,RBF_f,1,0.8325,150000,32242,32183
c,high_order,RBF_f,1,0.835,150000,32242,32183
c,high_order,RBF_f,1,0.8375,150000,32242,32183
c,high_order,RBF_f,1,0.84,150000,32242,32183
c,high_order,RBF_f,1,0.8425,150000,32242,32183
c,high_order,RBF_f,1,0.845,150000,32242,32183
c,high_order,RBF_f,1,0.8475,150000,32242,32183
c,high_order,RBF_f,1,0.85,150000,32242,32183
c,high_order,RBF_f,1,0.8525,150000,32242,32183
c,high_order,RBF_f,1,0.855,150000,32242,32183
c,high_order,RBF_f,1,0.8575,150000,32242,32183
c,high_order,RBF_f,1,0.86,150000,32242,32183
c,high_order,RBF_f,1,0.8625,150000,27136,27108
c,high_order,RBF_f,1,0.865,150000,27136,27108
c,high_order,RBF_f,1,0.8675,150000,27136,27108
c,high_order,RBF_f,1,0.87,150000,27136,27108
c,high_order,RBF_f,1,0.8725,150000,27136,27108
c,high_order,RBF_f,1,0.875,150000,27136,27108
c,high_order,RBF_f,1,0.8775,150000,27136,27108
c,high_order,RBF_f,1,0.88,150000,27136,27108
c,high_order,RBF_f,1,0.8825,150000,27136,27108
c,high_order,RBF_f,1,0.885,150000,27136,27108
c,high_order,RBF_f,1,0.8875,150000,27136,27108
c,high_order,RBF_f,1,0.89,150000,27136,27108
c,high_order,RBF_f,1,0.8925,150000,27136,27108
c,high_order,RBF_f,1,0.895,150000,27136,27108
c,high_order,RBF_f,1,0.8975,150000,21071,21069
c,high_order,RBF_f,1,0.9,150000,21071,21069
c,high_order,RBF_f,1,0.9025,150000,21071,21069
c,high_order,RBF_f,1,0.905,150000,21071,21069
c,high_order,RBF_f,1,0.9075,150000,21071,21069
c,high_order,RBF_f,1,0.91,150000,21071,21069
c,high_order,RBF_f,1,0.9125,150000,21071,21069
c,high_order,RBF_f,1,0.915,150000,21071,21069
c,high_order,RBF_f,1,0.9175,150000,21071,21069
c,high_order,RBF_f,1,0.92,150000,21071,21069
c,high_order,RBF_f,1,0.9225,150000,21071,21069
c,high_order,RBF_f,1,0.925,150000,21071,21069
c,high_order,RBF_f,1,0.9275,150000,21071,21069
c,high_order,RBF_f,1,0.93,150000,21071,21069
c,high_order,RBF_f,1,0.9325,150000,13596,13596
c,high_order,RBF_f,1,0.935,150000,13596,13596
c,high_order,RBF_f,1,0.9375,150000,13596,13596
c,high_order,RBF_f,1,0.94,150000,13596,13596
c,high_order,RBF_f,1,0.9425,150000,13596,13596
c,high_order,RBF_f,1,0.945,150000,13596,13596
c,high_order,RBF_f,1,0.9475,150000,13596,13596
c,high_order,RBF_f,1,0.95,150000,13596,13596
c,high_order,RBF_f,1,0.9525,150000,13596,13596
c,high_order,RBF_f,1,0.955,150000,13596,13596
c,high_order,RBF_f,1,0.9575,150000,13596,13596
c,high_order,RBF_f,1,0.96,150000,13596,13596
c,high_order,RBF_f,1,0.9625,150000,13596,13596
c,high_order,RBF_f,1,0.965,150000,13596,13596
c,high_order,RBF_f,1,0.9675,150000,6066,6066
c,high_order,RBF_f,1,0.97,150000,6066,6066
c,high_order,RBF_f,1,0.9725,150000,6066,6066
c,high_order,RBF_f,1,0.975,150000,6066,6066
c,high_order,RBF_f,1,0.9775,150000,6066,6066
c,high_order,RBF_f,1,0.98,150000,6066,6066
c,high_order,RBF_f,1,0.9825,150000,6066,6066
c,high_order,RBF_f,1,0.985,150000,6066,6066
c,high_order,RBF_f,1,0.9875,150000,6066,6066
c,high_order,RBF_f,1,0.99,150000,6066,6066
c,high_order,RBF_f,1,0.9925,150000,6066,6066
c,high_order,RBF_f,1,0.995,150000,6066,6066
c,high_order,RBF_f,1,0.9975,150000,6066,6066
c,high_order,RBF_f,1,1.0,150000,6066,6066
A_hat,high_order,RBF_f,1,0.7,150000,55675,35414
A_hat,high_order,RBF_f,1,0.7025,150000,55046,35010
A_hat,high_order,RBF_f,1,0.705,150000,54403,34611
A_hat,high_order,RBF_f,1,0.7075,150000,53808,34243
A_hat,high_order,RBF_f,1,0.71,150000,53205,33873
A_hat,high_order,RBF_f,1,0.7125,150000,52531,33454
A_hat,high_order,RBF_f,1,0.715,150000,51929,33077
A_hat,high_order,RBF_f,1,0.7175,150000,51319,32704
A_hat,high_order,RBF_f,1,0.72,150000,50691,32314
A_hat,high_order,RBF_f,1,0.7225,150000,50031,31874
A_hat,high_order,RBF_f,1,0.725,150000,49400,31471
A_hat,high_order,RBF_f,1,0.7275,150000,48788,31114
A_hat,high_order,RBF_f,1,0.73,150000,48158,30724
A_hat,high_order,RBF_f,1,0.7325,150000,47529,30314
A_hat,high_order,RBF_f,1,0.735,150000,46893,29943
A_hat,high_order,RBF_f,1,0.7375,150000,46267,29541
A_hat,high_order,RBF_f,1,0.74,150000,45584,29101
A_hat,high_order,RBF_f,1,0.7425,150000,44921,28672
A_hat,high_order,RBF_f,1,0.745,150000,44337,28315
A_hat,high_order,RBF_f,1,0.7475,150000,43742,27952
A_hat,high_order,RBF_f,1,0.75,150000,43119,27556
A_hat,high_order,RBF_f,1,0.7525,150000,42488,27143
A_hat,high_order,RBF_f,1,0.755,150000,41869,26768
A_hat,high_order,RBF_f,1,0.7575,150000,41194,26343
A_hat,high_order,RBF_f,1,0.76,150000,40585,25965
A_hat,high_order,RBF_f,1,0.7625,150000,39969,25564
A_hat,high_order,RBF_f,1,0.765,150000,39316,25151
A_hat,high_order,RBF_f,1,0.7675,150000,38702,24766
A_hat,high_order,RBF_f,1,0.77,150000,38098,24398
A_hat,high_order,RBF_f,1,0.7725,150000,37472,24013
A_hat,high_order,RBF_f,1,0.775,150000,36856,23613
A_hat,high_order,RBF_f,1,0.7775,150000,36248,23228
A_hat,high_order,RBF_f,1,0.78,150000,35636,22833
A_hat,high_order,RBF_f,1,0.7825,150000,34993,22423
A_hat,high_order,RBF_f,1,0.785,150000,34334,22002
A_hat,high_order,RBF_f,1,0.7875,150000,33766,21635
A_hat,high_order,RBF_f,1,0.79,150000,33179,21260
A_hat,high_order,RBF_f,1,0.7925,150000,32534,20848
A_hat,high_order,RBF_f,1,0.795,150000,31945,20480
A_hat,high_order,RBF_f,1,0.7975,150000,31321,20079
A_hat,high_order,RBF_f,1,0.8,150000,30731,19687
A_hat,high_order,RBF_f,1,0.8025,150000,30091,19255
A_hat,high_order,RBF_f,1,0.805,150000,29470,18858
A_hat,high_order,RBF_f,1,0.8075,150000,28887,18484
A_hat,high_order,RBF_f,1,0.81,150000,28289,18107
A_hat,high_order,RBF_f,1,0.8125,150000,27705,17733
A_hat,high_order,RBF_f,1,0.815,150000,27111,17351
A_hat,high_order,RBF_f,1,0.8175,150000,26549,16974
A_hat,high_order,RBF_f,1,0.82,150000,25990,16586
A_hat,high_order,RBF_f,1,0.8225,150000,25410,16213
A_hat,high_order,RBF_f,1,0.825,150000,24859,15855
A_hat,high_order,RBF_f,1,0.8275,150000,24310,15534
A_hat,high_order,RBF_f,1,0.83,150000,23704,15125
A_hat,high_order,RBF_f,1,0.8325,150000,23119,14743
A_hat,high_order,RBF_f,1,0.835,150000,22521,14353
A_hat,high_order,RBF_f,1,0.8375,150000,21920,13965
A_hat,high_order,RBF_f,1,0.84,150000,21320,13579
A_hat,high_order,RBF_f,1,0.8425,150000,20780,13237
A_hat,high_order,RBF_f,1,0.845,150000,20210,12878
A_hat,high_order,RBF_f,1,0.8475,150000,19646,12506
A_hat,high_order,RBF_f,1,0.85,150000,19084,12127
A_hat,high_order,RBF_f,1,0.8525,150000,18573,11796
A_hat,high_order,RBF_f,1,0.855,150000,18041,11446
A_hat,high_order,RBF_f,1,0.8575,150000,17491,11105
A_hat,high_order,RBF_f,1,0.86,150000,16984,10777
A_hat,high_order,RBF_f,1,0.8625,150000,16444,10443
A_hat,high_order,RBF_f,1,0.865,150000,15956,10110
A_hat,high_order,RBF_f,1,0.8675,150000,15486,9794
A_hat,high_order,RBF_f,1,0.87,150000,15005,9489
A_hat,high_order,RBF_f,1,0.8725,150000,14523,9176
A_hat,high_order,RBF_f,1,0.875,150000,14030,8863
A_hat,high_order,RBF_f,1,0.8775,150000,13495,8494
A_hat,high_order,RBF_f,1,0.88,150000,12983,8160
A_hat,high_order,RBF_f,1,0.8825,150000,12458,7820
A_hat,high_order,RBF_f,1,0.885,150000,11958,7499
A_hat,high_order,RBF_f,1,0.8875,150000,11467,7200
A_hat,high_order,RBF_f,1,0.89,150000,11022,6918
A_hat,high_order,RBF_f,1,0.8925,150000,10565,6615
A_hat,high_order,RBF_f,1,0.895,150000,10093,6290
A_hat,high_order,RBF_f,1,0.8975,150000,9672,6018
A_hat,high_order,RBF_f,1,0.9,150000,9204,5707
A_hat,high_order,RBF_f,1,0.9025,150000,8792,5453
A_hat,high_order,RBF_f,1,0.905,150000,8365,5188
A_hat,high_order,RBF_f,1,0.9075,150000,7922,4903
A_hat,high_order,RBF_f,1,0.91,150000,7507,4639
A_hat,high_order,RBF_f,1,0.9125,150000,7064,4342
A_hat,high_order,RBF_f,1,0.915,150000,6666,4090
A_hat,high_order,RBF_f,1,0.9175,150000,6289,3850
A_hat,high_order,RBF_f,1,0.92,150000,5900,3599
A_hat,high_order,RBF_f,1,0.9225,150000,5537,3374
A_hat,high_order,RBF_f,1,0.925,150000,5219,3160
A_hat,high_order,RBF_f,1,0.9275,150000,4895,2958
A_hat,high_order,RBF_f,1,0.93,150000,4548,2734
A_hat,high_order,RBF_f,1,0.9325,150000,4225,2523
A_hat,high_order,RBF_f,1,0.935,150000,3924,2333
A_hat,high_order,RBF_f,1,0.9375,150000,3589,2130
A_hat,high_order,RBF_f,1,0.94,150000,3282,1940
A_hat,high_order,RBF_f,1,0.9425,150000,2970,1736
A_hat,high_order,RBF_f,1,0.945,150000,2694,1573
A_hat,high_order,RBF_f,1,0.9475,150000,2417,1400
A_hat,high_order,RBF_f,1,0.95,150000,2159,1240
A_hat,high_order,RBF_f,1,0.9525,150000,1926,1102
A_hat,high_order,RBF_f,1,0.955,150000,1713,966
A_hat,high_order,RBF_f,1,0.9575,150000,1509,841
A_hat,high_order,RBF_f,1,0.96,150000,1327,732
A_hat,high_order,RBF_f,1,0.9625,150000,1158,628
A_hat,high_order,RBF_f,1,0.965,150000,1000,533
A_hat,high_order,RBF_f,1,0.9675,150000,842,438
A_hat,high_order,RBF_f,1,0.97,150000,696,359
A_hat,high_order,RBF_f,1,0.9725,150000,587,304
A_hat,high_order,RBF_f,1,0.975,150000,480,243
A_hat,high_order,RBF_f,1,0.9775,150000,378,187
A_hat,high_order,RBF_f,1,0.98,150000,297,139
A_hat,high_order,RBF_f,1,0.9825,150000,221,98
A_hat,high_order,RBF_f,1,0.985,150000,161,70
A_hat,high_order,RBF_f,1,0.9875,150000,112,49
A_hat,high_order,RBF_f,1,0.99,150000,70,31
A_hat,high_order,RBF_f,1,0.9925,150000,42,17
A_hat,high_order,RBF_f,1,0.995,150000,19,9
A_hat,high_order,RBF_f,1,0.9975,150000,7,3
A_hat,high_order,RBF_f,1,1.0,150000,0,0
C,high_order,RBF_f,1,0.7,150000,51415,37771
C,high_order,RBF_f,1,0.7025,150000,50817,37363
C,high_order,RBF_f,1,0.705,150000,50220,36945
C,high_order,RBF_f,1,0.7075,150000,49595,36512
C,high_order,RBF_f,1,0.71,150000,49024,36109
C,high_order,RBF_f,1,0.7125,150000,48440,35697
C,high_order,RBF_f,1,0.715,150000,47878,35322
C,high_order,RBF_f,1,0.7175,150000,47256,34910
C,high_order,RBF_f,1,0.72,150000,46631,34477
C,high_order,RBF_f,1,0.7225,150000,46015,34052
C,high_order,RBF_f,1,0.725,150000,45429,33626
C,high_order,RBF_f,1,0.7275,150000,44827,33173
C,high_order,RBF_f,1,0.73,150000,44244,32764
C,high_order,RBF_f,1,0.7325,150000,43632,32342
C,high_order,RBF_f,1,0.735,150000,43078,31947
C,high_order,RBF_f,1,0.7375,150000,42490,31529
C,high_order,RBF_f,1,0.74,150000,41872,31087
C,high_order,RBF_f,1,0.7425,150000,41261,30655
C,high_order,RBF_f,1,0.745,150000,40721,30266
C,high_order,RBF_f,1,0.7475,150000,40136,29838
C,high_order,RBF_f,1,0.75,150000,39558,29431
C,high_order,RBF_f,1,0.7525,150000,38939,28984
C,high_order,RBF_f,1,0.755,150000,38307,28535
C,high_order,RBF_f,1,0.7575,150000,37735,28121
C,high_order,RBF_f,1,0.76,150000,37121,27665
C,high_order,RBF_f,1,0.7625,150000,36485,27195
C,high_order,RBF_f,1,0.765,150000,35927,26766
C,high_order,RBF_f,1,0.7675,150000,35333,26332
C,high_order,RBF_f,1,0.77,150000,34774,25951
C,high_order,RBF_f,1,0.7725,150000,34166,25506
C,high_order,RBF_f,1,0.775,150000,33584,25083
C,high_order,RBF_f,1,0.7775,150000,33007,24656
C,high_order,RBF_f,1,0.78,150000,32425,24219
C,high_order,RBF_f,1,0.7825,150000,31872,23797
C,high_order,RBF_f,1,0.785,150000,31253,23353
C,high_order,RBF_f,1,0.7875,150000,30674,22912
C,high_order,RBF_f,1,0.79,150000,30071,22475
C,high_order,RBF_f,1,0.7925,150000,29487,22039
C,high_order,RBF_f,1,0.795,150000,28877,21594
C,high_order,RBF_f,1,0.7975,150000,28293,21158
C,high_order,RBF_f,1,0.8,150000,27760,20761
C,high_order,RBF_f,1,0.8025,150000,27224,20369
C,high_order,RBF_f,1,0.805,150000,26677,19989
C,high_order,RBF_f,1,0.8075,150000,26118,19583
C,high_order,RBF_f,1,0.81,150000,25588,19186
C,high_order,RBF_f,1,0.8125,150000,25044,18764
C,high_order,RBF_f,1,0.815,150000,24507,18357
C,high_order,RBF_f,1,0.8175,150000,23932,17943
C,high_order,RBF_f,1,0.82,150000,23376,17518
C,high_order,RBF_f,1,0.8225,150000,22885,17164
C,high_order,RBF_f,1,0.825,150000,22383,16793
C,high_order,RBF_f,1,0.8275,150000,21842,16400
C,high_order,RBF_f,1,0.83,150000,21317,16006
C,high_order,RBF_f,1,0.8325,150000,20810,15632
C,high_order,RBF_f,1,0.835,150000,20321,15262
C,high_order,RBF_f,1,0.8375,150000,19830,14905
C,high_order,RBF_f,1,0.84,150000,19344,14546
C,high_order,RBF_f,1,0.8425,150000,18869,14195
C,high_order,RBF_f,1,0.845,150000,18373,13822
C,high_order,RBF_f,1,0.8475,150000,17821,13403
C,high_order,RBF_f,1,0.85,150000,17300,13005
C,high_order,RBF_f,1,0.8525,150000,16785,12608
C,high_order,RBF_f,1,0.855,150000,16297,12235
C,high_order,RBF_f,1,0.8575,150000,15808,11872
C,high_order,RBF_f,1,0.86,150000,15312,11484
C,high_order,RBF_f,1,0.8625,150000,14860,11142
C,high_order,RBF_f,1,0.865,150000,14377,10775
C,high_order,RBF_f,1,0.8675,150000,13938,10437
C,high_order,RBF_f,1,0.87,150000,13416,10050
C,high_order,RBF_f,1,0.8725,150000,12981,9719
C,high_order,RBF_f,1,0.875,150000,12510,9343
C,high_order,RBF_f,1,0.8775,150000,12050,9000
C,high_order,RBF_f,1,0.88,150000,11657,8689
C,high_order,RBF_f,1,0.8825,150000,11213,8352
C,high_order,RBF_f,1,0.885,150000,10783,8026
C,high_order,RBF_f,1,0.8875,150000,10382,7735
C,high_order,RBF_f,1,0.89,150000,9970,7421
C,high_order,RBF_f,1,0.8925,150000,9578,7114
C,high_order,RBF_f,1,0.895,150000,9194,6823
C,high_order,RBF_f,1,0.8975,150000,8839,6559
C,high_order,RBF_f,1,0.9,150000,8466,6263
C,high_order,RBF_f,1,0.9025,150000,8055,5955
C,high_order,RBF_f,1,0.905,150000,7665,5656
C,high_order,RBF_f,1,0.9075,150000,7294,5382
C,high_order,RBF_f,1,0.91,150000,6927,5114
C,high_order,RBF_f,1,0.9125,150000,6592,4858
C,high_order,RBF_f,1,0.915,150000,6224,4578
C,high_order,RBF_f,1,0.9175,150000,5862,4292
C,high_order,RBF_f,1,0.92,150000,5556,4061
C,high_order,RBF_f,1,0.9225,150000,5257,3836
C,high_order,RBF_f,1,0.925,150000,4937,3593
C,high_order,RBF_f,1,0.9275,150000,4668,3386
C,high_order,RBF_f,1,0.93,150000,4349,3147
C,high_order,RBF_f,1,0.9325,150000,4057,2940
C,high_order,RBF_f,1,0.935,150000,3764,2726
C,high_order,RBF_f,1,0.9375,150000,3493,2527
C,high_order,RBF_f,1,0.94,150000,3233,2334
C,high_order,RBF_f,1,0.9425,150000,2997,2156
C,high_order,RBF_f,1,0.945,150000,2744,1975
C,high_order,RBF_f,1,0.9475,150000,2525,1803
C,high_order,RBF_f,1,0.95,150000,2311,1639
C,high_order,RBF_f,1,0.9525,150000,2109,1487
C,high_order,RBF_f,1,0.955,150000,1897,1344
C,high_order,RBF_f,1,0.9575,150000,1682,1187
C,high_order,RBF_f,1,0.96,150000,1489,1045
C,high_order,RBF_f,1,0.9625,150000,1325,919
C,high_order,RBF_f,1,0.965,150000,1129,774
C,high_order,RBF_f,1,0.9675,150000,956,651
C,high_order,RBF_f,1,0.97,150000,817,551
C,high_order,RBF_f,1,0.9725,150000,690,458
C,high_order,RBF_f,1,0.975,150000,565,370
C,high_order,RBF_f,1,0.9775,150000,448,292
C,high_order,RBF_f,1,0.98,150000,350,224
C,high_order,RBF_f,1,0.9825,150000,262,163
C,high_order,RBF_f,1,0.985,150000,169,105
C,high_order,RBF_f,1,0.9875,150000,103,60
C,high_order,RBF_f,1,0.99,150000,58,27
C,high_order,RBF_f,1,0.9925,150000,33,14
C,high_order,RBF_f,1,0.995,150000,16,5
C,high_order,RBF_f,1,0.9975,150000,3,2
C,high_order,RBF_f,1,1.0,150000,0,0
w,high_order,RBF_f,1,0.7,150000,41935,39621
w,high_order,RBF_f,1,0.7025,150000,41181,38960
w,high_order,RBF_f,1,0.705,150000,40439,38300
w,high_order,RBF_f,1,0.7075,150000,39676,37616
w,high_order,RBF_f,1,0.71,150000,38899,36938
w,high_order,RBF_f,1,0.7125,150000,38140,36262
w,high_order,RBF_f,1,0.715,150000,37433,35636
w,high_order,RBF_f,1,0.7175,150000,36718,34987
w,high_order,RBF_f,1,0.72,150000,36029,34384
w,high_order,RBF_f,1,0.7225,150000,35313,33738
w,high_order,RBF_f,1,0.725,150000,34602,33087
w,high_order,RBF_f,1,0.7275,150000,33839,32390
w,high_order,RBF_f,1,0.73,150000,33140,31757
w,high_order,RBF_f,1,0.7325,150000,32508,31185
w,high_order,RBF_f,1,0.735,150000,31850,30591
w,high_order,RBF_f,1,0.7375,150000,31196,29988
w,high_order,RBF_f,1,0.74,150000,30545,29388
w,high_order,RBF_f,1,0.7425,150000,29848,28750
w,high_order,RBF_f,1,0.745,150000,29174,28133
w,high_order,RBF_f,1,0.7475,150000,28515,27520
w,high_order,RBF_f,1,0.75,150000,27892,26935
w,high_order,RBF_f,1,0.7525,150000,27234,26324
w,high_order,RBF_f,1,0.755,150000,26637,25780
w,high_order,RBF_f,1,0.7575,150000,25971,25161
w,high_order,RBF_f,1,0.76,150000,25323,24557
w,high_order,RBF_f,1,0.7625,150000,24677,23945
w,high_order,RBF_f,1,0.765,150000,24018,23326
w,high_order,RBF_f,1,0.7675,150000,23430,22770
w,high_order,RBF_f,1,0.77,150000,22839,22199
w,high_order,RBF_f,1,0.7725,150000,22238,21633
w,high_order,RBF_f,1,0.775,150000,21649,21072
w,high_order,RBF_f,1,0.7775,150000,21084,20543
w,high_order,RBF_f,1,0.78,150000,20509,19996
w,high_order,RBF_f,1,0.7825,150000,19941,19455
w,high_order,RBF_f,1,0.785,150000,19385,18927
w,high_order,RBF_f,1,0.7875,150000,18823,18396
w,high_order,RBF_f,1,0.79,150000,18254,17849
w,high_order,RBF_f,1,0.7925,150000,17718,17335
w,high_order,RBF_f,1,0.795,150000,17196,16835
w,high_order,RBF_f,1,0.7975,150000,16686,16345
w,high_order,RBF_f,1,0.8,150000,16095,15776
w,high_order,RBF_f,1,0.8025,150000,15623,15320
w,high_order,RBF_f,1,0.805,150000,15117,14833
w,high_order,RBF_f,1,0.8075,150000,14601,14339
w,high_order,RBF_f,1,0.81,150000,14091,13852
w,high_order,RBF_f,1,0.8125,150000,13623,13404
w,high_order,RBF_f,1,0.815,150000,13175,12963
w,high_order,RBF_f,1,0.8175,150000,12738,12543
w,high_order,RBF_f,1,0.82,150000,12290,12115
w,high_order,RBF_f,1,0.8225,150000,11848,11682
w,high_order,RBF_f,1,0.825,150000,11411,11255
w,high_order,RBF_f,1,0.8275,150000,10978,10833
w,high_order,RBF_f,1,0.83,150000,10549,10420
w,high_order,RBF_f,1,0.8325,150000,10149,10028
w,high_order,RBF_f,1,0.835,150000,9749,9633
w,high_order,RBF_f,1,0.8375,150000,9350,9240
w,high_order,RBF_f,1,0.84,150000,8929,8825
w,high_order,RBF_f,1,0.8425,150000,8566,8471
w,high_order,RBF_f,1,0.845,150000,8176,8088
w,high_order,RBF_f,1,0.8475,150000,7827,7745
w,high_order,RBF_f,1,0.85,150000,7449,7373
w,high_order,RBF_f,1,0.8525,150000,7102,7033
w,high_order,RBF_f,1,0.855,150000,6776,6711
w,high_order,RBF_f,1,0.8575,150000,6458,6396
w,high_order,RBF_f,1,0.86,150000,6134,6080
w,high_order,RBF_f,1,0.8625,150000,5800,5750
w,high_order,RBF_f,1,0.865,150000,5510,5465
w,high_order,RBF_f,1,0.8675,150000,5206,5166
w,high_order,RBF_f,1,0.87,150000,4878,4843
w,high_order,RBF_f,1,0.8725,150000,4579,4547
w,high_order,RBF_f,1,0.875,150000,4305,4274
w,high_order,RBF_f,1,0.8775,150000,4076,4047
w,high_order,RBF_f,1,0.88,150000,3831,3803
w,high_order,RBF_f,1,0.8825,150000,3557,3530
w,high_order,RBF_f,1,0.885,150000,3333,3307
w,high_order,RBF_f,1,0.8875,150000,3117,3095
w,high_order,RBF_f,1,0.89,150000,2899,2881
w,high_order,RBF_f,1,0.8925,150000,2686,2673
w,high_order,RBF_f,1,0.895,150000,2482,2469
w,high_order,RBF_f,1,0.8975,150000,2281,2270
w,high_order,RBF_f,1,0.9,150000,2108,2098
w,high_order,RBF_f,1,0.9025,150000,1947,1937
w,high_order,RBF_f,1,0.905,150000,1800,1790
w,high_order,RBF_f,1,0.9075,150000,1629,1619
w,high_order,RBF_f,1,0.91,150000,1484,1474
w,high_order,RBF_f,1,0.9125,150000,1331,1323
w,high_order,RBF_f,1,0.915,150000,1198,1191
w,high_order,RBF_f,1,0.9175,150000,1078,1071
w,high_order,RBF_f,1,0.92,150000,970,963
w,high_order,RBF_f,1,0.9225,150000,855,849
w,high_order,RBF_f,1,0.925,150000,744,739
w,high_order,RBF_f,1,0.9275,150000,652,648
w,high_order,RBF_f,1,0.93,150000,565,563
w,high_order,RBF_f,1,0.9325,150000,504,502
w,high_order,RBF_f,1,0.935,150000,420,418
w,high_order,RBF_f,1,0.9375,150000,351,349
w,high_order,RBF_f,1,0.94,150000,304,302
w,high_order,RBF_f,1,0.9425,150000,262,260
w,high_order,RBF_f,1,0.945,150000,215,214
w,high_order,RBF_f,1,0.9475,150000,177,176
w,high_order,RBF_f,1,0.95,150000,138,137
w,high_order,RBF_f,1,0.9525,150000,111,110
w,high_order,RBF_f,1,0.955,150000,80,79
w,high_order,RBF_f,1,0.9575,150000,61,61
w,high_order,RBF_f,1,0.96,150000,49,49
w,high_order,RBF_f,1,0.9625,150000,38,38
w,high_order,RBF_f,1,0.965,150000,24,24
w,high_order,RBF_f,1,0.9675,150000,16,16
w,high_order,RBF_f,1,0.97,150000,10,10
w,high_order,RBF_f,1,0.9725,150000,5,5
w,high_order,RBF_f,1,0.975,150000,1,1
w,high_order,RBF_f,1,0.9775,150000,0,0
w,high_order,RBF_f,1,0.98,150000,0,0
w,high_order,RBF_f,1,0.9825,150000,0,0
w,high_order,RBF_f,1,0.985,150000,0,0
w,high_order,RBF_f,1,0.9875,150000,0,0
w,high_order,RBF_f,1,0.99,150000,0,0
w,high_order,RBF_f,1,0.9925,150000,0,0
w,high_order,RBF_f,1,0.995,150000,0,0
w,high_order,RBF_f,1,0.9975,150000,0,0
w,high_order,RBF_f,1,1.0,150000,0,0
A_hat,binary_relevance_probe,RBF_f,1,0.7,600000,133232,102223
A_hat,binary_relevance_probe,RBF_f,1,0.7025,600000,129698,99768
A_hat,binary_relevance_probe,RBF_f,1,0.705,600000,126246,97400
A_hat,binary_relevance_probe,RBF_f,1,0.7075,600000,122654,94939
A_hat,binary_relevance_probe,RBF_f,1,0.71,600000,119135,92502
A_hat,binary_relevance_probe,RBF_f,1,0.7125,600000,115791,90143
A_hat,binary_relevance_probe,RBF_f,1,0.715,600000,112553,87855
A_hat,binary_relevance_probe,RBF_f,1,0.7175,600000,109473,85685
A_hat,binary_relevance_probe,RBF_f,1,0.72,600000,106360,83468
A_hat,binary_relevance_probe,RBF_f,1,0.7225,600000,103280,81269
A_hat,binary_relevance_probe,RBF_f,1,0.725,600000,100066,78959
A_hat,binary_relevance_probe,RBF_f,1,0.7275,600000,96987,76752
A_hat,binary_relevance_probe,RBF_f,1,0.73,600000,93921,74516
A_hat,binary_relevance_probe,RBF_f,1,0.7325,600000,90947,72335
A_hat,binary_relevance_probe,RBF_f,1,0.735,600000,87971,70217
A_hat,binary_relevance_probe,RBF_f,1,0.7375,600000,85142,68148
A_hat,binary_relevance_probe,RBF_f,1,0.74,600000,82310,66047
A_hat,binary_relevance_probe,RBF_f,1,0.7425,600000,79535,64032
A_hat,binary_relevance_probe,RBF_f,1,0.745,600000,76752,61983
A_hat,binary_relevance_probe,RBF_f,1,0.7475,600000,73958,59905
A_hat,binary_relevance_probe,RBF_f,1,0.75,600000,71269,57938
A_hat,binary_relevance_probe,RBF_f,1,0.7525,600000,68620,55978
A_hat,binary_relevance_probe,RBF_f,1,0.755,600000,66061,54072
A_hat,binary_relevance_probe,RBF_f,1,0.7575,600000,63438,52078
A_hat,binary_relevance_probe,RBF_f,1,0.76,600000,60962,50159
A_hat,binary_relevance_probe,RBF_f,1,0.7625,600000,58496,48249
A_hat,binary_relevance_probe,RBF_f,1,0.765,600000,56142,46404
A_hat,binary_relevance_probe,RBF_f,1,0.7675,600000,53793,44587
A_hat,binary_relevance_probe,RBF_f,1,0.77,600000,51485,42803
A_hat,binary_relevance_probe,RBF_f,1,0.7725,600000,49321,41143
A_hat,binary_relevance_probe,RBF_f,1,0.775,600000,47270,39564
A_hat,binary_relevance_probe,RBF_f,1,0.7775,600000,45280,38044
A_hat,binary_relevance_probe,RBF_f,1,0.78,600000,43337,36496
A_hat,binary_relevance_probe,RBF_f,1,0.7825,600000,41555,35120
A_hat,binary_relevance_probe,RBF_f,1,0.785,600000,39690,33641
A_hat,binary_relevance_probe,RBF_f,1,0.7875,600000,37921,32234
A_hat,binary_relevance_probe,RBF_f,1,0.79,600000,36072,30749
A_hat,binary_relevance_probe,RBF_f,1,0.7925,600000,34311,29363
A_hat,binary_relevance_probe,RBF_f,1,0.795,600000,32624,28000
A_hat,binary_relevance_probe,RBF_f,1,0.7975,600000,31035,26745
A_hat,binary_relevance_probe,RBF_f,1,0.8,600000,29515,25516
A_hat,binary_relevance_probe,RBF_f,1,0.8025,600000,28008,24293
A_hat,binary_relevance_probe,RBF_f,1,0.805,600000,26443,22996
A_hat,binary_relevance_probe,RBF_f,1,0.8075,600000,24867,21696
A_hat,binary_relevance_probe,RBF_f,1,0.81,600000,23436,20488
A_hat,binary_relevance_probe,RBF_f,1,0.8125,600000,21999,19276
A_hat,binary_relevance_probe,RBF_f,1,0.815,600000,20661,18121
A_hat,binary_relevance_probe,RBF_f,1,0.8175,600000,19372,17015
A_hat,binary_relevance_probe,RBF_f,1,0.82,600000,18212,16043
A_hat,binary_relevance_probe,RBF_f,1,0.8225,600000,17115,15119
A_hat,binary_relevance_probe,RBF_f,1,0.825,600000,16088,14230
A_hat,binary_relevance_probe,RBF_f,1,0.8275,600000,15027,13309
A_hat,binary_relevance_probe,RBF_f,1,0.83,600000,14063,12493
A_hat,binary_relevance_probe,RBF_f,1,0.8325,600000,13102,11670
A_hat,binary_relevance_probe,RBF_f,1,0.835,600000,12212,10903
A_hat,binary_relevance_probe,RBF_f,1,0.8375,600000,11429,10228
A_hat,binary_relevance_probe,RBF_f,1,0.84,600000,10656,9572
A_hat,binary_relevance_probe,RBF_f,1,0.8425,600000,9961,8988
A_hat,binary_relevance_probe,RBF_f,1,0.845,600000,9273,8383
A_hat,binary_relevance_probe,RBF_f,1,0.8475,600000,8629,7833
A_hat,binary_relevance_probe,RBF_f,1,0.85,600000,7989,7279
A_hat,binary_relevance_probe,RBF_f,1,0.8525,600000,7377,6740
A_hat,binary_relevance_probe,RBF_f,1,0.855,600000,6671,6102
A_hat,binary_relevance_probe,RBF_f,1,0.8575,600000,5959,5451
A_hat,binary_relevance_probe,RBF_f,1,0.86,600000,5222,4774
A_hat,binary_relevance_probe,RBF_f,1,0.8625,600000,4631,4240
A_hat,binary_relevance_probe,RBF_f,1,0.865,600000,4177,3826
A_hat,binary_relevance_probe,RBF_f,1,0.8675,600000,3779,3472
A_hat,binary_relevance_probe,RBF_f,1,0.87,600000,3495,3219
A_hat,binary_relevance_probe,RBF_f,1,0.8725,600000,3237,2992
A_hat,binary_relevance_probe,RBF_f,1,0.875,600000,3020,2803
A_hat,binary_relevance_probe,RBF_f,1,0.8775,600000,2788,2593
A_hat,binary_relevance_probe,RBF_f,1,0.88,600000,2503,2351
A_hat,binary_relevance_probe,RBF_f,1,0.8825,600000,2149,2020
A_hat,binary_relevance_probe,RBF_f,1,0.885,600000,1740,1627
A_hat,binary_relevance_probe,RBF_f,1,0.8875,600000,1281,1184
A_hat,binary_relevance_probe,RBF_f,1,0.89,600000,906,828
A_hat,binary_relevance_probe,RBF_f,1,0.8925,600000,571,513
A_hat,binary_relevance_probe,RBF_f,1,0.895,600000,375,333
A_hat,binary_relevance_probe,RBF_f,1,0.8975,600000,238,200
A_hat,binary_relevance_probe,RBF_f,1,0.9,600000,118,90
A_hat,binary_relevance_probe,RBF_f,1,0.9025,600000,61,36
A_hat,binary_relevance_probe,RBF_f,1,0.905,600000,45,22
A_hat,binary_relevance_probe,RBF_f,1,0.9075,600000,33,14
A_hat,binary_relevance_probe,RBF_f,1,0.91,600000,30,12
A_hat,binary_relevance_probe,RBF_f,1,0.9125,600000,24,9
A_hat,binary_relevance_probe,RBF_f,1,0.915,600000,21,9
A_hat,binary_relevance_probe,RBF_f,1,0.9175,600000,19,7
A_hat,binary_relevance_probe,RBF_f,1,0.92,600000,14,3
A_hat,binary_relevance_probe,RBF_f,1,0.9225,600000,13,3
A_hat,binary_relevance_probe,RBF_f,1,0.925,600000,10,1
A_hat,binary_relevance_probe,RBF_f,1,0.9275,600000,9,0
A_hat,binary_relevance_probe,RBF_f,1,0.93,600000,7,0
A_hat,binary_relevance_probe,RBF_f,1,0.9325,600000,7,0
A_hat,binary_relevance_probe,RBF_f,1,0.935,600000,7,0
A_hat,binary_relevance_probe,RBF_f,1,0.9375,600000,5,0
A_hat,binary_relevance_probe,RBF_f,1,0.94,600000,3,0
A_hat,binary_relevance_probe,RBF_f,1,0.9425,600000,3,0
A_hat,binary_relevance_probe,RBF_f,1,0.945,600000,1,0
A_hat,binary_relevance_probe,RBF_f,1,0.9475,600000,1,0
A_hat,binary_relevance_probe,RBF_f,1,0.95,600000,1,0
A_hat,binary_relevance_probe,RBF_f,1,0.9525,600000,1,0
A_hat,binary_relevance_probe,RBF_f,1,0.955,600000,1,0
A_hat,binary_relevance_probe,RBF_f,1,0.9575,600000,1,0
A_hat,binary_relevance_probe,RBF_f,1,0.96,600000,1,0
A_hat,binary_relevance_probe,RBF_f,1,0.9625,600000,1,0
A_hat,binary_relevance_probe,RBF_f,1,0.965,600000,0,0
A_hat,binary_relevance_probe,RBF_f,1,0.9675,600000,0,0
A_hat,binary_relevance_probe,RBF_f,1,0.97,600000,0,0
A_hat,binary_relevance_probe,RBF_f,1,0.9725,600000,0,0
A_hat,binary_relevance_probe,RBF_f,1,0.975,600000,0,0
A_hat,binary_relevance_probe,RBF_f,1,0.9775,600000,0,0
A_hat,binary_relevance_probe,RBF_f,1,0.98,600000,0,0
A_hat,binary_relevance_probe,RBF_f,1,0.9825,600000,0,0
A_hat,binary_relevance_probe,RBF_f,1,0.985,600000,0,0
A_hat,binary_relevance_probe,RBF_f,1,0.9875,600000,0,0
A_hat,binary_relevance_probe,RBF_f,1,0.99,600000,0,0
A_hat,binary_relevance_probe,RBF_f,1,0.9925,600000,0,0
A_hat,binary_relevance_probe,RBF_f,1,0.995,600000,0,0
A_hat,binary_relevance_probe,RBF_f,1,0.9975,600000,0,0
A_hat,binary_relevance_probe,RBF_f,1,1.0,600000,0,0
M,high_order,RBF_m,1,0.7,150000,80282,57867
M,high_order,RBF_m,1,0.7025,150000,80009,57703
M,high_order,RBF_m,1,0.705,150000,79764,57545
M,high_order,RBF_m,1,0.7075,150000,79460,57348
M,high_order,RBF_m,1,0.71,150000,79144,57135
M,high_order,RBF_m,1,0.7125,150000,78865,56940
M,high_order,RBF_m,1,0.715,150000,78611,56773
M,high_order,RBF_m,1,0.7175,150000,78348,56594
M,high_order,RBF_m,1,0.72,150000,78070,56409
M,high_order,RBF_m,1,0.7225,150000,77767,56219
M,high_order,RBF_m,1,0.725,150000,77456,56018
M,high_order,RBF_m,1,0.7275,150000,77147,55816
M,high_order,RBF_m,1,0.73,150000,76869,55641
M,high_order,RBF_m,1,0.7325,150000,76625,55486
M,high_order,RBF_m,1,0.735,150000,76352,55304
M,high_order,RBF_m,1,0.7375,150000,76044,55093
M,high_order,RBF_m,1,0.74,150000,75741,54877
M,high_order,RBF_m,1,0.7425,150000,75462,54688
M,high_order,RBF_m,1,0.745,150000,75244,54541
M,high_order,RBF_m,1,0.7475,150000,74968,54355
M,high_order,RBF_m,1,0.75,150000,74710,54175
M,high_order,RBF_m,1,0.7525,150000,74397,53979
M,high_order,RBF_m,1,0.755,150000,74095,53790
M,high_order,RBF_m,1,0.7575,150000,73799,53589
M,high_order,RBF_m,1,0.76,150000,73500,53398
M,high_order,RBF_m,1,0.7625,150000,73220,53198
M,high_order,RBF_m,1,0.765,150000,72918,52992
M,high_order,RBF_m,1,0.7675,150000,72585,52771
M,high_order,RBF_m,1,0.77,150000,72343,52604
M,high_order,RBF_m,1,0.7725,150000,72054,52397
M,high_order,RBF_m,1,0.775,150000,71739,52189
M,high_order,RBF_m,1,0.7775,150000,71376,51949
M,high_order,RBF_m,1,0.78,150000,71028,51713
M,high_order,RBF_m,1,0.7825,150000,70685,51480
M,high_order,RBF_m,1,0.785,150000,70345,51253
M,high_order,RBF_m,1,0.7875,150000,70026,51041
M,high_order,RBF_m,1,0.79,150000,69709,50818
M,high_order,RBF_m,1,0.7925,150000,69400,50595
M,high_order,RBF_m,1,0.795,150000,69140,50401
M,high_order,RBF_m,1,0.7975,150000,68786,50153
M,high_order,RBF_m,1,0.8,150000,68430,49903
M,high_order,RBF_m,1,0.8025,150000,68051,49631
M,high_order,RBF_m,1,0.805,150000,67630,49316
M,high_order,RBF_m,1,0.8075,150000,67301,49091
M,high_order,RBF_m,1,0.81,150000,67014,48889
M,high_order,RBF_m,1,0.8125,150000,66714,48675
M,high_order,RBF_m,1,0.815,150000,66292,48378
M,high_order,RBF_m,1,0.8175,150000,65816,48040
M,high_order,RBF_m,1,0.82,150000,65475,47784
M,high_order,RBF_m,1,0.8225,150000,65164,47561
M,high_order,RBF_m,1,0.825,150000,64887,47359
M,high_order,RBF_m,1,0.8275,150000,64537,47097
M,high_order,RBF_m,1,0.83,150000,64179,46857
M,high_order,RBF_m,1,0.8325,150000,63882,46640
M,high_order,RBF_m,1,0.835,150000,63533,46387
M,high_order,RBF_m,1,0.8375,150000,63174,46116
M,high_order,RBF_m,1,0.84,150000,62816,45848
M,high_order,RBF_m,1,0.8425,150000,62436,45561
M,high_order,RBF_m,1,0.845,150000,62074,45307
M,high_order,RBF_m,1,0.8475,150000,61716,45047
M,high_order,RBF_m,1,0.85,150000,61397,44818
M,high_order,RBF_m,1,0.8525,150000,61035,44553
M,high_order,RBF_m,1,0.855,150000,60734,44341
M,high_order,RBF_m,1,0.8575,150000,60417,44110
M,high_order,RBF_m,1,0.86,150000,60024,43814
M,high_order,RBF_m,1,0.8625,150000,59625,43520
M,high_order,RBF_m,1,0.865,150000,59227,43229
M,high_order,RBF_m,1,0.8675,150000,58899,42990
M,high_order,RBF_m,1,0.87,150000,58554,42722
M,high_order,RBF_m,1,0.8725,150000,58166,42439
M,high_order,RBF_m,1,0.875,150000,57782,42153
M,high_order,RBF_m,1,0.8775,150000,57382,41848
M,high_order,RBF_m,1,0.88,150000,57041,41592
M,high_order,RBF_m,1,0.8825,150000,56713,41335
M,high_order,RBF_m,1,0.885,150000,56334,41061
M,high_order,RBF_m,1,0.8875,150000,55999,40822
M,high_order,RBF_m,1,0.89,150000,55647,40553
M,high_order,RBF_m,1,0.8925,150000,55317,40304
M,high_order,RBF_m,1,0.895,150000,54986,40066
M,high_order,RBF_m,1,0.8975,150000,54678,39849
M,high_order,RBF_m,1,0.9,150000,54233,39502
M,high_order,RBF_m,1,0.9025,150000,53866,39228
M,high_order,RBF_m,1,0.905,150000,53471,38925
M,high_order,RBF_m,1,0.9075,150000,53091,38611
M,high_order,RBF_m,1,0.91,150000,52636,38252
M,high_order,RBF_m,1,0.9125,150000,52183,37916
M,high_order,RBF_m,1,0.915,150000,51677,37529
M,high_order,RBF_m,1,0.9175,150000,51287,37222
M,high_order,RBF_m,1,0.92,150000,50779,36815
M,high_order,RBF_m,1,0.9225,150000,50278,36433
M,high_order,RBF_m,1,0.925,150000,49873,36115
M,high_order,RBF_m,1,0.9275,150000,49470,35822
M,high_order,RBF_m,1,0.93,150000,49098,35541
M,high_order,RBF_m,1,0.9325,150000,48643,35184
M,high_order,RBF_m,1,0.935,150000,48241,34875
M,high_order,RBF_m,1,0.9375,150000,47827,34555
M,high_order,RBF_m,1,0.94,150000,47414,34216
M,high_order,RBF_m,1,0.9425,150000,46966,33877
M,high_order,RBF_m,1,0.945,150000,46428,33459
M,high_order,RBF_m,1,0.9475,150000,45860,33031
M,high_order,RBF_m,1,0.95,150000,45354,32633
M,high_order,RBF_m,1,0.9525,150000,44791,32209
M,high_order,RBF_m,1,0.955,150000,44260,31790
M,high_order,RBF_m,1,0.9575,150000,43765,31398
M,high_order,RBF_m,1,0.96,150000,43253,30992
M,high_order,RBF_m,1,0.9625,150000,42611,30496
M,high_order,RBF_m,1,0.965,150000,41944,29970
M,high_order,RBF_m,1,0.9675,150000,41337,29464
M,high_order,RBF_m,1,0.97,150000,40504,28820
M,high_order,RBF_m,1,0.9725,150000,39832,28311
M,high_order,RBF_m,1,0.975,150000,39253,27862
M,high_order,RBF_m,1,0.9775,150000,38691,27437
M,high_order,RBF_m,1,0.98,150000,37887,26818
M,high_order,RBF_m,1,0.9825,150000,37227,26320
M,high_order,RBF_m,1,0.985,150000,36328,25596
M,high_order,RBF_m,1,0.9875,150000,35330,24808
M,high_order,RBF_m,1,0.99,150000,34222,23918
M,high_order,RBF_m,1,0.9925,150000,32926,22912
M,high_order,RBF_m,1,0.995,150000,31178,21498
M,high_order,RBF_m,1,0.9975,150000,29239,19968
M,high_order,RBF_m,1,1.0,150000,17415,10928
c,high_order,RBF_m,1,0.7,150000,53983,53308
c,high_order,RBF_m,1,0.7025,150000,53983,53308
c,high_order,RBF_m,1,0.705,150000,53983,53308
c,high_order,RBF_m,1,0.7075,150000,53983,53308
c,high_order,RBF_m,1,0.71,150000,53983,53308
c,high_order,RBF_m,1,0.7125,150000,53983,53308
c,high_order,RBF_m,1,0.715,150000,53983,53308
c,high_order,RBF_m,1,0.7175,150000,53983,53308
c,high_order,RBF_m,1,0.72,150000,53983,53308
c,high_order,RBF_m,1,0.7225,150000,53983,53308
c,high_order,RBF_m,1,0.725,150000,48780,48410
c,high_order,RBF_m,1,0.7275,150000,48780,48410
c,high_order,RBF_m,1,0.73,150000,48780,48410
c,high_order,RBF_m,1,0.7325,150000,48780,48410
c,high_order,RBF_m,1,0.735,150000,48780,48410
c,high_order,RBF_m,1,0.7375,150000,48780,48410
c,high_order,RBF_m,1,0.74,150000,48780,48410
c,high_order,RBF_m,1,0.7425,150000,48780,48410
c,high_order,RBF_m,1,0.745,150000,48780,48410
c,high_order,RBF_m,1,0.7475,150000,48780,48410
c,high_order,RBF_m,1,0.75,150000,48780,48410
c,high_order,RBF_m,1,0.7525,150000,48780,48410
c,high_order,RBF_m,1,0.755,150000,48780,48410
c,high_order,RBF_m,1,0.7575,150000,48780,48410
c,high_order,RBF_m,1,0.76,150000,43511,43304
c,high_order,RBF_m,1,0.7625,150000,43511,43304
c,high_order,RBF_m,1,0.765,150000,43511,43304
c,high_order,RBF_m,1,0.7675,150000,43511,43304
c,high_order,RBF_m,1,0.77,150000,43511,43304
c,high_order,RBF_m,1,0.7725,150000,43511,43304
c,high_order,RBF_m,1,0.775,150000,43511,43304
c,high_order,RBF_m,1,0.7775,150000,43511,43304
c,high_order,RBF_m,1,0.78,150000,43511,43304
c,high_order,RBF_m,1,0.7825,150000,43511,43304
c,high_order,RBF_m,1,0.785,150000,43511,43304
c,high_order,RBF_m,1,0.7875,150000,43511,43304
c,high_order,RBF_m,1,0.79,150000,43511,43304
c,high_order,RBF_m,1,0.7925,150000,43511,43304
c,high_order,RBF_m,1,0.795,150000,38127,38026
c,high_order,RBF_m,1,0.7975,150000,38127,38026
c,high_order,RBF_m,1,0.8,150000,38127,38026
c,high_order,RBF_m,1,0.8025,150000,38127,38026
c,high_order,RBF_m,1,0.805,150000,38127,38026
c,high_order,RBF_m,1,0.8075,150000,38127,38026
c,high_order,RBF_m,1,0.81,150000,38127,38026
c,high_order,RBF_m,1,0.8125,150000,38127,38026
c,high_order,RBF_m,1,0.815,150000,38127,38026
c,high_order,RBF_m,1,0.8175,150000,38127,38026
c,high_order,RBF_m,1,0.82,150000,38127,38026
c,high_order,RBF_m,1,0.8225,150000,38127,38026
c,high_order,RBF_m,1,0.825,150000,38127,38026
c,high_order,RBF_m,1,0.8275,150000,38127,38026
c,high_order,RBF_m,1,0.83,150000,32586,32548
c,high_order,RBF_m,1,0.8325,150000,32586,32548
c,high_order,RBF_m,1,0.835,150000,32586,32548
c,high_order,RBF_m,1,0.8375,150000,32586,32548
c,high_order,RBF_m,1,0.84,150000,32586,32548
c,high_order,RBF_m,1,0.8425,150000,32586,32548
c,high_order,RBF_m,1,0.845,150000,32586,32548
c,high_order,RBF_m,1,0.8475,150000,32586,32548
c,high_order,RBF_m,1,0.85,150000,32586,32548
c,high_order,RBF_m,1,0.8525,150000,32586,32548
c,high_order,RBF_m,1,0.855,150000,32586,32548
c,high_order,RBF_m,1,0.8575,150000,32586,32548
c,high_order,RBF_m,1,0.86,150000,32586,32548
c,high_order,RBF_m,1,0.8625,150000,26995,26974
c,high_order,RBF_m,1,0.865,150000,26995,26974
c,high_order,RBF_m,1,0.8675,150000,26995,26974
c,high_order,RBF_m,1,0.87,150000,26995,26974
c,high_order,RBF_m,1,0.8725,150000,26995,26974
c,high_order,RBF_m,1,0.875,150000,26995,26974
c,high_order,RBF_m,1,0.8775,150000,26995,26974
c,high_order,RBF_m,1,0.88,150000,26995,26974
c,high_order,RBF_m,1,0.8825,150000,26995,26974
c,high_order,RBF_m,1,0.885,150000,26995,26974
c,high_order,RBF_m,1,0.8875,150000,26995,26974
c,high_order,RBF_m,1,0.89,150000,26995,26974
c,high_order,RBF_m,1,0.8925,150000,26995,26974
c,high_order,RBF_m,1,0.895,150000,26995,26974
c,high_order,RBF_m,1,0.8975,150000,20860,20856
c,high_order,RBF_m,1,0.9,150000,20860,20856
c,high_order,RBF_m,1,0.9025,150000,20860,20856
c,high_order,RBF_m,1,0.905,150000,20860,20856
c,high_order,RBF_m,1,0.9075,150000,20860,20856
c,high_order,RBF_m,1,0.91,150000,20860,20856
c,high_order,RBF_m,1,0.9125,150000,20860,20856
c,high_order,RBF_m,1,0.915,150000,20860,20856
c,high_order,RBF_m,1,0.9175,150000,20860,20856
c,high_order,RBF_m,1,0.92,150000,20860,20856
c,high_order,RBF_m,1,0.9225,150000,20860,20856
c,high_order,RBF_m,1,0.925,150000,20860,20856
c,high_order,RBF_m,1,0.9275,150000,20860,20856
c,high_order,RBF_m,1,0.93,150000,20860,20856
c,high_order,RBF_m,1,0.9325,150000,13282,13282
c,high_order,RBF_m,1,0.935,150000,13282,13282
c,high_order,RBF_m,1,0.9375,150000,13282,13282
c,high_order,RBF_m,1,0.94,150000,13282,13282
c,high_order,RBF_m,1,0.9425,150000,13282,13282
c,high_order,RBF_m,1,0.945,150000,13282,13282
c,high_order,RBF_m,1,0.9475,150000,13282,13282
c,high_order,RBF_m,1,0.95,150000,13282,13282
c,high_order,RBF_m,1,0.9525,150000,13282,13282
c,high_order,RBF_m,1,0.955,150000,13282,13282
c,high_order,RBF_m,1,0.9575,150000,13282,13282
c,high_order,RBF_m,1,0.96,150000,13282,13282
c,high_order,RBF_m,1,0.9625,150000,13282,13282
c,high_order,RBF_m,1,0.965,150000,13282,13282
c,high_order,RBF_m,1,0.9675,150000,5329,5329
c,high_order,RBF_m,1,0.97,150000,5329,5329
c,high_order,RBF_m,1,0.9725,150000,5329,5329
c,high_order,RBF_m,1,0.975,150000,5329,5329
c,high_order,RBF_m,1,0.9775,150000,5329,5329
c,high_order,RBF_m,1,0.98,150000,5329,5329
c,high_order,RBF_m,1,0.9825,150000,5329,5329
c,high_order,RBF_m,1,0.985,150000,5329,5329
c,high_order,RBF_m,1,0.9875,150000,5329,5329
c,high_order,RBF_m,1,0.99,150000,5329,5329
c,high_order,RBF_m,1,0.9925,150000,5329,5329
c,high_order,RBF_m,1,0.995,150000,5329,5329
c,high_order,RBF_m,1,0.9975,150000,5329,5329
c,high_order,RBF_m,1,1.0,150000,5329,5329
A_hat,high_order,RBF_m,1,0.7,150000,60344,39122
A_hat,high_order,RBF_m,1,0.7025,150000,59698,38727
A_hat,high_order,RBF_m,1,0.705,150000,59107,38371
A_hat,high_order,RBF_m,1,0.7075,150000,58515,38022
A_hat,high_order,RBF_m,1,0.71,150000,57893,37629
A_hat,high_order,RBF_m,1,0.7125,150000,57266,37220
A_hat,high_order,RBF_m,1,0.715,150000,56635,36840
A_hat,high_order,RBF_m,1,0.7175,150000,56023,36448
A_hat,high_order,RBF_m,1,0.72,150000,55390,36013
A_hat,high_order,RBF_m,1,0.7225,150000,54771,35620
A_hat,high_order,RBF_m,1,0.725,150000,54120,35192
A_hat,high_order,RBF_m,1,0.7275,150000,53512,34808
A_hat,high_order,RBF_m,1,0.73,150000,52887,34423
A_hat,high_order,RBF_m,1,0.7325,150000,52262,34017
A_hat,high_order,RBF_m,1,0.735,150000,51612,33619
A_hat,high_order,RBF_m,1,0.7375,150000,51016,33248
A_hat,high_order,RBF_m,1,0.74,150000,50394,32831
A_hat,high_order,RBF_m,1,0.7425,150000,49804,32445
A_hat,high_order,RBF_m,1,0.745,150000,49139,32024
A_hat,high_order,RBF_m,1,0.7475,150000,48533,31643
A_hat,high_order,RBF_m,1,0.75,150000,47915,31261
A_hat,high_order,RBF_m,1,0.7525,150000,47315,30859
A_hat,high_order,RBF_m,1,0.755,150000,46627,30425
A_hat,high_order,RBF_m,1,0.7575,150000,46048,30027
A_hat,high_order,RBF_m,1,0.76,150000,45485,29658
A_hat,high_order,RBF_m,1,0.7625,150000,44913,29307
A_hat,high_order,RBF_m,1,0.765,150000,44302,28910
A_hat,high_order,RBF_m,1,0.7675,150000,43649,28480
A_hat,high_order,RBF_m,1,0.77,150000,42998,28059
A_hat,high_order,RBF_m,1,0.7725,150000,42338,27638
A_hat,high_order,RBF_m,1,0.775,150000,41699,27220
A_hat,high_order,RBF_m,1,0.7775,150000,41024,26773
A_hat,high_order,RBF_m,1,0.78,150000,40399,26367
A_hat,high_order,RBF_m,1,0.7825,150000,39746,25951
A_hat,high_order,RBF_m,1,0.785,150000,39143,25579
A_hat,high_order,RBF_m,1,0.7875,150000,38504,25179
A_hat,high_order,RBF_m,1,0.79,150000,37901,24794
A_hat,high_order,RBF_m,1,0.7925,150000,37266,24394
A_hat,high_order,RBF_m,1,0.795,150000,36617,23970
A_hat,high_order,RBF_m,1,0.7975,150000,36020,23569
A_hat,high_order,RBF_m,1,0.8,150000,35341,23136
A_hat,high_order,RBF_m,1,0.8025,150000,34686,22705
A_hat,high_order,RBF_m,1,0.805,150000,34057,22300
A_hat,high_order,RBF_m,1,0.8075,150000,33421,21884
A_hat,high_order,RBF_m,1,0.81,150000,32739,21444
A_hat,high_order,RBF_m,1,0.8125,150000,32142,21078
A_hat,high_order,RBF_m,1,0.815,150000,31568,20701
A_hat,high_order,RBF_m,1,0.8175,150000,30928,20270
A_hat,high_order,RBF_m,1,0.82,150000,30307,19864
A_hat,high_order,RBF_m,1,0.8225,150000,29728,19482
A_hat,high_order,RBF_m,1,0.825,150000,29090,19067
A_hat,high_order,RBF_m,1,0.8275,150000,28439,18640
A_hat,high_order,RBF_m,1,0.83,150000,27817,18254
A_hat,high_order,RBF_m,1,0.8325,150000,27200,17853
A_hat,high_order,RBF_m,1,0.835,150000,26590,17461
A_hat,high_order,RBF_m,1,0.8375,150000,26006,17091
A_hat,high_order,RBF_m,1,0.84,150000,25407,16709
A_hat,high_order,RBF_m,1,0.8425,150000,24809,16294
A_hat,high_order,RBF_m,1,0.845,150000,24226,15903
A_hat,high_order,RBF_m,1,0.8475,150000,23685,15560
A_hat,high_order,RBF_m,1,0.85,150000,23085,15162
A_hat,high_order,RBF_m,1,0.8525,150000,22479,14752
A_hat,high_order,RBF_m,1,0.855,150000,21868,14343
A_hat,high_order,RBF_m,1,0.8575,150000,21237,13920
A_hat,high_order,RBF_m,1,0.86,150000,20691,13576
A_hat,high_order,RBF_m,1,0.8625,150000,20110,13175
A_hat,high_order,RBF_m,1,0.865,150000,19549,12792
A_hat,high_order,RBF_m,1,0.8675,150000,18991,12420
A_hat,high_order,RBF_m,1,0.87,150000,18446,12062
A_hat,high_order,RBF_m,1,0.8725,150000,17869,11699
A_hat,high_order,RBF_m,1,0.875,150000,17319,11336
A_hat,high_order,RBF_m,1,0.8775,150000,16777,10998
A_hat,high_order,RBF_m,1,0.88,150000,16193,10623
A_hat,high_order,RBF_m,1,0.8825,150000,15611,10254
A_hat,high_order,RBF_m,1,0.885,150000,15029,9879
A_hat,high_order,RBF_m,1,0.8875,150000,14481,9521
A_hat,high_order,RBF_m,1,0.89,150000,13922,9146
A_hat,high_order,RBF_m,1,0.8925,150000,13413,8813
A_hat,high_order,RBF_m,1,0.895,150000,12852,8459
A_hat,high_order,RBF_m,1,0.8975,150000,12338,8115
A_hat,high_order,RBF_m,1,0.9,150000,11829,7771
A_hat,high_order,RBF_m,1,0.9025,150000,11298,7396
A_hat,high_order,RBF_m,1,0.905,150000,10817,7082
A_hat,high_order,RBF_m,1,0.9075,150000,10320,6741
A_hat,high_order,RBF_m,1,0.91,150000,9839,6425
A_hat,high_order,RBF_m,1,0.9125,150000,9328,6093
A_hat,high_order,RBF_m,1,0.915,150000,8882,5815
A_hat,high_order,RBF_m,1,0.9175,150000,8397,5491
A_hat,high_order,RBF_m,1,0.92,150000,7959,5197
A_hat,high_order,RBF_m,1,0.9225,150000,7504,4912
A_hat,high_order,RBF_m,1,0.925,150000,7057,4620
A_hat,high_order,RBF_m,1,0.9275,150000,6635,4339
A_hat,high_order,RBF_m,1,0.93,150000,6201,4033
A_hat,high_order,RBF_m,1,0.9325,150000,5772,3731
A_hat,high_order,RBF_m,1,0.935,150000,5405,3492
A_hat,high_order,RBF_m,1,0.9375,150000,4991,3213
A_hat,high_order,RBF_m,1,0.94,150000,4634,2975
A_hat,high_order,RBF_m,1,0.9425,150000,4279,2739
A_hat,high_order,RBF_m,1,0.945,150000,3935,2523
A_hat,high_order,RBF_m,1,0.9475,150000,3609,2296
A_hat,high_order,RBF_m,1,0.95,150000,3295,2105
A_hat,high_order,RBF_m,1,0.9525,150000,2974,1887
A_hat,high_order,RBF_m,1,0.955,150000,2705,1702
A_hat,high_order,RBF_m,1,0.9575,150000,2398,1494
A_hat,high_order,RBF_m,1,0.96,150000,2129,1306
A_hat,high_order,RBF_m,1,0.9625,150000,1879,1155
A_hat,high_order,RBF_m,1,0.965,150000,1636,1006
A_hat,high_order,RBF_m,1,0.9675,150000,1401,848
A_hat,high_order,RBF_m,1,0.97,150000,1191,725
A_hat,high_order,RBF_m,1,0.9725,150000,978,594
A_hat,high_order,RBF_m,1,0.975,150000,785,479
A_hat,high_order,RBF_m,1,0.9775,150000,638,388
A_hat,high_order,RBF_m,1,0.98,150000,485,296
A_hat,high_order,RBF_m,1,0.9825,150000,347,202
A_hat,high_order,RBF_m,1,0.985,150000,258,146
A_hat,high_order,RBF_m,1,0.9875,150000,186,100
A_hat,high_order,RBF_m,1,0.99,150000,123,60
A_hat,high_order,RBF_m,1,0.9925,150000,75,31
A_hat,high_order,RBF_m,1,0.995,150000,35,14
A_hat,high_order,RBF_m,1,0.9975,150000,9,3
A_hat,high_order,RBF_m,1,1.0,150000,0,0
C,high_order,RBF_m,1,0.7,150000,58841,44121
C,high_order,RBF_m,1,0.7025,150000,58288,43727
C,high_order,RBF_m,1,0.705,150000,57678,43300
C,high_order,RBF_m,1,0.7075,150000,57096,42916
C,high_order,RBF_m,1,0.71,150000,56521,42510
C,high_order,RBF_m,1,0.7125,150000,55957,42121
C,high_order,RBF_m,1,0.715,150000,55363,41696
C,high_order,RBF_m,1,0.7175,150000,54812,41304
C,high_order,RBF_m,1,0.72,150000,54161,40858
C,high_order,RBF_m,1,0.7225,150000,53595,40445
C,high_order,RBF_m,1,0.725,150000,53001,40034
C,high_order,RBF_m,1,0.7275,150000,52443,39631
C,high_order,RBF_m,1,0.73,150000,51830,39209
C,high_order,RBF_m,1,0.7325,150000,51240,38792
C,high_order,RBF_m,1,0.735,150000,50634,38369
C,high_order,RBF_m,1,0.7375,150000,49994,37902
C,high_order,RBF_m,1,0.74,150000,49457,37531
C,high_order,RBF_m,1,0.7425,150000,48894,37132
C,high_order,RBF_m,1,0.745,150000,48328,36748
C,high_order,RBF_m,1,0.7475,150000,47735,36331
C,high_order,RBF_m,1,0.75,150000,47155,35899
C,high_order,RBF_m,1,0.7525,150000,46580,35477
C,high_order,RBF_m,1,0.755,150000,45960,35031
C,high_order,RBF_m,1,0.7575,150000,45308,34562
C,high_order,RBF_m,1,0.76,150000,44690,34115
C,high_order,RBF_m,1,0.7625,150000,44060,33660
C,high_order,RBF_m,1,0.765,150000,43424,33178
C,high_order,RBF_m,1,0.7675,150000,42797,32703
C,high_order,RBF_m,1,0.77,150000,42191,32232
C,high_order,RBF_m,1,0.7725,150000,41546,31770
C,high_order,RBF_m,1,0.775,150000,40945,31322
C,high_order,RBF_m,1,0.7775,150000,40356,30903
C,high_order,RBF_m,1,0.78,150000,39756,30448
C,high_order,RBF_m,1,0.7825,150000,39144,29983
C,high_order,RBF_m,1,0.785,150000,38558,29544
C,high_order,RBF_m,1,0.7875,150000,37931,29089
C,high_order,RBF_m,1,0.79,150000,37314,28630
C,high_order,RBF_m,1,0.7925,150000,36698,28157
C,high_order,RBF_m,1,0.795,150000,36103,27724
C,high_order,RBF_m,1,0.7975,150000,35480,27259
C,high_order,RBF_m,1,0.8,150000,34882,26805
C,high_order,RBF_m,1,0.8025,150000,34235,26317
C,high_order,RBF_m,1,0.805,150000,33579,25825
C,high_order,RBF_m,1,0.8075,150000,32961,25351
C,high_order,RBF_m,1,0.81,150000,32354,24906
C,high_order,RBF_m,1,0.8125,150000,31741,24447
C,high_order,RBF_m,1,0.815,150000,31095,23958
C,high_order,RBF_m,1,0.8175,150000,30468,23477
C,high_order,RBF_m,1,0.82,150000,29880,23028
C,high_order,RBF_m,1,0.8225,150000,29282,22581
C,high_order,RBF_m,1,0.825,150000,28643,22100
C,high_order,RBF_m,1,0.8275,150000,28080,21663
C,high_order,RBF_m,1,0.83,150000,27489,21216
C,high_order,RBF_m,1,0.8325,150000,26905,20766
C,high_order,RBF_m,1,0.835,150000,26291,20287
C,high_order,RBF_m,1,0.8375,150000,25656,19801
C,high_order,RBF_m,1,0.84,150000,24981,19280
C,high_order,RBF_m,1,0.8425,150000,24326,18764
C,high_order,RBF_m,1,0.845,150000,23745,18316
C,high_order,RBF_m,1,0.8475,150000,23140,17851
C,high_order,RBF_m,1,0.85,150000,22531,17368
C,high_order,RBF_m,1,0.8525,150000,21907,16912
C,high_order,RBF_m,1,0.855,150000,21337,16477
C,high_order,RBF_m,1,0.8575,150000,20766,16031
C,high_order,RBF_m,1,0.86,150000,20162,15558
C,high_order,RBF_m,1,0.8625,150000,19572,15106
C,high_order,RBF_m,1,0.865,150000,19018,14685
C,high_order,RBF_m,1,0.8675,150000,18426,14233
C,high_order,RBF_m,1,0.87,150000,17854,13801
C,high_order,RBF_m,1,0.8725,150000,17322,13387
C,high_order,RBF_m,1,0.875,150000,16749,12940
C,high_order,RBF_m,1,0.8775,150000,16203,12508
C,high_order,RBF_m,1,0.88,150000,15642,12086
C,high_order,RBF_m,1,0.8825,150000,15082,11664
C,high_order,RBF_m,1,0.885,150000,14561,11277
C,high_order,RBF_m,1,0.8875,150000,14029,10870
C,high_order,RBF_m,1,0.89,150000,13499,10471
C,high_order,RBF_m,1,0.8925,150000,12984,10060
C,high_order,RBF_m,1,0.895,150000,12476,9671
C,high_order,RBF_m,1,0.8975,150000,12024,9304
C,high_order,RBF_m,1,0.9,150000,11550,8929
C,high_order,RBF_m,1,0.9025,150000,11046,8543
C,high_order,RBF_m,1,0.905,150000,10535,8144
C,high_order,RBF_m,1,0.9075,150000,10084,7786
C,high_order,RBF_m,1,0.91,150000,9616,7404
C,high_order,RBF_m,1,0.9125,150000,9189,7069
C,high_order,RBF_m,1,0.915,150000,8710,6687
C,high_order,RBF_m,1,0.9175,150000,8290,6367
C,high_order,RBF_m,1,0.92,150000,7821,6003
C,high_order,RBF_m,1,0.9225,150000,7401,5684
C,high_order,RBF_m,1,0.925,150000,6983,5362
C,high_order,RBF_m,1,0.9275,150000,6580,5057
C,high_order,RBF_m,1,0.93,150000,6181,4748
C,high_order,RBF_m,1,0.9325,150000,5748,4416
C,high_order,RBF_m,1,0.935,150000,5337,4090
C,high_order,RBF_m,1,0.9375,150000,4996,3820
C,high_order,RBF_m,1,0.94,150000,4634,3524
C,high_order,RBF_m,1,0.9425,150000,4265,3236
C,high_order,RBF_m,1,0.945,150000,3919,2969
C,high_order,RBF_m,1,0.9475,150000,3574,2704
C,high_order,RBF_m,1,0.95,150000,3277,2492
C,high_order,RBF_m,1,0.9525,150000,2966,2248
C,high_order,RBF_m,1,0.955,150000,2670,2030
C,high_order,RBF_m,1,0.9575,150000,2391,1810
C,high_order,RBF_m,1,0.96,150000,2122,1603
C,high_order,RBF_m,1,0.9625,150000,1866,1399
C,high_order,RBF_m,1,0.965,150000,1625,1208
C,high_order,RBF_m,1,0.9675,150000,1401,1037
C,high_order,RBF_m,1,0.97,150000,1186,867
C,high_order,RBF_m,1,0.9725,150000,1001,729
C,high_order,RBF_m,1,0.975,150000,826,592
C,high_order,RBF_m,1,0.9775,150000,655,456
C,high_order,RBF_m,1,0.98,150000,521,357
C,high_order,RBF_m,1,0.9825,150000,380,263
C,high_order,RBF_m,1,0.985,150000,284,190
C,high_order,RBF_m,1,0.9875,150000,204,131
C,high_order,RBF_m,1,0.99,150000,123,72
C,high_order,RBF_m,1,0.9925,150000,69,33
C,high_order,RBF_m,1,0.995,150000,28,12
C,high_order,RBF_m,1,0.9975,150000,6,0
C,high_order,RBF_m,1,1.0,150000,0,0
w,high_order,RBF_m,1,0.7,150000,45051,42928
w,high_order,RBF_m,1,0.7025,150000,44298,42266
w,high_order,RBF_m,1,0.705,150000,43572,41625
w,high_order,RBF_m,1,0.7075,150000,42837,40973
w,high_order,RBF_m,1,0.71,150000,42073,40300
w,high_order,RBF_m,1,0.7125,150000,41323,39616
w,high_order,RBF_m,1,0.715,150000,40573,38929
w,high_order,RBF_m,1,0.7175,150000,39829,38257
w,high_order,RBF_m,1,0.72,150000,39052,37554
w,high_order,RBF_m,1,0.7225,150000,38381,36947
w,high_order,RBF_m,1,0.725,150000,37653,36302
w,high_order,RBF_m,1,0.7275,150000,36904,35627
w,high_order,RBF_m,1,0.73,150000,36194,34970
w,high_order,RBF_m,1,0.7325,150000,35496,34324
w,high_order,RBF_m,1,0.735,150000,34802,33686
w,high_order,RBF_m,1,0.7375,150000,34124,33072
w,high_order,RBF_m,1,0.74,150000,33448,32451
w,high_order,RBF_m,1,0.7425,150000,32721,31772
w,high_order,RBF_m,1,0.745,150000,32018,31109
w,high_order,RBF_m,1,0.7475,150000,31342,30474
w,high_order,RBF_m,1,0.75,150000,30690,29870
w,high_order,RBF_m,1,0.7525,150000,30032,29258
w,high_order,RBF_m,1,0.755,150000,29400,28658
w,high_order,RBF_m,1,0.7575,150000,28771,28065
w,high_order,RBF_m,1,0.76,150000,28107,27428
w,high_order,RBF_m,1,0.7625,150000,27434,26785
w,high_order,RBF_m,1,0.765,150000,26774,26163
w,high_order,RBF_m,1,0.7675,150000,26110,25530
w,high_order,RBF_m,1,0.77,150000,25481,24938
w,high_order,RBF_m,1,0.7725,150000,24878,24359
w,high_order,RBF_m,1,0.775,150000,24221,23748
w,high_order,RBF_m,1,0.7775,150000,23571,23134
w,high_order,RBF_m,1,0.78,150000,22978,22562
w,high_order,RBF_m,1,0.7825,150000,22352,21957
w,high_order,RBF_m,1,0.785,150000,21795,21423
w,high_order,RBF_m,1,0.7875,150000,21216,20861
w,high_order,RBF_m,1,0.79,150000,20625,20290
w,high_order,RBF_m,1,0.7925,150000,20028,19711
w,high_order,RBF_m,1,0.795,150000,19451,19157
w,high_order,RBF_m,1,0.7975,150000,18851,18576
w,high_order,RBF_m,1,0.8,150000,18262,18002
w,high_order,RBF_m,1,0.8025,150000,17717,17479
w,high_order,RBF_m,1,0.805,150000,17162,16937
w,high_order,RBF_m,1,0.8075,150000,16639,16427
w,high_order,RBF_m,1,0.81,150000,16140,15943
w,high_order,RBF_m,1,0.8125,150000,15621,15437
w,high_order,RBF_m,1,0.815,150000,15136,14963
w,high_order,RBF_m,1,0.8175,150000,14579,14418
w,high_order,RBF_m,1,0.82,150000,14046,13896
w,high_order,RBF_m,1,0.8225,150000,13580,13448
w,high_order,RBF_m,1,0.825,150000,13107,12985
w,high_order,RBF_m,1,0.8275,150000,12631,12516
w,high_order,RBF_m,1,0.83,150000,12174,12066
w,high_order,RBF_m,1,0.8325,150000,11687,11588
w,high_order,RBF_m,1,0.835,150000,11239,11140
w,high_order,RBF_m,1,0.8375,150000,10820,10727
w,high_order,RBF_m,1,0.84,150000,10384,10300
w,high_order,RBF_m,1,0.8425,150000,9979,9901
w,high_order,RBF_m,1,0.845,150000,9539,9470
w,high_order,RBF_m,1,0.8475,150000,9138,9076
w,high_order,RBF_m,1,0.85,150000,8759,8705
w,high_order,RBF_m,1,0.8525,150000,8388,8337
w,high_order,RBF_m,1,0.855,150000,7988,7945
w,high_order,RBF_m,1,0.8575,150000,7607,7565
w,high_order,RBF_m,1,0.86,150000,7274,7232
w,high_order,RBF_m,1,0.8625,150000,6913,6872
w,high_order,RBF_m,1,0.865,150000,6598,6562
w,high_order,RBF_m,1,0.8675,150000,6261,6226
w,high_order,RBF_m,1,0.87,150000,5895,5863
w,high_order,RBF_m,1,0.8725,150000,5603,5573
w,high_order,RBF_m,1,0.875,150000,5302,5274
w,high_order,RBF_m,1,0.8775,150000,4984,4964
w,high_order,RBF_m,1,0.88,150000,4703,4683
w,high_order,RBF_m,1,0.8825,150000,4409,4393
w,high_order,RBF_m,1,0.885,150000,4124,4109
w,high_order,RBF_m,1,0.8875,150000,3846,3833
w,high_order,RBF_m,1,0.89,150000,3589,3577
w,high_order,RBF_m,1,0.8925,150000,3348,3336
w,high_order,RBF_m,1,0.895,150000,3107,3098
w,high_order,RBF_m,1,0.8975,150000,2893,2885
w,high_order,RBF_m,1,0.9,150000,2676,2669
w,high_order,RBF_m,1,0.9025,150000,2443,2438
w,high_order,RBF_m,1,0.905,150000,2236,2231
w,high_order,RBF_m,1,0.9075,150000,2042,2037
w,high_order,RBF_m,1,0.91,150000,1866,1862
w,high_order,RBF_m,1,0.9125,150000,1693,1689
w,high_order,RBF_m,1,0.915,150000,1534,1530
w,high_order,RBF_m,1,0.9175,150000,1384,1381
w,high_order,RBF_m,1,0.92,150000,1234,1232
w,high_order,RBF_m,1,0.9225,150000,1093,1092
w,high_order,RBF_m,1,0.925,150000,981,980
w,high_order,RBF_m,1,0.9275,150000,848,847
w,high_order,RBF_m,1,0.93,150000,732,731
w,high_order,RBF_m,1,0.9325,150000,656,655
w,high_order,RBF_m,1,0.935,150000,588,587
w,high_order,RBF_m,1,0.9375,150000,513,512
w,high_order,RBF_m,1,0.94,150000,434,433
w,high_order,RBF_m,1,0.9425,150000,372,372
w,high_order,RBF_m,1,0.945,150000,317,317
w,high_order,RBF_m,1,0.9475,150000,273,273
w,high_order,RBF_m,1,0.95,150000,224,224
w,high_order,RBF_m,1,0.9525,150000,180,180
w,high_order,RBF_m,1,0.955,150000,150,150
w,high_order,RBF_m,1,0.9575,150000,126,126
w,high_order,RBF_m,1,0.96,150000,99,99
w,high_order,RBF_m,1,0.9625,150000,79,79
w,high_order,RBF_m,1,0.965,150000,57,57
w,high_order,RBF_m,1,0.9675,150000,39,39
w,high_order,RBF_m,1,0.97,150000,18,18
w,high_order,RBF_m,1,0.9725,150000,7,7
w,high_order,RBF_m,1,0.975,150000,2,2
w,high_order,RBF_m,1,0.9775,150000,1,1
w,high_order,RBF_m,1,0.98,150000,1,1
w,high_order,RBF_m,1,0.9825,150000,0,0
w,high_order,RBF_m,1,0.985,150000,0,0
w,high_order,RBF_m,1,0.9875,150000,0,0
w,high_order,RBF_m,1,0.99,150000,0,0
w,high_order,RBF_m,1,0.9925,150000,0,0
w,high_order,RBF_m,1,0.995,150000,0,0
w,high_order,RBF_m,1,0.9975,150000,0,0
w,high_order,RBF_m,1,1.0,150000,0,0
A_hat,binary_relevance_probe,RBF_m,1,0.7,600000,131529,105302
A_hat,binary_relevance_probe,RBF_m,1,0.7025,600000,128168,102805
A_hat,binary_relevance_probe,RBF_m,1,0.705,600000,124821,100357
A_hat,binary_relevance_probe,RBF_m,1,0.7075,600000,121468,97854
A_hat,binary_relevance_probe,RBF_m,1,0.71,600000,118231,95467
A_hat,binary_relevance_probe,RBF_m,1,0.7125,600000,115045,93076
A_hat,binary_relevance_probe,RBF_m,1,0.715,600000,111863,90693
A_hat,binary_relevance_probe,RBF_m,1,0.7175,600000,108676,88325
A_hat,binary_relevance_probe,RBF_m,1,0.72,600000,105351,85829
A_hat,binary_relevance_probe,RBF_m,1,0.7225,600000,102298,83469
A_hat,binary_relevance_probe,RBF_m,1,0.725,600000,99167,81078
A_hat,binary_relevance_probe,RBF_m,1,0.7275,600000,95913,78520
A_hat,binary_relevance_probe,RBF_m,1,0.73,600000,92932,76238
A_hat,binary_relevance_probe,RBF_m,1,0.7325,600000,89912,73917
A_hat,binary_relevance_probe,RBF_m,1,0.735,600000,86851,71515
A_hat,binary_relevance_probe,RBF_m,1,0.7375,600000,83985,69318
A_hat,binary_relevance_probe,RBF_m,1,0.74,600000,81191,67142
A_hat,binary_relevance_probe,RBF_m,1,0.7425,600000,78523,65094
A_hat,binary_relevance_probe,RBF_m,1,0.745,600000,75885,63059
A_hat,binary_relevance_probe,RBF_m,1,0.7475,600000,73339,61134
A_hat,binary_relevance_probe,RBF_m,1,0.75,600000,70796,59151
A_hat,binary_relevance_probe,RBF_m,1,0.7525,600000,68288,57185
A_hat,binary_relevance_probe,RBF_m,1,0.755,600000,65782,55242
A_hat,binary_relevance_probe,RBF_m,1,0.7575,600000,63332,53303
A_hat,binary_relevance_probe,RBF_m,1,0.76,600000,60846,51345
A_hat,binary_relevance_probe,RBF_m,1,0.7625,600000,58407,49429
A_hat,binary_relevance_probe,RBF_m,1,0.765,600000,55971,47510
A_hat,binary_relevance_probe,RBF_m,1,0.7675,600000,53617,45649
A_hat,binary_relevance_probe,RBF_m,1,0.77,600000,51396,43905
A_hat,binary_relevance_probe,RBF_m,1,0.7725,600000,49258,42220
A_hat,binary_relevance_probe,RBF_m,1,0.775,600000,47155,40553
A_hat,binary_relevance_probe,RBF_m,1,0.7775,600000,45154,38923
A_hat,binary_relevance_probe,RBF_m,1,0.78,600000,43151,37296
A_hat,binary_relevance_probe,RBF_m,1,0.7825,600000,41163,35675
A_hat,binary_relevance_probe,RBF_m,1,0.785,600000,39150,34048
A_hat,binary_relevance_probe,RBF_m,1,0.7875,600000,37271,32522
A_hat,binary_relevance_probe,RBF_m,1,0.79,600000,35381,30945
A_hat,binary_relevance_probe,RBF_m,1,0.7925,600000,33541,29391
A_hat,binary_relevance_probe,RBF_m,1,0.795,600000,31730,27856
A_hat,binary_relevance_probe,RBF_m,1,0.7975,600000,29942,26336
A_hat,binary_relevance_probe,RBF_m,1,0.8,600000,28282,24916
A_hat,binary_relevance_probe,RBF_m,1,0.8025,600000,26656,23515
A_hat,binary_relevance_probe,RBF_m,1,0.805,600000,25146,22212
A_hat,binary_relevance_probe,RBF_m,1,0.8075,600000,23739,21001
A_hat,binary_relevance_probe,RBF_m,1,0.81,600000,22345,19818
A_hat,binary_relevance_probe,RBF_m,1,0.8125,600000,20922,18598
A_hat,binary_relevance_probe,RBF_m,1,0.815,600000,19633,17482
A_hat,binary_relevance_probe,RBF_m,1,0.8175,600000,18423,16422
A_hat,binary_relevance_probe,RBF_m,1,0.82,600000,17331,15510
A_hat,binary_relevance_probe,RBF_m,1,0.8225,600000,16209,14544
A_hat,binary_relevance_probe,RBF_m,1,0.825,600000,15228,13716
A_hat,binary_relevance_probe,RBF_m,1,0.8275,600000,14284,12898
A_hat,binary_relevance_probe,RBF_m,1,0.83,600000,13442,12158
A_hat,binary_relevance_probe,RBF_m,1,0.8325,600000,12651,11474
A_hat,binary_relevance_probe,RBF_m,1,0.835,600000,11935,10837
A_hat,binary_relevance_probe,RBF_m,1,0.8375,600000,11246,10227
A_hat,binary_relevance_probe,RBF_m,1,0.84,600000,10487,9529
A_hat,binary_relevance_probe,RBF_m,1,0.8425,600000,9678,8807
A_hat,binary_relevance_probe,RBF_m,1,0.845,600000,8872,8080
A_hat,binary_relevance_probe,RBF_m,1,0.8475,600000,8034,7320
A_hat,binary_relevance_probe,RBF_m,1,0.85,600000,7258,6615
A_hat,binary_relevance_probe,RBF_m,1,0.8525,600000,6442,5905
A_hat,binary_relevance_probe,RBF_m,1,0.855,600000,5695,5259
A_hat,binary_relevance_probe,RBF_m,1,0.8575,600000,5092,4718
A_hat,binary_relevance_probe,RBF_m,1,0.86,600000,4621,4294
A_hat,binary_relevance_probe,RBF_m,1,0.8625,600000,4228,3944
A_hat,binary_relevance_probe,RBF_m,1,0.865,600000,3911,3658
A_hat,binary_relevance_probe,RBF_m,1,0.8675,600000,3616,3383
A_hat,binary_relevance_probe,RBF_m,1,0.87,600000,3352,3149
A_hat,binary_relevance_probe,RBF_m,1,0.8725,600000,3052,2876
A_hat,binary_relevance_probe,RBF_m,1,0.875,600000,2682,2531
A_hat,binary_relevance_probe,RBF_m,1,0.8775,600000,2228,2113
A_hat,binary_relevance_probe,RBF_m,1,0.88,600000,1776,1695
A_hat,binary_relevance_probe,RBF_m,1,0.8825,600000,1406,1357
A_hat,binary_relevance_probe,RBF_m,1,0.885,600000,1041,1001
A_hat,binary_relevance_probe,RBF_m,1,0.8875,600000,687,658
A_hat,binary_relevance_probe,RBF_m,1,0.89,600000,413,387
A_hat,binary_relevance_probe,RBF_m,1,0.8925,600000,258,237
A_hat,binary_relevance_probe,RBF_m,1,0.895,600000,170,153
A_hat,binary_relevance_probe,RBF_m,1,0.8975,600000,114,99
A_hat,binary_relevance_probe,RBF_m,1,0.9,600000,99,86
A_hat,binary_relevance_probe,RBF_m,1,0.9025,600000,75,63
A_hat,binary_relevance_probe,RBF_m,1,0.905,600000,66,54
A_hat,binary_relevance_probe,RBF_m,1,0.9075,600000,52,41
A_hat,binary_relevance_probe,RBF_m,1,0.91,600000,41,31
A_hat,binary_relevance_probe,RBF_m,1,0.9125,600000,29,21
A_hat,binary_relevance_probe,RBF_m,1,0.915,600000,26,19
A_hat,binary_relevance_probe,RBF_m,1,0.9175,600000,22,16
A_hat,binary_relevance_probe,RBF_m,1,0.92,600000,20,14
A_hat,binary_relevance_probe,RBF_m,1,0.9225,600000,14,11
A_hat,binary_relevance_probe,RBF_m,1,0.925,600000,7,6
A_hat,binary_relevance_probe,RBF_m,1,0.9275,600000,5,4
A_hat,binary_relevance_probe,RBF_m,1,0.93,600000,4,3
A_hat,binary_relevance_probe,RBF_m,1,0.9325,600000,3,2
A_hat,binary_relevance_probe,RBF_m,1,0.935,600000,3,2
A_hat,binary_relevance_probe,RBF_m,1,0.9375,600000,3,2
A_hat,binary_relevance_probe,RBF_m,1,0.94,600000,3,2
A_hat,binary_relevance_probe,RBF_m,1,0.9425,600000,3,2
A_hat,binary_relevance_probe,RBF_m,1,0.945,600000,2,2
A_hat,binary_relevance_probe,RBF_m,1,0.9475,600000,1,1
A_hat,binary_relevance_probe,RBF_m,1,0.95,600000,1,1
A_hat,binary_relevance_probe,RBF_m,1,0.9525,600000,1,1
A_hat,binary_relevance_probe,RBF_m,1,0.955,600000,1,1
A_hat,binary_relevance_probe,RBF_m,1,0.9575,600000,0,0
A_hat,binary_relevance_probe,RBF_m,1,0.96,600000,0,0
A_hat,binary_relevance_probe,RBF_m,1,0.9625,600000,0,0
A_hat,binary_relevance_probe,RBF_m,1,0.965,600000,0,0
A_hat,binary_relevance_probe,RBF_m,1,0.9675,600000,0,0
A_hat,binary_relevance_probe,RBF_m,1,0.97,600000,0,0
A_hat,binary_relevance_probe,RBF_m,1,0.9725,600000,0,0
A_hat,binary_relevance_probe,RBF_m,1,0.975,600000,0,0
A_hat,binary_relevance_probe,RBF_m,1,0.9775,600000,0,0
A_hat,binary_relevance_probe,RBF_m,1,0.98,600000,0,0
A_hat,binary_relevance_probe,RBF_m,1,0.9825,600000,0,0
A_hat,binary_relevance_probe,RBF_m,1,0.985,600000,0,0
A_hat,binary_relevance_probe,RBF_m,1,0.9875,600000,0,0
A_hat,binary_relevance_probe,RBF_m,1,0.99,600000,0,0
A_hat,binary_relevance_probe,RBF_m,1,0.9925,600000,0,0
A_hat,binary_relevance_probe,RBF_m,1,0.995,600000,0,0
A_hat,binary_relevance_probe,RBF_m,1,0.9975,600000,0,0
A_hat,binary_relevance_probe,RBF_m,1,1.0,600000,0,0
M,high_order,airlines,1,0.7,150000,38403,22838
M,high_order,airlines,1,0.7025,150000,38278,22792
M,high_order,airlines,1,0.705,150000,38217,22748
M,high_order,airlines,1,0.7075,150000,37627,22421
M,high_order,airlines,1,0.71,150000,37559,22380
M,high_order,airlines,1,0.7125,150000,37481,22339
M,high_order,airlines,1,0.715,150000,37427,22300
M,high_order,airlines,1,0.7175,150000,37364,22260
M,high_order,airlines,1,0.72,150000,37311,22225
M,high_order,airlines,1,0.7225,150000,37271,22204
M,high_order,airlines,1,0.725,150000,37212,22165
M,high_order,airlines,1,0.7275,150000,37137,22124
M,high_order,airlines,1,0.73,150000,37070,22080
M,high_order,airlines,1,0.7325,150000,36987,22032
M,high_order,airlines,1,0.735,150000,36937,22000
M,high_order,airlines,1,0.7375,150000,36873,21952
M,high_order,airlines,1,0.74,150000,36796,21904
M,high_order,airlines,1,0.7425,150000,36707,21853
M,high_order,airlines,1,0.745,150000,36654,21821
M,high_order,airlines,1,0.7475,150000,36611,21789
M,high_order,airlines,1,0.75,150000,36549,21749
M,high_order,airlines,1,0.7525,150000,36472,21706
M,high_order,airlines,1,0.755,150000,34599,20511
M,high_order,airlines,1,0.7575,150000,34502,20455
M,high_order,airlines,1,0.76,150000,34332,20357
M,high_order,airlines,1,0.7625,150000,34078,20216
M,high_order,airlines,1,0.765,150000,33961,20148
M,high_order,airlines,1,0.7675,150000,33905,20112
M,high_order,airlines,1,0.77,150000,33833,20063
M,high_order,airlines,1,0.7725,150000,33778,20030
M,high_order,airlines,1,0.775,150000,33699,19984
M,high_order,airlines,1,0.7775,150000,33620,19937
M,high_order,airlines,1,0.78,150000,33570,19907
M,high_order,airlines,1,0.7825,150000,33505,19860
M,high_order,airlines,1,0.785,150000,33403,19802
M,high_order,airlines,1,0.7875,150000,33295,19736
M,high_order,airlines,1,0.79,150000,33243,19701
M,high_order,airlines,1,0.7925,150000,33181,19666
M,high_order,airlines,1,0.795,150000,33035,19583
M,high_order,airlines,1,0.7975,150000,32992,19556
M,high_order,airlines,1,0.8,150000,32928,19524
M,high_order,airlines,1,0.8025,150000,32860,19487
M,high_order,airlines,1,0.805,150000,32816,19464
M,high_order,airlines,1,0.8075,150000,32754,19425
M,high_order,airlines,1,0.81,150000,32690,19379
M,high_order,airlines,1,0.8125,150000,32615,19330
M,high_order,airlines,1,0.815,150000,32469,19248
M,high_order,airlines,1,0.8175,150000,32413,19215
M,high_order,airlines,1,0.82,150000,32373,19191
M,high_order,airlines,1,0.8225,150000,32314,19160
M,high_order,airlines,1,0.825,150000,32257,19123
M,high_order,airlines,1,0.8275,150000,32210,19090
M,high_order,airlines,1,0.83,150000,32151,19058
M,high_order,airlines,1,0.8325,150000,32096,19021
M,high_order,airlines,1,0.835,150000,32041,18987
M,high_order,airlines,1,0.8375,150000,31962,18931
M,high_order,airlines,1,0.84,150000,31901,18894
M,high_order,airlines,1,0.8425,150000,31866,18869
M,high_order,airlines,1,0.845,150000,31774,18809
M,high_order,airlines,1,0.8475,150000,31709,18769
M,high_order,airlines,1,0.85,150000,31654,18737
M,high_order,airlines,1,0.8525,150000,31595,18693
M,high_order,airlines,1,0.855,150000,31543,18666
M,high_order,airlines,1,0.8575,150000,31499,18641
M,high_order,airlines,1,0.86,150000,31450,18609
M,high_order,airlines,1,0.8625,150000,31391,18564
M,high_order,airlines,1,0.865,150000,30949,18310
M,high_order,airlines,1,0.8675,150000,30883,18264
M,high_order,airlines,1,0.87,150000,30837,18233
M,high_order,airlines,1,0.8725,150000,30770,18196
M,high_order,airlines,1,0.875,150000,30604,18108
M,high_order,airlines,1,0.8775,150000,30531,18057
M,high_order,airlines,1,0.88,150000,30491,18034
M,high_order,airlines,1,0.8825,150000,30441,18003
M,high_order,airlines,1,0.885,150000,30360,17948
M,high_order,airlines,1,0.8875,150000,30309,17913
M,high_order,airlines,1,0.89,150000,30253,17878
M,high_order,airlines,1,0.8925,150000,30197,17849
M,high_order,airlines,1,0.895,150000,30137,17812
M,high_order,airlines,1,0.8975,150000,30086,17776
M,high_order,airlines,1,0.9,150000,30041,17743
M,high_order,airlines,1,0.9025,150000,29983,17705
M,high_order,airlines,1,0.905,150000,29912,17662
M,high_order,airlines,1,0.9075,150000,29863,17629
M,high_order,airlines,1,0.91,150000,29790,17578
M,high_order,airlines,1,0.9125,150000,29718,17533
M,high_order,airlines,1,0.915,150000,29655,17493
M,high_order,airlines,1,0.9175,150000,29588,17448
M,high_order,airlines,1,0.92,150000,29523,17406
M,high_order,airlines,1,0.9225,150000,29471,17378
M,high_order,airlines,1,0.925,150000,29411,17337
M,high_order,airlines,1,0.9275,150000,29359,17308
M,high_order,airlines,1,0.93,150000,29312,17279
M,high_order,airlines,1,0.9325,150000,29244,17235
M,high_order,airlines,1,0.935,150000,29184,17204
M,high_order,airlines,1,0.9375,150000,28901,17035
M,high_order,airlines,1,0.94,150000,28818,16980
M,high_order,airlines,1,0.9425,150000,28737,16928
M,high_order,airlines,1,0.945,150000,28666,16882
M,high_order,airlines,1,0.9475,150000,28597,16845
M,high_order,airlines,1,0.95,150000,28531,16810
M,high_order,airlines,1,0.9525,150000,28454,16764
M,high_order,airlines,1,0.955,150000,28384,16723
M,high_order,airlines,1,0.9575,150000,28301,16679
M,high_order,airlines,1,0.96,150000,28223,16640
M,high_order,airlines,1,0.9625,150000,28154,16601
M,high_order,airlines,1,0.965,150000,28077,16545
M,high_order,airlines,1,0.9675,150000,27982,16495
M,high_order,airlines,1,0.97,150000,27891,16441
M,high_order,airlines,1,0.9725,150000,27777,16367
M,high_order,airlines,1,0.975,150000,27678,16309
M,high_order,airlines,1,0.9775,150000,27600,16266
M,high_order,airlines,1,0.98,150000,27490,16205
M,high_order,airlines,1,0.9825,150000,27350,16123
M,high_order,airlines,1,0.985,150000,27205,16023
M,high_order,airlines,1,0.9875,150000,27082,15953
M,high_order,airlines,1,0.99,150000,26925,15861
M,high_order,airlines,1,0.9925,150000,26705,15738
M,high_order,airlines,1,0.995,150000,26446,15584
M,high_order,airlines,1,0.9975,150000,26067,15368
M,high_order,airlines,1,1.0,150000,24267,14352
c,high_order,airlines,1,0.7,150000,96438,60470
c,high_order,airlines,1,0.7025,150000,96438,60470
c,high_order,airlines,1,0.705,150000,96438,60470
c,high_order,airlines,1,0.7075,150000,96438,60470
c,high_order,airlines,1,0.71,150000,96438,60470
c,high_order,airlines,1,0.7125,150000,96438,60470
c,high_order,airlines,1,0.715,150000,96438,60470
c,high_order,airlines,1,0.7175,150000,96438,60470
c,high_order,airlines,1,0.72,150000,96438,60470
c,high_order,airlines,1,0.7225,150000,96438,60470
c,high_order,airlines,1,0.725,150000,84546,53935
c,high_order,airlines,1,0.7275,150000,84546,53935
c,high_order,airlines,1,0.73,150000,84546,53935
c,high_order,airlines,1,0.7325,150000,84546,53935
c,high_order,airlines,1,0.735,150000,84546,53935
c,high_order,airlines,1,0.7375,150000,84546,53935
c,high_order,airlines,1,0.74,150000,84546,53935
c,high_order,airlines,1,0.7425,150000,84546,53935
c,high_order,airlines,1,0.745,150000,84546,53935
c,high_order,airlines,1,0.7475,150000,84546,53935
c,high_order,airlines,1,0.75,150000,84546,53935
c,high_order,airlines,1,0.7525,150000,84546,53935
c,high_order,airlines,1,0.755,150000,84546,53935
c,high_order,airlines,1,0.7575,150000,84546,53935
c,high_order,airlines,1,0.76,150000,72777,47273
c,high_order,airlines,1,0.7625,150000,72777,47273
c,high_order,airlines,1,0.765,150000,72777,47273
c,high_order,airlines,1,0.7675,150000,72777,47273
c,high_order,airlines,1,0.77,150000,72777,47273
c,high_order,airlines,1,0.7725,150000,72777,47273
c,high_order,airlines,1,0.775,150000,72777,47273
c,high_order,airlines,1,0.7775,150000,72777,47273
c,high_order,airlines,1,0.78,150000,72777,47273
c,high_order,airlines,1,0.7825,150000,72777,47273
c,high_order,airlines,1,0.785,150000,72777,47273
c,high_order,airlines,1,0.7875,150000,72777,47273
c,high_order,airlines,1,0.79,150000,72777,47273
c,high_order,airlines,1,0.7925,150000,72777,47273
c,high_order,airlines,1,0.795,150000,61192,40573
c,high_order,airlines,1,0.7975,150000,61192,40573
c,high_order,airlines,1,0.8,150000,61192,40573
c,high_order,airlines,1,0.8025,150000,61192,40573
c,high_order,airlines,1,0.805,150000,61192,40573
c,high_order,airlines,1,0.8075,150000,61192,40573
c,high_order,airlines,1,0.81,150000,61192,40573
c,high_order,airlines,1,0.8125,150000,61192,40573
c,high_order,airlines,1,0.815,150000,61192,40573
c,high_order,airlines,1,0.8175,150000,61192,40573
c,high_order,airlines,1,0.82,150000,61192,40573
c,high_order,airlines,1,0.8225,150000,61192,40573
c,high_order,airlines,1,0.825,150000,61192,40573
c,high_order,airlines,1,0.8275,150000,61192,40573
c,high_order,airlines,1,0.83,150000,49143,33283
c,high_order,airlines,1,0.8325,150000,49143,33283
c,high_order,airlines,1,0.835,150000,49143,33283
c,high_order,airlines,1,0.8375,150000,49143,33283
c,high_order,airlines,1,0.84,150000,49143,33283
c,high_order,airlines,1,0.8425,150000,49143,33283
c,high_order,airlines,1,0.845,150000,49143,33283
c,high_order,airlines,1,0.8475,150000,49143,33283
c,high_order,airlines,1,0.85,150000,49143,33283
c,high_order,airlines,1,0.8525,150000,49143,33283
c,high_order,airlines,1,0.855,150000,49143,33283
c,high_order,airlines,1,0.8575,150000,49143,33283
c,high_order,airlines,1,0.86,150000,49143,33283
c,high_order,airlines,1,0.8625,150000,37194,25741
c,high_order,airlines,1,0.865,150000,37194,25741
c,high_order,airlines,1,0.8675,150000,37194,25741
c,high_order,airlines,1,0.87,150000,37194,25741
c,high_order,airlines,1,0.8725,150000,37194,25741
c,high_order,airlines,1,0.875,150000,37194,25741
c,high_order,airlines,1,0.8775,150000,37194,25741
c,high_order,airlines,1,0.88,150000,37194,25741
c,high_order,airlines,1,0.8825,150000,37194,25741
c,high_order,airlines,1,0.885,150000,37194,25741
c,high_order,airlines,1,0.8875,150000,37194,25741
c,high_order,airlines,1,0.89,150000,37194,25741
c,high_order,airlines,1,0.8925,150000,37194,25741
c,high_order,airlines,1,0.895,150000,37194,25741
c,high_order,airlines,1,0.8975,150000,24404,17268
c,high_order,airlines,1,0.9,150000,24404,17268
c,high_order,airlines,1,0.9025,150000,24404,17268
c,high_order,airlines,1,0.905,150000,24404,17268
c,high_order,airlines,1,0.9075,150000,24404,17268
c,high_order,airlines,1,0.91,150000,24404,17268
c,high_order,airlines,1,0.9125,150000,24404,17268
c,high_order,airlines,1,0.915,150000,24404,17268
c,high_order,airlines,1,0.9175,150000,24404,17268
c,high_order,airlines,1,0.92,150000,24404,17268
c,high_order,airlines,1,0.9225,150000,24404,17268
c,high_order,airlines,1,0.925,150000,24404,17268
c,high_order,airlines,1,0.9275,150000,24404,17268
c,high_order,airlines,1,0.93,150000,24404,17268
c,high_order,airlines,1,0.9325,150000,12694,9133
c,high_order,airlines,1,0.935,150000,12694,9133
c,high_order,airlines,1,0.9375,150000,12694,9133
c,high_order,airlines,1,0.94,150000,12694,9133
c,high_order,airlines,1,0.9425,150000,12694,9133
c,high_order,airlines,1,0.945,150000,12694,9133
c,high_order,airlines,1,0.9475,150000,12694,9133
c,high_order,airlines,1,0.95,150000,12694,9133
c,high_order,airlines,1,0.9525,150000,12694,9133
c,high_order,airlines,1,0.955,150000,12694,9133
c,high_order,airlines,1,0.9575,150000,12694,9133
c,high_order,airlines,1,0.96,150000,12694,9133
c,high_order,airlines,1,0.9625,150000,12694,9133
c,high_order,airlines,1,0.965,150000,12694,9133
c,high_order,airlines,1,0.9675,150000,2661,1958
c,high_order,airlines,1,0.97,150000,2661,1958
c,high_order,airlines,1,0.9725,150000,2661,1958
c,high_order,airlines,1,0.975,150000,2661,1958
c,high_order,airlines,1,0.9775,150000,2661,1958
c,high_order,airlines,1,0.98,150000,2661,1958
c,high_order,airlines,1,0.9825,150000,2661,1958
c,high_order,airlines,1,0.985,150000,2661,1958
c,high_order,airlines,1,0.9875,150000,2661,1958
c,high_order,airlines,1,0.99,150000,2661,1958
c,high_order,airlines,1,0.9925,150000,2661,1958
c,high_order,airlines,1,0.995,150000,2661,1958
c,high_order,airlines,1,0.9975,150000,2661,1958
c,high_order,airlines,1,1.0,150000,2661,1958
A_hat,high_order,airlines,1,0.7,150000,55044,33272
A_hat,high_order,airlines,1,0.7025,150000,54607,32987
A_hat,high_order,airlines,1,0.705,150000,54378,32841
A_hat,high_order,airlines,1,0.7075,150000,54169,32708
A_hat,high_order,airlines,1,0.71,150000,53976,32585
A_hat,high_order,airlines,1,0.7125,150000,53767,32460
A_hat,high_order,airlines,1,0.715,150000,53662,32381
A_hat,high_order,airlines,1,0.7175,150000,53578,32322
A_hat,high_order,airlines,1,0.72,150000,53473,32250
A_hat,high_order,airlines,1,0.7225,150000,53343,32171
A_hat,high_order,airlines,1,0.725,150000,53231,32096
A_hat,high_order,airlines,1,0.7275,150000,53100,32017
A_hat,high_order,airlines,1,0.73,150000,52975,31932
A_hat,high_order,airlines,1,0.7325,150000,52868,31856
A_hat,high_order,airlines,1,0.735,150000,52678,31740
A_hat,high_order,airlines,1,0.7375,150000,52493,31620
A_hat,high_order,airlines,1,0.74,150000,52336,31510
A_hat,high_order,airlines,1,0.7425,150000,52161,31405
A_hat,high_order,airlines,1,0.745,150000,51832,31208
A_hat,high_order,airlines,1,0.7475,150000,51440,30961
A_hat,high_order,airlines,1,0.75,150000,50514,30403
A_hat,high_order,airlines,1,0.7525,150000,49592,29872
A_hat,high_order,airlines,1,0.755,150000,49190,29619
A_hat,high_order,airlines,1,0.7575,150000,48857,29415
A_hat,high_order,airlines,1,0.76,150000,48738,29342
A_hat,high_order,airlines,1,0.7625,150000,48586,29244
A_hat,high_order,airlines,1,0.765,150000,48424,29142
A_hat,high_order,airlines,1,0.7675,150000,48241,29038
A_hat,high_order,airlines,1,0.77,150000,48081,28923
A_hat,high_order,airlines,1,0.7725,150000,47947,28837
A_hat,high_order,airlines,1,0.775,150000,47818,28747
A_hat,high_order,airlines,1,0.7775,150000,47665,28640
A_hat,high_order,airlines,1,0.78,150000,47512,28531
A_hat,high_order,airlines,1,0.7825,150000,47360,28433
A_hat,high_order,airlines,1,0.785,150000,47180,28310
A_hat,high_order,airlines,1,0.7875,150000,46997,28188
A_hat,high_order,airlines,1,0.79,150000,46747,28042
A_hat,high_order,airlines,1,0.7925,150000,46507,27903
A_hat,high_order,airlines,1,0.795,150000,46331,27782
A_hat,high_order,airlines,1,0.7975,150000,46000,27590
A_hat,high_order,airlines,1,0.8,150000,45537,27309
A_hat,high_order,airlines,1,0.8025,150000,37232,22645
A_hat,high_order,airlines,1,0.805,150000,36913,22440
A_hat,high_order,airlines,1,0.8075,150000,36787,22355
A_hat,high_order,airlines,1,0.81,150000,36643,22272
A_hat,high_order,airlines,1,0.8125,150000,36453,22154
A_hat,high_order,airlines,1,0.815,150000,36348,22081
A_hat,high_order,airlines,1,0.8175,150000,36253,22016
A_hat,high_order,airlines,1,0.82,150000,36150,21944
A_hat,high_order,airlines,1,0.8225,150000,36015,21850
A_hat,high_order,airlines,1,0.825,150000,35914,21788
A_hat,high_order,airlines,1,0.8275,150000,35823,21726
A_hat,high_order,airlines,1,0.83,150000,35728,21664
A_hat,high_order,airlines,1,0.8325,150000,35628,21602
A_hat,high_order,airlines,1,0.835,150000,35502,21515
A_hat,high_order,airlines,1,0.8375,150000,35386,21437
A_hat,high_order,airlines,1,0.84,150000,35271,21365
A_hat,high_order,airlines,1,0.8425,150000,35135,21269
A_hat,high_order,airlines,1,0.845,150000,34910,21133
A_hat,high_order,airlines,1,0.8475,150000,34579,20949
A_hat,high_order,airlines,1,0.85,150000,33525,20318
A_hat,high_order,airlines,1,0.8525,150000,32521,19685
A_hat,high_order,airlines,1,0.855,150000,32116,19428
A_hat,high_order,airlines,1,0.8575,150000,31886,19303
A_hat,high_order,airlines,1,0.86,150000,31785,19241
A_hat,high_order,airlines,1,0.8625,150000,31657,19165
A_hat,high_order,airlines,1,0.865,150000,31537,19076
A_hat,high_order,airlines,1,0.8675,150000,31397,18991
A_hat,high_order,airlines,1,0.87,150000,31295,18916
A_hat,high_order,airlines,1,0.8725,150000,31184,18834
A_hat,high_order,airlines,1,0.875,150000,31066,18751
A_hat,high_order,airlines,1,0.8775,150000,30943,18662
A_hat,high_order,airlines,1,0.88,150000,30809,18569
A_hat,high_order,airlines,1,0.8825,150000,30683,18491
A_hat,high_order,airlines,1,0.885,150000,30545,18395
A_hat,high_order,airlines,1,0.8875,150000,30403,18300
A_hat,high_order,airlines,1,0.89,150000,30221,18189
A_hat,high_order,airlines,1,0.8925,150000,29989,18038
A_hat,high_order,airlines,1,0.895,150000,29792,17913
A_hat,high_order,airlines,1,0.8975,150000,29487,17713
A_hat,high_order,airlines,1,0.9,150000,20397,12658
A_hat,high_order,airlines,1,0.9025,150000,19841,12316
A_hat,high_order,airlines,1,0.905,150000,19583,12151
A_hat,high_order,airlines,1,0.9075,150000,19445,12055
A_hat,high_order,airlines,1,0.91,150000,19303,11958
A_hat,high_order,airlines,1,0.9125,150000,19131,11847
A_hat,high_order,airlines,1,0.915,150000,19031,11773
A_hat,high_order,airlines,1,0.9175,150000,18964,11728
A_hat,high_order,airlines,1,0.92,150000,18922,11693
A_hat,high_order,airlines,1,0.9225,150000,18870,11664
A_hat,high_order,airlines,1,0.925,150000,18827,11636
A_hat,high_order,airlines,1,0.9275,150000,18801,11618
A_hat,high_order,airlines,1,0.93,150000,18775,11601
A_hat,high_order,airlines,1,0.9325,150000,18751,11580
A_hat,high_order,airlines,1,0.935,150000,18730,11569
A_hat,high_order,airlines,1,0.9375,150000,18702,11551
A_hat,high_order,airlines,1,0.94,150000,18671,11525
A_hat,high_order,airlines,1,0.9425,150000,18636,11501
A_hat,high_order,airlines,1,0.945,150000,18458,11399
A_hat,high_order,airlines,1,0.9475,150000,18125,11196
A_hat,high_order,airlines,1,0.95,150000,16781,10383
A_hat,high_order,airlines,1,0.9525,150000,15468,9583
A_hat,high_order,airlines,1,0.955,150000,15208,9419
A_hat,high_order,airlines,1,0.9575,150000,15014,9299
A_hat,high_order,airlines,1,0.96,150000,14958,9255
A_hat,high_order,airlines,1,0.9625,150000,14934,9238
A_hat,high_order,airlines,1,0.965,150000,14932,9237
A_hat,high_order,airlines,1,0.9675,150000,14929,9235
A_hat,high_order,airlines,1,0.97,150000,14928,9234
A_hat,high_order,airlines,1,0.9725,150000,14925,9233
A_hat,high_order,airlines,1,0.975,150000,14923,9232
A_hat,high_order,airlines,1,0.9775,150000,14923,9232
A_hat,high_order,airlines,1,0.98,150000,14921,9230
A_hat,high_order,airlines,1,0.9825,150000,14918,9227
A_hat,high_order,airlines,1,0.985,150000,14913,9223
A_hat,high_order,airlines,1,0.9875,150000,14909,9222
A_hat,high_order,airlines,1,0.99,150000,14907,9221
A_hat,high_order,airlines,1,0.9925,150000,14905,9220
A_hat,high_order,airlines,1,0.995,150000,14899,9217
A_hat,high_order,airlines,1,0.9975,150000,14888,9208
A_hat,high_order,airlines,1,1.0,150000,14882,9204
C,high_order,airlines,1,0.7,150000,25742,15481
C,high_order,airlines,1,0.7025,150000,25384,15274
C,high_order,airlines,1,0.705,150000,25196,15167
C,high_order,airlines,1,0.7075,150000,23442,14176
C,high_order,airlines,1,0.71,150000,23308,14082
C,high_order,airlines,1,0.7125,150000,23159,13986
C,high_order,airlines,1,0.715,150000,23015,13908
C,high_order,airlines,1,0.7175,150000,22856,13810
C,high_order,airlines,1,0.72,150000,22723,13736
C,high_order,airlines,1,0.7225,150000,22577,13647
C,high_order,airlines,1,0.725,150000,22410,13545
C,high_order,airlines,1,0.7275,150000,22111,13377
C,high_order,airlines,1,0.73,150000,21969,13289
C,high_order,airlines,1,0.7325,150000,21786,13181
C,high_order,airlines,1,0.735,150000,21647,13094
C,high_order,airlines,1,0.7375,150000,21488,13006
C,high_order,airlines,1,0.74,150000,21315,12897
C,high_order,airlines,1,0.7425,150000,21131,12779
C,high_order,airlines,1,0.745,150000,20783,12601
C,high_order,airlines,1,0.7475,150000,20594,12484
C,high_order,airlines,1,0.75,150000,20417,12379
C,high_order,airlines,1,0.7525,150000,20268,12285
C,high_order,airlines,1,0.755,150000,20107,12181
C,high_order,airlines,1,0.7575,150000,19972,12097
C,high_order,airlines,1,0.76,150000,19841,12011
C,high_order,airlines,1,0.7625,150000,19689,11917
C,high_order,airlines,1,0.765,150000,19534,11824
C,high_order,airlines,1,0.7675,150000,19347,11704
C,high_order,airlines,1,0.77,150000,19172,11598
C,high_order,airlines,1,0.7725,150000,18979,11472
C,high_order,airlines,1,0.775,150000,17300,10544
C,high_order,airlines,1,0.7775,150000,17036,10374
C,high_order,airlines,1,0.78,150000,16868,10270
C,high_order,airlines,1,0.7825,150000,16714,10186
C,high_order,airlines,1,0.785,150000,16270,9889
C,high_order,airlines,1,0.7875,150000,16168,9827
C,high_order,airlines,1,0.79,150000,16053,9753
C,high_order,airlines,1,0.7925,150000,15930,9675
C,high_order,airlines,1,0.795,150000,15811,9600
C,high_order,airlines,1,0.7975,150000,15676,9521
C,high_order,airlines,1,0.8,150000,15539,9442
C,high_order,airlines,1,0.8025,150000,15382,9342
C,high_order,airlines,1,0.805,150000,15207,9237
C,high_order,airlines,1,0.8075,150000,15070,9164
C,high_order,airlines,1,0.81,150000,14890,9048
C,high_order,airlines,1,0.8125,150000,14763,8976
C,high_order,airlines,1,0.815,150000,14641,8901
C,high_order,airlines,1,0.8175,150000,14503,8816
C,high_order,airlines,1,0.82,150000,14396,8753
C,high_order,airlines,1,0.8225,150000,14261,8674
C,high_order,airlines,1,0.825,150000,14000,8515
C,high_order,airlines,1,0.8275,150000,13862,8439
C,high_order,airlines,1,0.83,150000,13748,8365
C,high_order,airlines,1,0.8325,150000,13599,8270
C,high_order,airlines,1,0.835,150000,13450,8177
C,high_order,airlines,1,0.8375,150000,11701,7171
C,high_order,airlines,1,0.84,150000,11607,7109
C,high_order,airlines,1,0.8425,150000,11466,7025
C,high_order,airlines,1,0.845,150000,11346,6946
C,high_order,airlines,1,0.8475,150000,11218,6868
C,high_order,airlines,1,0.85,150000,11108,6805
C,high_order,airlines,1,0.8525,150000,11016,6752
C,high_order,airlines,1,0.855,150000,10919,6685
C,high_order,airlines,1,0.8575,150000,10817,6624
C,high_order,airlines,1,0.86,150000,10705,6550
C,high_order,airlines,1,0.8625,150000,10593,6476
C,high_order,airlines,1,0.865,150000,10440,6383
C,high_order,airlines,1,0.8675,150000,10312,6310
C,high_order,airlines,1,0.87,150000,9826,5983
C,high_order,airlines,1,0.8725,150000,9711,5921
C,high_order,airlines,1,0.875,150000,9616,5867
C,high_order,airlines,1,0.8775,150000,9499,5800
C,high_order,airlines,1,0.88,150000,9408,5741
C,high_order,airlines,1,0.8825,150000,9259,5653
C,high_order,airlines,1,0.885,150000,9179,5604
C,high_order,airlines,1,0.8875,150000,9064,5526
C,high_order,airlines,1,0.89,150000,8961,5460
C,high_order,airlines,1,0.8925,150000,8805,5364
C,high_order,airlines,1,0.895,150000,7006,4340
C,high_order,airlines,1,0.8975,150000,6939,4299
C,high_order,airlines,1,0.9,150000,6850,4236
C,high_order,airlines,1,0.9025,150000,6761,4188
C,high_order,airlines,1,0.905,150000,6696,4146
C,high_order,airlines,1,0.9075,150000,6627,4105
C,high_order,airlines,1,0.91,150000,6572,4067
C,high_order,airlines,1,0.9125,150000,6504,4024
C,high_order,airlines,1,0.915,150000,6420,3973
C,high_order,airlines,1,0.9175,150000,6340,3931
C,high_order,airlines,1,0.92,150000,6221,3850
C,high_order,airlines,1,0.9225,150000,6066,3742
C,high_order,airlines,1,0.925,150000,5934,3661
C,high_order,airlines,1,0.9275,150000,5853,3613
C,high_order,airlines,1,0.93,150000,5725,3534
C,high_order,airlines,1,0.9325,150000,5662,3497
C,high_order,airlines,1,0.935,150000,5591,3459
C,high_order,airlines,1,0.9375,150000,5503,3406
C,high_order,airlines,1,0.94,150000,5443,3374
C,high_order,airlines,1,0.9425,150000,5380,3328
C,high_order,airlines,1,0.945,150000,5287,3262
C,high_order,airlines,1,0.9475,150000,5152,3178
C,high_order,airlines,1,0.95,150000,3371,2111
C,high_order,airlines,1,0.9525,150000,3286,2059
C,high_order,airlines,1,0.955,150000,3219,2015
C,high_order,airlines,1,0.9575,150000,3188,1995
C,high_order,airlines,1,0.96,150000,3158,1976
C,high_order,airlines,1,0.9625,150000,3116,1953
C,high_order,airlines,1,0.965,150000,3070,1922
C,high_order,airlines,1,0.9675,150000,3001,1880
C,high_order,airlines,1,0.97,150000,2953,1847
C,high_order,airlines,1,0.9725,150000,2892,1809
C,high_order,airlines,1,0.975,150000,2733,1702
C,high_order,airlines,1,0.9775,150000,2610,1623
C,high_order,airlines,1,0.98,150000,2577,1602
C,high_order,airlines,1,0.9825,150000,2527,1570
C,high_order,airlines,1,0.985,150000,2456,1530
C,high_order,airlines,1,0.9875,150000,2432,1514
C,high_order,airlines,1,0.99,150000,2419,1506
C,high_order,airlines,1,0.9925,150000,2396,1493
C,high_order,airlines,1,0.995,150000,2368,1473
C,high_order,airlines,1,0.9975,150000,2327,1451
C,high_order,airlines,1,1.0,150000,2133,1352
w,high_order,airlines,1,0.7,150000,64779,41245
w,high_order,airlines,1,0.7025,150000,63917,40729
w,high_order,airlines,1,0.705,150000,63027,40178
w,high_order,airlines,1,0.7075,150000,62151,39655
w,high_order,airlines,1,0.71,150000,61274,39129
w,high_order,airlines,1,0.7125,150000,60440,38654
w,high_order,airlines,1,0.715,150000,59540,38125
w,high_order,airlines,1,0.7175,150000,58651,37595
w,high_order,airlines,1,0.72,150000,57754,37064
w,high_order,airlines,1,0.7225,150000,56896,36553
w,high_order,airlines,1,0.725,150000,55980,36003
w,high_order,airlines,1,0.7275,150000,55081,35438
w,high_order,airlines,1,0.73,150000,54204,34916
w,high_order,airlines,1,0.7325,150000,53298,34358
w,high_order,airlines,1,0.735,150000,52430,33820
w,high_order,airlines,1,0.7375,150000,51579,33307
w,high_order,airlines,1,0.74,150000,50721,32757
w,high_order,airlines,1,0.7425,150000,49848,32228
w,high_order,airlines,1,0.745,150000,49031,31733
w,high_order,airlines,1,0.7475,150000,48169,31204
w,high_order,airlines,1,0.75,150000,47311,30690
w,high_order,airlines,1,0.7525,150000,46457,30159
w,high_order,airlines,1,0.755,150000,45645,29658
w,high_order,airlines,1,0.7575,150000,44847,29145
w,high_order,airlines,1,0.76,150000,44011,28613
w,high_order,airlines,1,0.7625,150000,43213,28124
w,high_order,airlines,1,0.765,150000,42379,27617
w,high_order,airlines,1,0.7675,150000,41593,27133
w,high_order,airlines,1,0.77,150000,40816,26643
w,high_order,airlines,1,0.7725,150000,39999,26149
w,high_order,airlines,1,0.775,150000,39176,25651
w,high_order,airlines,1,0.7775,150000,38390,25169
w,high_order,airlines,1,0.78,150000,37616,24689
w,high_order,airlines,1,0.7825,150000,36806,24189
w,high_order,airlines,1,0.785,150000,36038,23696
w,high_order,airlines,1,0.7875,150000,35236,23203
w,high_order,airlines,1,0.79,150000,34469,22718
w,high_order,airlines,1,0.7925,150000,33759,22286
w,high_order,airlines,1,0.795,150000,33008,21815
w,high_order,airlines,1,0.7975,150000,32274,21341
w,high_order,airlines,1,0.8,150000,31538,20877
w,high_order,airlines,1,0.8025,150000,30791,20412
w,high_order,airlines,1,0.805,150000,30049,19935
w,high_order,airlines,1,0.8075,150000,29302,19454
w,high_order,airlines,1,0.81,150000,28618,19017
w,high_order,airlines,1,0.8125,150000,27921,18573
w,high_order,airlines,1,0.815,150000,27176,18095
w,high_order,airlines,1,0.8175,150000,26460,17633
w,high_order,airlines,1,0.82,150000,25796,17203
w,high_order,airlines,1,0.8225,150000,25123,16759
w,high_order,airlines,1,0.825,150000,24473,16347
w,high_order,airlines,1,0.8275,150000,23794,15911
w,high_order,airlines,1,0.83,150000,23112,15477
w,high_order,airlines,1,0.8325,150000,22486,15061
w,high_order,airlines,1,0.835,150000,21803,14647
w,high_order,airlines,1,0.8375,150000,21141,14206
w,high_order,airlines,1,0.84,150000,20506,13772
w,high_order,airlines,1,0.8425,150000,19917,13409
w,high_order,airlines,1,0.845,150000,19340,13028
w,high_order,airlines,1,0.8475,150000,18762,12625
w,high_order,airlines,1,0.85,150000,18157,12216
w,high_order,airlines,1,0.8525,150000,17575,11834
w,high_order,airlines,1,0.855,150000,16968,11419
w,high_order,airlines,1,0.8575,150000,16391,11037
w,high_order,airlines,1,0.86,150000,15814,10662
w,high_order,airlines,1,0.8625,150000,15300,10321
w,high_order,airlines,1,0.865,150000,14751,9940
w,high_order,airlines,1,0.8675,150000,14225,9600
w,high_order,airlines,1,0.87,150000,13722,9266
w,high_order,airlines,1,0.8725,150000,13241,8951
w,high_order,airlines,1,0.875,150000,12747,8644
w,high_order,airlines,1,0.8775,150000,12285,8338
w,high_order,airlines,1,0.88,150000,11773,7987
w,high_order,airlines,1,0.8825,150000,11314,7685
w,high_order,airlines,1,0.885,150000,10885,7398
w,high_order,airlines,1,0.8875,150000,10479,7121
w,high_order,airlines,1,0.89,150000,10073,6839
w,high_order,airlines,1,0.8925,150000,9671,6566
w,high_order,airlines,1,0.895,150000,9272,6313
w,high_order,airlines,1,0.8975,150000,8887,6045
w,high_order,airlines,1,0.9,150000,8500,5793
w,high_order,airlines,1,0.9025,150000,8112,5538
w,high_order,airlines,1,0.905,150000,7715,5296
w,high_order,airlines,1,0.9075,150000,7384,5074
w,high_order,airlines,1,0.91,150000,7059,4862
w,high_order,airlines,1,0.9125,150000,6742,4624
w,high_order,airlines,1,0.915,150000,6424,4397
w,high_order,airlines,1,0.9175,150000,6131,4195
w,high_order,airlines,1,0.92,150000,5843,4022
w,high_order,airlines,1,0.9225,150000,5560,3818
w,high_order,airlines,1,0.925,150000,5291,3644
w,high_order,airlines,1,0.9275,150000,5002,3431
w,high_order,airlines,1,0.93,150000,4774,3274
w,high_order,airlines,1,0.9325,150000,4526,3115
w,high_order,airlines,1,0.935,150000,4278,2939
w,high_order,airlines,1,0.9375,150000,4028,2769
w,high_order,airlines,1,0.94,150000,3798,2614
w,high_order,airlines,1,0.9425,150000,3571,2463
w,high_order,airlines,1,0.945,150000,3358,2337
w,high_order,airlines,1,0.9475,150000,3141,2177
w,high_order,airlines,1,0.95,150000,2925,2030
w,high_order,airlines,1,0.9525,150000,2733,1901
w,high_order,airlines,1,0.955,150000,2555,1779
w,high_order,airlines,1,0.9575,150000,2360,1650
w,high_order,airlines,1,0.96,150000,2189,1531
w,high_order,airlines,1,0.9625,150000,2020,1419
w,high_order,airlines,1,0.965,150000,1826,1281
w,high_order,airlines,1,0.9675,150000,1653,1158
w,high_order,airlines,1,0.97,150000,1481,1045
w,high_order,airlines,1,0.9725,150000,1342,955
w,high_order,airlines,1,0.975,150000,1191,846
w,high_order,airlines,1,0.9775,150000,1041,744
w,high_order,airlines,1,0.98,150000,920,653
w,high_order,airlines,1,0.9825,150000,815,585
w,high_order,airlines,1,0.985,150000,703,502
w,high_order,airlines,1,0.9875,150000,595,434
w,high_order,airlines,1,0.99,150000,486,349
w,high_order,airlines,1,0.9925,150000,356,257
w,high_order,airlines,1,0.995,150000,246,182
w,high_order,airlines,1,0.9975,150000,142,106
w,high_order,airlines,1,1.0,150000,27,22
A_hat,binary_relevance_probe,airlines,1,0.7,600000,214006,136180
A_hat,binary_relevance_probe,airlines,1,0.7025,600000,207823,132113
A_hat,binary_relevance_probe,airlines,1,0.705,600000,199490,126625
A_hat,binary_relevance_probe,airlines,1,0.7075,600000,190249,120487
A_hat,binary_relevance_probe,airlines,1,0.71,600000,183197,115883
A_hat,binary_relevance_probe,airlines,1,0.7125,600000,175185,110789
A_hat,binary_relevance_probe,airlines,1,0.715,600000,170084,107660
A_hat,binary_relevance_probe,airlines,1,0.7175,600000,165902,105120
A_hat,binary_relevance_probe,airlines,1,0.72,600000,162623,103168
A_hat,binary_relevance_probe,airlines,1,0.7225,600000,158206,100419
A_hat,binary_relevance_probe,airlines,1,0.725,600000,153169,97339
A_hat,binary_relevance_probe,airlines,1,0.7275,600000,147258,93557
A_hat,binary_relevance_probe,airlines,1,0.73,600000,141594,90011
A_hat,binary_relevance_probe,airlines,1,0.7325,600000,133937,85148
A_hat,binary_relevance_probe,airlines,1,0.735,600000,125669,79772
A_hat,binary_relevance_probe,airlines,1,0.7375,600000,116956,74053
A_hat,binary_relevance_probe,airlines,1,0.74,600000,108346,68423
A_hat,binary_relevance_probe,airlines,1,0.7425,600000,98768,62120
A_hat,binary_relevance_probe,airlines,1,0.745,600000,90852,56794
A_hat,binary_relevance_probe,airlines,1,0.7475,600000,84718,52738
A_hat,binary_relevance_probe,airlines,1,0.75,600000,80056,49713
A_hat,binary_relevance_probe,airlines,1,0.7525,600000,75781,46964
A_hat,binary_relevance_probe,airlines,1,0.755,600000,72752,45029
A_hat,binary_relevance_probe,airlines,1,0.7575,600000,70202,43458
A_hat,binary_relevance_probe,airlines,1,0.76,600000,66887,41350
A_hat,binary_relevance_probe,airlines,1,0.7625,600000,64613,39957
A_hat,binary_relevance_probe,airlines,1,0.765,600000,62876,39001
A_hat,binary_relevance_probe,airlines,1,0.7675,600000,60545,37600
A_hat,binary_relevance_probe,airlines,1,0.77,600000,58751,36580
A_hat,binary_relevance_probe,airlines,1,0.7725,600000,56891,35453
A_hat,binary_relevance_probe,airlines,1,0.775,600000,55280,34473
A_hat,binary_relevance_probe,airlines,1,0.7775,600000,53685,33514
A_hat,binary_relevance_probe,airlines,1,0.78,600000,51958,32411
A_hat,binary_relevance_probe,airlines,1,0.7825,600000,50714,31661
A_hat,binary_relevance_probe,airlines,1,0.785,600000,49788,31119
A_hat,binary_relevance_probe,airlines,1,0.7875,600000,48820,30513
A_hat,binary_relevance_probe,airlines,1,0.79,600000,47121,29406
A_hat,binary_relevance_probe,airlines,1,0.7925,600000,45333,28269
A_hat,binary_relevance_probe,airlines,1,0.795,600000,43735,27120
A_hat,binary_relevance_probe,airlines,1,0.7975,600000,42760,26469
A_hat,binary_relevance_probe,airlines,1,0.8,600000,42063,26002
A_hat,binary_relevance_probe,airlines,1,0.8025,600000,41532,25655
A_hat,binary_relevance_probe,airlines,1,0.805,600000,40748,25130
A_hat,binary_relevance_probe,airlines,1,0.8075,600000,39736,24428
A_hat,binary_relevance_probe,airlines,1,0.81,600000,39378,24192
A_hat,binary_relevance_probe,airlines,1,0.8125,600000,39066,24009
A_hat,binary_relevance_probe,airlines,1,0.815,600000,38763,23842
A_hat,binary_relevance_probe,airlines,1,0.8175,600000,38449,23654
A_hat,binary_relevance_probe,airlines,1,0.82,600000,38140,23466
A_hat,binary_relevance_probe,airlines,1,0.8225,600000,37832,23272
A_hat,binary_relevance_probe,airlines,1,0.825,600000,37494,23068
A_hat,binary_relevance_probe,airlines,1,0.8275,600000,37215,22903
A_hat,binary_relevance_probe,airlines,1,0.83,600000,36934,22729
A_hat,binary_relevance_probe,airlines,1,0.8325,600000,36657,22565
A_hat,binary_relevance_probe,airlines,1,0.835,600000,36380,22403
A_hat,binary_relevance_probe,airlines,1,0.8375,600000,36083,22228
A_hat,binary_relevance_probe,airlines,1,0.84,600000,35787,22049
A_hat,binary_relevance_probe,airlines,1,0.8425,600000,35508,21896
A_hat,binary_relevance_probe,airlines,1,0.845,600000,35215,21730
A_hat,binary_relevance_probe,airlines,1,0.8475,600000,34941,21576
A_hat,binary_relevance_probe,airlines,1,0.85,600000,34686,21420
A_hat,binary_relevance_probe,airlines,1,0.8525,600000,34425,21269
A_hat,binary_relevance_probe,airlines,1,0.855,600000,34150,21108
A_hat,binary_relevance_probe,airlines,1,0.8575,600000,33895,20943
A_hat,binary_relevance_probe,airlines,1,0.86,600000,33640,20797
A_hat,binary_relevance_probe,airlines,1,0.8625,600000,33385,20646
A_hat,binary_relevance_probe,airlines,1,0.865,600000,33153,20507
A_hat,binary_relevance_probe,airlines,1,0.8675,600000,32926,20362
A_hat,binary_relevance_probe,airlines,1,0.87,600000,32666,20208
A_hat,binary_relevance_probe,airlines,1,0.8725,600000,32427,20075
A_hat,binary_relevance_probe,airlines,1,0.875,600000,32171,19924
A_hat,binary_relevance_probe,airlines,1,0.8775,600000,31921,19782
A_hat,binary_relevance_probe,airlines,1,0.88,600000,31695,19648
A_hat,binary_relevance_probe,airlines,1,0.8825,600000,31450,19495
A_hat,binary_relevance_probe,airlines,1,0.885,600000,31220,19364
A_hat,binary_relevance_probe,airlines,1,0.8875,600000,30958,19208
A_hat,binary_relevance_probe,airlines,1,0.89,600000,30739,19084
A_hat,binary_relevance_probe,airlines,1,0.8925,600000,30536,18969
A_hat,binary_relevance_probe,airlines,1,0.895,600000,30322,18855
A_hat,binary_relevance_probe,airlines,1,0.8975,600000,30111,18743
A_hat,binary_relevance_probe,airlines,1,0.9,600000,29897,18630
A_hat,binary_relevance_probe,airlines,1,0.9025,600000,29661,18491
A_hat,binary_relevance_probe,airlines,1,0.905,600000,29426,18369
A_hat,binary_relevance_probe,airlines,1,0.9075,600000,29220,18252
A_hat,binary_relevance_probe,airlines,1,0.91,600000,28996,18105
A_hat,binary_relevance_probe,airlines,1,0.9125,600000,28797,17991
A_hat,binary_relevance_probe,airlines,1,0.915,600000,28596,17870
A_hat,binary_relevance_probe,airlines,1,0.9175,600000,28381,17751
A_hat,binary_relevance_probe,airlines,1,0.92,600000,28169,17633
A_hat,binary_relevance_probe,airlines,1,0.9225,600000,27952,17514
A_hat,binary_relevance_probe,airlines,1,0.925,600000,27751,17401
A_hat,binary_relevance_probe,airlines,1,0.9275,600000,27541,17273
A_hat,binary_relevance_probe,airlines,1,0.93,600000,27300,17135
A_hat,binary_relevance_probe,airlines,1,0.9325,600000,27085,17009
A_hat,binary_relevance_probe,airlines,1,0.935,600000,26883,16888
A_hat,binary_relevance_probe,airlines,1,0.9375,600000,26621,16719
A_hat,binary_relevance_probe,airlines,1,0.94,600000,26357,16561
A_hat,binary_relevance_probe,airlines,1,0.9425,600000,26121,16418
A_hat,binary_relevance_probe,airlines,1,0.945,600000,25835,16244
A_hat,binary_relevance_probe,airlines,1,0.9475,600000,25561,16075
A_hat,binary_relevance_probe,airlines,1,0.95,600000,25295,15929
A_hat,binary_relevance_probe,airlines,1,0.9525,600000,25049,15791
A_hat,binary_relevance_probe,airlines,1,0.955,600000,24743,15612
A_hat,binary_relevance_probe,airlines,1,0.9575,600000,24414,15406
A_hat,binary_relevance_probe,airlines,1,0.96,600000,24104,15226
A_hat,binary_relevance_probe,airlines,1,0.9625,600000,23775,15029
A_hat,binary_relevance_probe,airlines,1,0.965,600000,23426,14808
A_hat,binary_relevance_probe,airlines,1,0.9675,600000,23044,14571
A_hat,binary_relevance_probe,airlines,1,0.97,600000,22652,14345
A_hat,binary_relevance_probe,airlines,1,0.9725,600000,22257,14106
A_hat,binary_relevance_probe,airlines,1,0.975,600000,21846,13854
A_hat,binary_relevance_probe,airlines,1,0.9775,600000,21371,13574
A_hat,binary_relevance_probe,airlines,1,0.98,600000,20863,13266
A_hat,binary_relevance_probe,airlines,1,0.9825,600000,20356,12954
A_hat,binary_relevance_probe,airlines,1,0.985,600000,19819,12595
A_hat,binary_relevance_probe,airlines,1,0.9875,600000,19213,12198
A_hat,binary_relevance_probe,airlines,1,0.99,600000,18489,11741
A_hat,binary_relevance_probe,airlines,1,0.9925,600000,17679,11212
A_hat,binary_relevance_probe,airlines,1,0.995,600000,16626,10535
A_hat,binary_relevance_probe,airlines,1,0.9975,600000,15104,9529
A_hat,binary_relevance_probe,airlines,1,1.0,600000,3978,2543
