config,dataset,label_pct,lambda_tag,center,correct_fraction,disagreement_all,disagreement_correct,drifts
config_12,AGR_a,5,w0.50,1500.0,0.7645666666666666,0.2900758620689655,0.25699428189762336,20000;40000;60000;80000
config_12,AGR_a,5,w0.50,2500.0,0.7714,0.2831080459770115,0.2513667672811817,20000;40000;60000;80000
config_12,AGR_a,5,w0.50,3500.0,0.7701666666666667,0.276416091954023,0.24655813708157817,20000;40000;60000;80000
config_12,AGR_a,5,w0.50,4500.0,0.7747666666666667,0.23792873563218392,0.22028197802814137,20000;40000;60000;80000
config_12,AGR_a,5,w0.50,5500.0,0.7947333333333333,0.2234758620689655,0.20862576614844008,20000;40000;60000;80000
config_12,AGR_a,5,w0.50,6500.0,0.7846,0.24445977011494255,0.2248037941075414,20000;40000;60000;80000
config_12,AGR_a,5,w0.50,7500.0,0.7661,0.2723609195402299,0.24961947703592874,20000;40000;60000;80000
config_12,AGR_a,5,w0.50,8500.0,0.7764,0.28029885057471265,0.2531583378196257,20000;40000;60000;80000
config_12,AGR_a,5,w0.50,9500.0,0.7649666666666667,0.2803701149425287,0.2539778938847597,20000;40000;60000;80000
config_12,AGR_a,5,w0.50,10500.0,0.7858,0.25870344827586206,0.23762621211325316,20000;40000;60000;80000
config_12,AGR_a,5,w0.50,11500.0,0.7618666666666667,0.2816689655172414,0.2565948050890434,20000;40000;60000;80000
config_12,AGR_a,5,w0.50,12500.0,0.7801,0.26550114942528735,0.24165372500417265,20000;40000;60000;80000
config_12,AGR_a,5,w0.50,13500.0,0.7839333333333334,0.24268045977011496,0.22534230192764065,20000;40000;60000;80000
config_12,AGR_a,5,w0.50,14500.0,0.7719,0.26701839080459766,0.24295680590565355,20000;40000;60000;80000
config_12,AGR_a,5,w0.50,15500.0,0.7709,0.2806827586206897,0.25268922283835166,20000;40000;60000;80000
config_12,AGR_a,5,w0.50,16500.0,0.7716666666666666,0.2597885057471265,0.23587324972866092,20000;40000;60000;80000
config_12,AGR_a,5,w0.50,17500.0,0.7738333333333334,0.26184137931034485,0.240375467967261,20000;40000;60000;80000
config_12,AGR_a,5,w0.50,18500.0,0.7772666666666667,0.2636735632183908,0.24015271297397794,20000;40000;60000;80000
config_12,AGR_a,5,w0.50,19500.0,0.7742,0.2720183908045977,0.24674262012225653,20000;40000;60000;80000
config_12,AGR_a,5,w0.50,20500.0,0.45826666666666666,0.35233563218390807,0.3385749839055357,20000;40000;60000;80000
config_12,AGR_a,5,w0.50,21500.0,0.5110333333333333,0.4433402298850575,0.43601781954827484,20000;40000;60000;80000
config_12,AGR_a,5,w0.50,22500.0,0.5328333333333334,0.47952873563218384,0.47074247166333294,20000;40000;60000;80000
config_12,AGR_a,5,w0.50,23500.0,0.5688333333333333,0.46461839080459766,0.4502210153837747,20000;40000;60000;80000
config_12,AGR_a,5,w0.50,24500.0,0.5666,0.4638344827586206,0.45693140871094257,20000;40000;60000;80000
config_12,AGR_a,5,w0.50,25500.0,0.5688,0.46606436781609195,0.460772270110024,20000;40000;60000;80000
config_12,AGR_a,5,w0.50,26500.0,0.5913333333333334,0.45865287356321843,0.45169344586056026,20000;40000;60000;80000
config_12,AGR_a,5,w0.50,27500.0,0.5919666666666666,0.4491103448275862,0.4432187343577935,20000;40000;60000;80000
config_12,AGR_a,5,w0.50,28500.0,0.5891666666666666,0.4365586206896552,0.4311215785689492,20000;40000;60000;80000
config_12,AGR_a,5,w0.50,29500.0,0.6091,0.43311954022988514,0.4266610231032766,20000;40000;60000;80000
config_12,AGR_a,5,w0.50,30500.0,0.6190333333333333,0.42277011494252875,0.41629808771365895,20000;40000;60000;80000
config_12,AGR_a,5,w0.50,31500.0,0.6246666666666667,0.4204,0.4124789925288281,20000;40000;60000;80000
config_12,AGR_a,5,w0.50,32500.0,0.6158333333333333,0.42580919540229883,0.4203255131964809,20000;40000;60000;80000
config_12,AGR_a,5,w0.50,33500.0,0.6295333333333333,0.40999080459770115,0.40475263437192016,20000;40000;60000;80000
config_12,AGR_a,5,w0.50,34500.0,0.6331,0.39549655172413795,0.3922283686595064,20000;40000;60000;80000
config_12,AGR_a,5,w0.50,35500.0,0.6308333333333334,0.4076666666666666,0.4038742792538157,20000;40000;60000;80000
config_12,AGR_a,5,w0.50,36500.0,0.6353666666666666,0.40101379310344826,0.3968441193884672,20000;40000;60000;80000
config_12,AGR_a,5,w0.50,37500.0,0.6386333333333334,0.4063471264367816,0.4013183265144516,20000;40000;60000;80000
config_12,AGR_a,5,w0.50,38500.0,0.6374,0.40902988505747123,0.40483987148509065,20000;40000;60000;80000
config_12,AGR_a,5,w0.50,39500.0,0.6310666666666667,0.4036689655172414,0.3992156430086335,20000;40000;60000;80000
config_12,AGR_a,5,w0.50,40500.0,0.49546666666666667,0.4282114942528735,0.4232639388195307,20000;40000;60000;80000
config_12,AGR_a,5,w0.50,41500.0,0.5234333333333333,0.45404367816091956,0.4511111068024414,20000;40000;60000;80000
config_12,AGR_a,5,w0.50,42500.0,0.5425,0.4799747126436782,0.4742873633095986,20000;40000;60000;80000
config_12,AGR_a,5,w0.50,43500.0,0.5529666666666667,0.47455862068965515,0.4691500029128193,20000;40000;60000;80000
config_12,AGR_a,5,w0.50,44500.0,0.5700333333333333,0.4738459770114942,0.46603086202494076,20000;40000;60000;80000
config_12,AGR_a,5,w0.50,45500.0,0.5792666666666667,0.4700505747126437,0.45956959497812955,20000;40000;60000;80000
config_12,AGR_a,5,w0.50,46500.0,0.5735333333333333,0.4704505747126436,0.4604140346823951,20000;40000;60000;80000
config_12,AGR_a,5,w0.50,47500.0,0.5789333333333333,0.471048275862069,0.46051426199768386,20000;40000;60000;80000
config_12,AGR_a,5,w0.50,48500.0,0.5875666666666667,0.46836091954022985,0.4567695270063685,20000;40000;60000;80000
config_12,AGR_a,5,w0.50,49500.0,0.5871666666666666,0.4712068965517242,0.4580921728895572,20000;40000;60000;80000
config_12,AGR_a,5,w0.50,50500.0,0.6012333333333333,0.45962528735632185,0.44481238240245596,20000;40000;60000;80000
config_12,AGR_a,5,w0.50,51500.0,0.6025666666666667,0.4626367816091954,0.44498965280228864,20000;40000;60000;80000
config_12,AGR_a,5,w0.50,52500.0,0.7269,0.3724344827586207,0.32666953660123216,20000;40000;60000;80000
config_12,AGR_a,5,w0.50,53500.0,0.766,0.3384597701149425,0.28802513915907474,20000;40000;60000;80000
config_12,AGR_a,5,w0.50,54500.0,0.7702666666666667,0.32118620689655175,0.27501298226297854,20000;40000;60000;80000
config_12,AGR_a,5,w0.50,55500.0,0.7794333333333333,0.3232896551724138,0.26234556333678155,20000;40000;60000;80000
config_12,AGR_a,5,w0.50,56500.0,0.7885,0.3012436781609195,0.2526233597739633,20000;40000;60000;80000
config_12,AGR_a,5,w0.50,57500.0,0.7934333333333333,0.29486666666666667,0.24720345895163875,20000;40000;60000;80000
config_12,AGR_a,5,w0.50,58500.0,0.7811666666666667,0.31894022988505744,0.2570429858229983,20000;40000;60000;80000
config_12,AGR_a,5,w0.50,59500.0,0.7753333333333333,0.3083448275862069,0.25741355267297056,20000;40000;60000;80000
config_12,AGR_a,5,w0.50,60500.0,0.5129666666666667,0.3587103448275862,0.3287289296518078,20000;40000;60000;80000
config_12,AGR_a,5,w0.50,61500.0,0.5218666666666667,0.442583908045977,0.4371579961759082,20000;40000;60000;80000
config_12,AGR_a,5,w0.50,62500.0,0.5889,0.449183908045977,0.43933149286318257,20000;40000;60000;80000
config_12,AGR_a,5,w0.50,63500.0,0.6138333333333333,0.4148712643678161,0.40313801666449817,20000;40000;60000;80000
config_12,AGR_a,5,w0.50,64500.0,0.6088,0.4388735632183909,0.424297202033382,20000;40000;60000;80000
config_12,AGR_a,5,w0.50,65500.0,0.6363666666666666,0.41367586206896556,0.3937790414514705,20000;40000;60000;80000
config_12,AGR_a,5,w0.50,66500.0,0.6437,0.4048942528735633,0.38858785068639456,20000;40000;60000;80000
config_12,AGR_a,5,w0.50,67500.0,0.6365333333333333,0.3948137931034483,0.3818575960632395,20000;40000;60000;80000
config_12,AGR_a,5,w0.50,68500.0,0.6431,0.39825057471264363,0.38048655561826555,20000;40000;60000;80000
config_12,AGR_a,5,w0.50,69500.0,0.6471666666666667,0.39860919540229883,0.37810737090647784,20000;40000;60000;80000
config_12,AGR_a,5,w0.50,70500.0,0.6351,0.4265724137931035,0.4008963861593884,20000;40000;60000;80000
config_12,AGR_a,5,w0.50,71500.0,0.6523333333333333,0.41485057471264364,0.3908196966956881,20000;40000;60000;80000
config_12,AGR_a,5,w0.50,72500.0,0.6617333333333333,0.39145287356321834,0.373905995175445,20000;40000;60000;80000
config_12,AGR_a,5,w0.50,73500.0,0.6572,0.39097931034482764,0.3725784688614049,20000;40000;60000;80000
config_12,AGR_a,5,w0.50,74500.0,0.6731666666666667,0.3850275862068966,0.36686720648160553,20000;40000;60000;80000
config_12,AGR_a,5,w0.50,75500.0,0.6621333333333334,0.3873057471264368,0.3719207562724191,20000;40000;60000;80000
config_12,AGR_a,5,w0.50,76500.0,0.6747666666666666,0.3808436781609195,0.36239559067824767,20000;40000;60000;80000
config_12,AGR_a,5,w0.50,77500.0,0.6566,0.40013793103448275,0.3757355469281085,20000;40000;60000;80000
config_12,AGR_a,5,w0.50,78500.0,0.6663,0.390232183908046,0.36618430951625885,20000;40000;60000;80000
config_12,AGR_a,5,w0.50,79500.0,0.6646,0.3974804597701149,0.376483806976595,20000;40000;60000;80000
config_12,AGR_a,5,w0.50,80500.0,0.5430666666666667,0.39272643678160923,0.3831911468279227,20000;40000;60000;80000
config_12,AGR_a,5,w0.50,81500.0,0.5496666666666666,0.4210712643678161,0.41420000406719,20000;40000;60000;80000
config_12,AGR_a,5,w0.50,82500.0,0.5557333333333333,0.4269931034482759,0.42213510173100566,20000;40000;60000;80000
config_12,AGR_a,5,w0.50,83500.0,0.5565,0.41145977011494256,0.4069714061015172,20000;40000;60000;80000
config_12,AGR_a,5,w0.50,84500.0,0.5701666666666667,0.41118390804597704,0.40132290182230906,20000;40000;60000;80000
config_12,AGR_a,5,w0.50,85500.0,0.5734666666666667,0.43377931034482764,0.4283631850739147,20000;40000;60000;80000
config_12,AGR_a,5,w0.50,86500.0,0.5840666666666666,0.4090390804597701,0.4035180644809604,20000;40000;60000;80000
config_12,AGR_a,5,w0.50,87500.0,0.5761,0.4292390804597701,0.42269359721197614,20000;40000;60000;80000
config_12,AGR_a,5,w0.50,88500.0,0.5746,0.43944827586206897,0.43457366992505064,20000;40000;60000;80000
config_12,AGR_a,5,w0.50,89500.0,0.5866333333333333,0.4381862068965517,0.43222403052289216,20000;40000;60000;80000
config_12,AGR_a,5,w0.50,90500.0,0.5741666666666667,0.4518183908045977,0.44377547329231914,20000;40000;60000;80000
config_12,AGR_a,5,w0.50,91500.0,0.58,0.4543356321839081,0.4481624164397128,20000;40000;60000;80000
config_12,AGR_a,5,w0.50,92500.0,0.5878333333333333,0.45761149425287356,0.4475935637129667,20000;40000;60000;80000
config_12,AGR_a,5,w0.50,93500.0,0.5869666666666666,0.4554505747126436,0.4451162539194984,20000;40000;60000;80000
config_12,AGR_a,5,w0.50,94500.0,0.5988666666666667,0.43708045977011495,0.43069576649218455,20000;40000;60000;80000
config_12,AGR_a,5,w0.50,95500.0,0.5964333333333334,0.4442367816091954,0.4367712848606189,20000;40000;60000;80000
config_12,AGR_a,5,w0.50,96500.0,0.6117,0.413064367816092,0.4077590213789661,20000;40000;60000;80000
config_12,AGR_a,5,w0.50,97500.0,0.6055,0.41264597701149425,0.40809501733451586,20000;40000;60000;80000
config_12,AGR_a,5,w0.50,98500.0,0.5945,0.424967816091954,0.41946765797914276,20000;40000;60000;80000
config_12,AGR_a,5,w0.50,99500.0,0.6077333333333333,0.42414712643678165,0.41761334479873563,20000;40000;60000;80000
config_12,AGR_a,5,w0.75,1500.0,0.7643666666666666,0.28837931034482756,0.25618177605948617,20000;40000;60000;80000
config_12,AGR_a,5,w0.75,2500.0,0.7645666666666666,0.29922988505747133,0.26078328922184335,20000;40000;60000;80000
config_12,AGR_a,5,w0.75,3500.0,0.7681,0.2898735632183908,0.2557488084522422,20000;40000;60000;80000
config_12,AGR_a,5,w0.75,4500.0,0.7631,0.2736528735632184,0.24770723748205953,20000;40000;60000;80000
config_12,AGR_a,5,w0.75,5500.0,0.7888333333333334,0.245832183908046,0.22665956903277473,20000;40000;60000;80000
config_12,AGR_a,5,w0.75,6500.0,0.7763,0.254816091954023,0.2329014022134992,20000;40000;60000;80000
config_12,AGR_a,5,w0.75,7500.0,0.7590333333333333,0.28945977011494256,0.2610570499434927,20000;40000;60000;80000
config_12,AGR_a,5,w0.75,8500.0,0.7776666666666666,0.2738942528735632,0.2487118218382351,20000;40000;60000;80000
config_12,AGR_a,5,w0.75,9500.0,0.77,0.25817471264367814,0.23545687005240368,20000;40000;60000;80000
config_12,AGR_a,5,w0.75,10500.0,0.7898666666666667,0.2521563218390805,0.22983457547757905,20000;40000;60000;80000
config_12,AGR_a,5,w0.75,11500.0,0.7570666666666667,0.29197241379310346,0.262898758558423,20000;40000;60000;80000
config_12,AGR_a,5,w0.75,12500.0,0.7777,0.2679655172413793,0.24084291310884698,20000;40000;60000;80000
config_12,AGR_a,5,w0.75,13500.0,0.7855,0.24597011494252874,0.2266323136498331,20000;40000;60000;80000
config_12,AGR_a,5,w0.75,14500.0,0.7643333333333333,0.2940873563218391,0.26121421043419324,20000;40000;60000;80000
config_12,AGR_a,5,w0.75,15500.0,0.7739,0.2772344827586207,0.2498553707643985,20000;40000;60000;80000
config_12,AGR_a,5,w0.75,16500.0,0.7705333333333333,0.27065287356321843,0.24334298174185257,20000;40000;60000;80000
config_12,AGR_a,5,w0.75,17500.0,0.7756333333333333,0.26122528735632183,0.23821678356570583,20000;40000;60000;80000
config_12,AGR_a,5,w0.75,18500.0,0.7806666666666666,0.259783908045977,0.23695553310466394,20000;40000;60000;80000
config_12,AGR_a,5,w0.75,19500.0,0.7765666666666666,0.26155632183908045,0.23887834528225318,20000;40000;60000;80000
config_12,AGR_a,5,w0.75,20500.0,0.4629333333333333,0.3588367816091954,0.3464861954609215,20000;40000;60000;80000
config_12,AGR_a,5,w0.75,21500.0,0.5172,0.442064367816092,0.4353423268882971,20000;40000;60000;80000
config_12,AGR_a,5,w0.75,22500.0,0.5463333333333333,0.4792229885057471,0.47181767897829474,20000;40000;60000;80000
config_12,AGR_a,5,w0.75,23500.0,0.5835333333333333,0.44901149425287357,0.4374601445795475,20000;40000;60000;80000
config_12,AGR_a,5,w0.75,24500.0,0.5809,0.45337701149425286,0.44519106709414474,20000;40000;60000;80000
config_12,AGR_a,5,w0.75,25500.0,0.5821333333333333,0.4628045977011494,0.4562205246185308,20000;40000;60000;80000
config_12,AGR_a,5,w0.75,26500.0,0.6021,0.46035632183908043,0.45360924307418443,20000;40000;60000;80000
config_12,AGR_a,5,w0.75,27500.0,0.6076,0.43817471264367813,0.4318912149488472,20000;40000;60000;80000
config_12,AGR_a,5,w0.75,28500.0,0.6067333333333333,0.41766436781609195,0.41284370865518505,20000;40000;60000;80000
config_12,AGR_a,5,w0.75,29500.0,0.6159666666666667,0.429583908045977,0.42453408094618683,20000;40000;60000;80000
config_12,AGR_a,5,w0.75,30500.0,0.6179,0.4272850574712644,0.42257548392966804,20000;40000;60000;80000
config_12,AGR_a,5,w0.75,31500.0,0.6301666666666667,0.41972643678160915,0.4132473746390129,20000;40000;60000;80000
config_12,AGR_a,5,w0.75,32500.0,0.6271,0.4231057471264367,0.41625453217749214,20000;40000;60000;80000
config_12,AGR_a,5,w0.75,33500.0,0.6397333333333334,0.41089655172413797,0.40421011677271135,20000;40000;60000;80000
config_12,AGR_a,5,w0.75,34500.0,0.6413,0.3980850574712644,0.3938390805792641,20000;40000;60000;80000
config_12,AGR_a,5,w0.75,35500.0,0.6391333333333333,0.397416091954023,0.39255358718062483,20000;40000;60000;80000
config_12,AGR_a,5,w0.75,36500.0,0.6445666666666666,0.40280689655172414,0.39460932896211154,20000;40000;60000;80000
config_12,AGR_a,5,w0.75,37500.0,0.6408333333333334,0.4104390804597701,0.4025287505541131,20000;40000;60000;80000
config_12,AGR_a,5,w0.75,38500.0,0.6416,0.4093931034482759,0.4020380420198576,20000;40000;60000;80000
config_12,AGR_a,5,w0.75,39500.0,0.6418,0.41170574712643676,0.40266644694864395,20000;40000;60000;80000
config_12,AGR_a,5,w0.75,40500.0,0.5009,0.42999310344827585,0.42424869741412585,20000;40000;60000;80000
config_12,AGR_a,5,w0.75,41500.0,0.5196333333333333,0.4466827586206896,0.44210890159597166,20000;40000;60000;80000
config_12,AGR_a,5,w0.75,42500.0,0.5344666666666666,0.46946666666666664,0.46513930390231933,20000;40000;60000;80000
config_12,AGR_a,5,w0.75,43500.0,0.547,0.47401839080459773,0.469170068077659,20000;40000;60000;80000
config_12,AGR_a,5,w0.75,44500.0,0.5672666666666667,0.47234482758620694,0.46530261897157443,20000;40000;60000;80000
config_12,AGR_a,5,w0.75,45500.0,0.5704,0.4712045977011494,0.46258261293489983,20000;40000;60000;80000
config_12,AGR_a,5,w0.75,46500.0,0.5663,0.47352873563218395,0.4654451335212211,20000;40000;60000;80000
config_12,AGR_a,5,w0.75,47500.0,0.5815333333333333,0.4669931034482758,0.45616200560120473,20000;40000;60000;80000
config_12,AGR_a,5,w0.75,48500.0,0.5831,0.4686413793103448,0.45599615736987464,20000;40000;60000;80000
config_12,AGR_a,5,w0.75,49500.0,0.5833666666666667,0.4693862068965517,0.4558482393042928,20000;40000;60000;80000
config_12,AGR_a,5,w0.75,50500.0,0.5962,0.470151724137931,0.4555817721164435,20000;40000;60000;80000
config_12,AGR_a,5,w0.75,51500.0,0.5996666666666667,0.46629885057471265,0.4512628343839183,20000;40000;60000;80000
config_12,AGR_a,5,w0.75,52500.0,0.5946666666666667,0.46880459770114946,0.45352594837762816,20000;40000;60000;80000
config_12,AGR_a,5,w0.75,53500.0,0.6134,0.45884137931034485,0.4418936245367626,20000;40000;60000;80000
config_12,AGR_a,5,w0.75,54500.0,0.7864333333333333,0.3036390804597701,0.25819089898100755,20000;40000;60000;80000
config_12,AGR_a,5,w0.75,55500.0,0.7841,0.3207057471264368,0.2578372277300704,20000;40000;60000;80000
config_12,AGR_a,5,w0.75,56500.0,0.7765333333333333,0.3220735632183908,0.2609329426572696,20000;40000;60000;80000
config_12,AGR_a,5,w0.75,57500.0,0.7907333333333333,0.2957103448275862,0.252742208173015,20000;40000;60000;80000
config_12,AGR_a,5,w0.75,58500.0,0.7993666666666667,0.2953310344827586,0.24776150481498466,20000;40000;60000;80000
config_12,AGR_a,5,w0.75,59500.0,0.7787666666666667,0.30061839080459773,0.25451694168169464,20000;40000;60000;80000
config_12,AGR_a,5,w0.75,60500.0,0.5246666666666666,0.35159999999999997,0.3238660753704936,20000;40000;60000;80000
config_12,AGR_a,5,w0.75,61500.0,0.5431666666666667,0.4309080459770115,0.42317032724211706,20000;40000;60000;80000
config_12,AGR_a,5,w0.75,62500.0,0.6158333333333333,0.42161609195402305,0.40497759753896456,20000;40000;60000;80000
config_12,AGR_a,5,w0.75,63500.0,0.6373666666666666,0.3972390804597701,0.37980421786172747,20000;40000;60000;80000
config_12,AGR_a,5,w0.75,64500.0,0.6335333333333333,0.4156873563218391,0.3975539624679357,20000;40000;60000;80000
config_12,AGR_a,5,w0.75,65500.0,0.6510333333333334,0.38870574712643674,0.3733804919056056,20000;40000;60000;80000
config_12,AGR_a,5,w0.75,66500.0,0.6592666666666667,0.37531494252873565,0.36222337314160374,20000;40000;60000;80000
config_12,AGR_a,5,w0.75,67500.0,0.6509,0.37403448275862067,0.361782703715267,20000;40000;60000;80000
config_12,AGR_a,5,w0.75,68500.0,0.6518333333333334,0.37751494252873563,0.36045574817065307,20000;40000;60000;80000
config_12,AGR_a,5,w0.75,69500.0,0.6521333333333333,0.3729977011494253,0.3593722173674778,20000;40000;60000;80000
config_12,AGR_a,5,w0.75,70500.0,0.6424333333333333,0.4077218390804597,0.38776910456601615,20000;40000;60000;80000
config_12,AGR_a,5,w0.75,71500.0,0.6555333333333333,0.41362758620689655,0.3914714718253216,20000;40000;60000;80000
config_12,AGR_a,5,w0.75,72500.0,0.6643333333333333,0.37499770114942527,0.3610271474233812,20000;40000;60000;80000
config_12,AGR_a,5,w0.75,73500.0,0.6619,0.3748758620689655,0.36377710268374114,20000;40000;60000;80000
config_12,AGR_a,5,w0.75,74500.0,0.6766666666666666,0.37504367816091955,0.3621770201806578,20000;40000;60000;80000
config_12,AGR_a,5,w0.75,75500.0,0.6761666666666667,0.37459080459770117,0.36188723731419786,20000;40000;60000;80000
config_12,AGR_a,5,w0.75,76500.0,0.6844,0.36314482758620686,0.3505401270973346,20000;40000;60000;80000
config_12,AGR_a,5,w0.75,77500.0,0.6643,0.3854367816091954,0.3661795523013776,20000;40000;60000;80000
config_12,AGR_a,5,w0.75,78500.0,0.6624,0.40194942528735633,0.37725326325229175,20000;40000;60000;80000
config_12,AGR_a,5,w0.75,79500.0,0.6645,0.39070114942528733,0.370932119756958,20000;40000;60000;80000
config_12,AGR_a,5,w0.75,80500.0,0.5367333333333333,0.38634942528735633,0.37773920694823626,20000;40000;60000;80000
config_12,AGR_a,5,w0.75,81500.0,0.5360333333333334,0.42860459770114945,0.4229045679621016,20000;40000;60000;80000
config_12,AGR_a,5,w0.75,82500.0,0.5409333333333334,0.4394896551724138,0.4362900362876386,20000;40000;60000;80000
config_12,AGR_a,5,w0.75,83500.0,0.5642666666666667,0.41007816091954025,0.4035659972866431,20000;40000;60000;80000
config_12,AGR_a,5,w0.75,84500.0,0.5750666666666666,0.38954942528735637,0.3817516729433526,20000;40000;60000;80000
config_12,AGR_a,5,w0.75,85500.0,0.5766666666666667,0.421567816091954,0.4160845255373558,20000;40000;60000;80000
config_12,AGR_a,5,w0.75,86500.0,0.5861333333333333,0.39235862068965516,0.38820927901904134,20000;40000;60000;80000
config_12,AGR_a,5,w0.75,87500.0,0.5790333333333333,0.40459540229885055,0.4011561935562607,20000;40000;60000;80000
config_12,AGR_a,5,w0.75,88500.0,0.5767,0.4245724137931035,0.42008860080746907,20000;40000;60000;80000
config_12,AGR_a,5,w0.75,89500.0,0.5799333333333333,0.43776091954022983,0.434104681073234,20000;40000;60000;80000
config_12,AGR_a,5,w0.75,90500.0,0.5702,0.45001839080459766,0.4449892713008963,20000;40000;60000;80000
config_12,AGR_a,5,w0.75,91500.0,0.5744666666666667,0.4563034482758621,0.4507830955810604,20000;40000;60000;80000
config_12,AGR_a,5,w0.75,92500.0,0.5761666666666667,0.46410344827586203,0.4568781548533637,20000;40000;60000;80000
config_12,AGR_a,5,w0.75,93500.0,0.5854,0.4539126436781609,0.44733156109105143,20000;40000;60000;80000
config_12,AGR_a,5,w0.75,94500.0,0.5916666666666667,0.445783908045977,0.4394747190135707,20000;40000;60000;80000
config_12,AGR_a,5,w0.75,95500.0,0.5842666666666667,0.4538896551724138,0.4484266542284557,20000;40000;60000;80000
config_12,AGR_a,5,w0.75,96500.0,0.6089333333333333,0.4109701149425287,0.4076219601139601,20000;40000;60000;80000
config_12,AGR_a,5,w0.75,97500.0,0.6026666666666667,0.41811954022988507,0.4146475975213031,20000;40000;60000;80000
config_12,AGR_a,5,w0.75,98500.0,0.5943333333333334,0.42237241379310353,0.4164485837198279,20000;40000;60000;80000
config_12,AGR_a,5,w0.75,99500.0,0.6087666666666667,0.41215862068965514,0.407180385798857,20000;40000;60000;80000
config_12,AGR_a,5,w0.95,1500.0,0.7644333333333333,0.2929264367816091,0.2585173035931507,20000;40000;60000;80000
config_12,AGR_a,5,w0.95,2500.0,0.7867666666666666,0.23802988505747127,0.21859671844446285,20000;40000;60000;80000
config_12,AGR_a,5,w0.95,3500.0,0.7760666666666667,0.2581609195402299,0.23475377612910792,20000;40000;60000;80000
config_12,AGR_a,5,w0.95,4500.0,0.7776666666666666,0.23842298850574717,0.21974657505551132,20000;40000;60000;80000
config_12,AGR_a,5,w0.95,5500.0,0.7916666666666666,0.2347586206896552,0.21775535516424321,20000;40000;60000;80000
config_12,AGR_a,5,w0.95,6500.0,0.7864666666666666,0.23933793103448275,0.2216136000855004,20000;40000;60000;80000
config_12,AGR_a,5,w0.95,7500.0,0.7646333333333334,0.2762,0.2507778617607562,20000;40000;60000;80000
config_12,AGR_a,5,w0.95,8500.0,0.775,0.2831264367816092,0.2556490155872907,20000;40000;60000;80000
config_12,AGR_a,5,w0.95,9500.0,0.7659,0.2818459770114943,0.2524776966509113,20000;40000;60000;80000
config_12,AGR_a,5,w0.95,10500.0,0.7934,0.2428367816091954,0.22188989846465426,20000;40000;60000;80000
config_12,AGR_a,5,w0.95,11500.0,0.7692,0.2641977011494253,0.2431207155975882,20000;40000;60000;80000
config_12,AGR_a,5,w0.95,12500.0,0.7789,0.2650229885057471,0.24048175717247736,20000;40000;60000;80000
config_12,AGR_a,5,w0.95,13500.0,0.7941,0.23173563218390805,0.21491580884720593,20000;40000;60000;80000
config_12,AGR_a,5,w0.95,14500.0,0.7727666666666667,0.27360689655172415,0.24221328855858068,20000;40000;60000;80000
config_12,AGR_a,5,w0.95,15500.0,0.7816,0.2571264367816092,0.2361948914179906,20000;40000;60000;80000
config_12,AGR_a,5,w0.95,16500.0,0.7753666666666666,0.25751954022988505,0.23431294040686304,20000;40000;60000;80000
config_12,AGR_a,5,w0.95,17500.0,0.7751666666666667,0.2587011494252874,0.23749498451571568,20000;40000;60000;80000
config_12,AGR_a,5,w0.95,18500.0,0.7831,0.2473816091954023,0.22833013181426778,20000;40000;60000;80000
config_12,AGR_a,5,w0.95,19500.0,0.7805333333333333,0.2511816091954023,0.23148507897507897,20000;40000;60000;80000
config_12,AGR_a,5,w0.95,20500.0,0.4619333333333333,0.3378574712643679,0.32601544050150244,20000;40000;60000;80000
config_12,AGR_a,5,w0.95,21500.0,0.5264333333333333,0.4504206896551724,0.44240236736064475,20000;40000;60000;80000
config_12,AGR_a,5,w0.95,22500.0,0.5484666666666667,0.4845241379310345,0.4694909646468818,20000;40000;60000;80000
config_12,AGR_a,5,w0.95,23500.0,0.5776666666666667,0.46119999999999994,0.44949795991362745,20000;40000;60000;80000
config_12,AGR_a,5,w0.95,24500.0,0.5820333333333333,0.4527149425287356,0.4460801517589954,20000;40000;60000;80000
config_12,AGR_a,5,w0.95,25500.0,0.5836666666666667,0.45479080459770116,0.4477033449909019,20000;40000;60000;80000
config_12,AGR_a,5,w0.95,26500.0,0.6034,0.45168275862068963,0.44456353584432345,20000;40000;60000;80000
config_12,AGR_a,5,w0.95,27500.0,0.5974,0.4374758620689655,0.43128695103145975,20000;40000;60000;80000
config_12,AGR_a,5,w0.95,28500.0,0.5983666666666667,0.42174942528735637,0.41794008626059714,20000;40000;60000;80000
config_12,AGR_a,5,w0.95,29500.0,0.6089,0.42839310344827586,0.42242917132606467,20000;40000;60000;80000
config_12,AGR_a,5,w0.95,30500.0,0.6164666666666667,0.41786666666666666,0.4124820196641414,20000;40000;60000;80000
config_12,AGR_a,5,w0.95,31500.0,0.6267333333333334,0.41838160919540224,0.410352115002395,20000;40000;60000;80000
config_12,AGR_a,5,w0.95,32500.0,0.6255333333333334,0.42142528735632184,0.4163604825793723,20000;40000;60000;80000
config_12,AGR_a,5,w0.95,33500.0,0.6337333333333334,0.40726896551724145,0.4027071028846617,20000;40000;60000;80000
config_12,AGR_a,5,w0.95,34500.0,0.6289,0.40166206896551726,0.3976088931851137,20000;40000;60000;80000
config_12,AGR_a,5,w0.95,35500.0,0.6219,0.41875632183908046,0.41429313390583283,20000;40000;60000;80000
config_12,AGR_a,5,w0.95,36500.0,0.6363666666666666,0.4137126436781609,0.4074057279874971,20000;40000;60000;80000
config_12,AGR_a,5,w0.95,37500.0,0.6451333333333333,0.40665747126436785,0.40104927543772934,20000;40000;60000;80000
config_12,AGR_a,5,w0.95,38500.0,0.6358,0.40454712643678165,0.3989026163407288,20000;40000;60000;80000
config_12,AGR_a,5,w0.95,39500.0,0.6353333333333333,0.4062620689655172,0.3991814497255436,20000;40000;60000;80000
config_12,AGR_a,5,w0.95,40500.0,0.49856666666666666,0.42887586206896544,0.42299607592478716,20000;40000;60000;80000
config_12,AGR_a,5,w0.95,41500.0,0.5088,0.4484689655172414,0.44333850354644305,20000;40000;60000;80000
config_12,AGR_a,5,w0.95,42500.0,0.5288,0.4711172413793104,0.4673240122295391,20000;40000;60000;80000
config_12,AGR_a,5,w0.95,43500.0,0.5304666666666666,0.47295632183908043,0.47023075419322047,20000;40000;60000;80000
config_12,AGR_a,5,w0.95,44500.0,0.5539333333333334,0.47189425287356324,0.46700050605824006,20000;40000;60000;80000
config_12,AGR_a,5,w0.95,45500.0,0.5614666666666667,0.4722390804597701,0.46492039625227877,20000;40000;60000;80000
config_12,AGR_a,5,w0.95,46500.0,0.5543,0.473767816091954,0.4670747921434571,20000;40000;60000;80000
config_12,AGR_a,5,w0.95,47500.0,0.5780333333333333,0.46722988505747126,0.4552741920412222,20000;40000;60000;80000
config_12,AGR_a,5,w0.95,48500.0,0.5797,0.4685724137931035,0.45648169445276365,20000;40000;60000;80000
config_12,AGR_a,5,w0.95,49500.0,0.5861,0.4703471264367816,0.4573650239431914,20000;40000;60000;80000
config_12,AGR_a,5,w0.95,50500.0,0.5927666666666667,0.47191494252873567,0.4579255663221916,20000;40000;60000;80000
config_12,AGR_a,5,w0.95,51500.0,0.6013,0.46616781609195407,0.44880052942425114,20000;40000;60000;80000
config_12,AGR_a,5,w0.95,52500.0,0.6040666666666666,0.4625011494252873,0.44560545090180365,20000;40000;60000;80000
config_12,AGR_a,5,w0.95,53500.0,0.7271666666666666,0.35905057471264373,0.3353255549398886,20000;40000;60000;80000
config_12,AGR_a,5,w0.95,54500.0,0.7501,0.33698160919540227,0.29345032015810274,20000;40000;60000;80000
config_12,AGR_a,5,w0.95,55500.0,0.7544333333333333,0.3424114942528736,0.29641336754643205,20000;40000;60000;80000
config_12,AGR_a,5,w0.95,56500.0,0.7906666666666666,0.2883632183908046,0.2580006507337645,20000;40000;60000;80000
config_12,AGR_a,5,w0.95,57500.0,0.7703,0.3243103448275862,0.2790361453525514,20000;40000;60000;80000
config_12,AGR_a,5,w0.95,58500.0,0.7876333333333333,0.3106229885057471,0.2599180796917036,20000;40000;60000;80000
config_12,AGR_a,5,w0.95,59500.0,0.7813333333333333,0.3036689655172414,0.2598810219404598,20000;40000;60000;80000
config_12,AGR_a,5,w0.95,60500.0,0.5038666666666667,0.34358160919540237,0.31147438959384705,20000;40000;60000;80000
config_12,AGR_a,5,w0.95,61500.0,0.5166666666666667,0.43676321839080456,0.43105641444579745,20000;40000;60000;80000
config_12,AGR_a,5,w0.95,62500.0,0.6002,0.4408735632183909,0.429102362633704,20000;40000;60000;80000
config_12,AGR_a,5,w0.95,63500.0,0.6264333333333333,0.41059999999999997,0.39680257433417215,20000;40000;60000;80000
config_12,AGR_a,5,w0.95,64500.0,0.6249333333333333,0.4205287356321839,0.40888662885780647,20000;40000;60000;80000
config_12,AGR_a,5,w0.95,65500.0,0.6518333333333334,0.39111954022988504,0.3766268975559128,20000;40000;60000;80000
config_12,AGR_a,5,w0.95,66500.0,0.6621666666666667,0.37319310344827583,0.3584788735117681,20000;40000;60000;80000
config_12,AGR_a,5,w0.95,67500.0,0.6567,0.3684114942528736,0.35727638115162863,20000;40000;60000;80000
config_12,AGR_a,5,w0.95,68500.0,0.6600333333333334,0.3769172413793104,0.3627494917980842,20000;40000;60000;80000
config_12,AGR_a,5,w0.95,69500.0,0.6627333333333333,0.3720045977011494,0.3568194118951866,20000;40000;60000;80000
config_12,AGR_a,5,w0.95,70500.0,0.6529666666666667,0.40783218390804593,0.38282293165145365,20000;40000;60000;80000
config_12,AGR_a,5,w0.95,71500.0,0.6684333333333333,0.39947356321839084,0.3820783635712639,20000;40000;60000;80000
config_12,AGR_a,5,w0.95,72500.0,0.6796333333333333,0.3744390804597702,0.3577050933706816,20000;40000;60000;80000
config_12,AGR_a,5,w0.95,73500.0,0.6801333333333334,0.35818850574712646,0.34463573172074585,20000;40000;60000;80000
config_12,AGR_a,5,w0.95,74500.0,0.6882666666666667,0.3723586206896552,0.3553218013992161,20000;40000;60000;80000
config_12,AGR_a,5,w0.95,75500.0,0.6855333333333333,0.3693241379310345,0.35218283542700307,20000;40000;60000;80000
config_12,AGR_a,5,w0.95,76500.0,0.6950666666666667,0.3665977011494253,0.3510783670755865,20000;40000;60000;80000
config_12,AGR_a,5,w0.95,77500.0,0.6809333333333333,0.3769057471264368,0.3534101545542387,20000;40000;60000;80000
config_12,AGR_a,5,w0.95,78500.0,0.6819,0.38287126436781604,0.3564774785331284,20000;40000;60000;80000
config_12,AGR_a,5,w0.95,79500.0,0.6780333333333334,0.3839103448275863,0.36565565823575036,20000;40000;60000;80000
config_12,AGR_a,5,w0.95,80500.0,0.5423,0.38128045977011493,0.37187109405642865,20000;40000;60000;80000
config_12,AGR_a,5,w0.95,81500.0,0.5599,0.4101448275862069,0.4047392355037253,20000;40000;60000;80000
config_12,AGR_a,5,w0.95,82500.0,0.5600333333333334,0.4232712643678161,0.41942475569602705,20000;40000;60000;80000
config_12,AGR_a,5,w0.95,83500.0,0.5703333333333334,0.40814252873563217,0.4018127275237879,20000;40000;60000;80000
config_12,AGR_a,5,w0.95,84500.0,0.5860666666666666,0.38636781609195403,0.3783812140148855,20000;40000;60000;80000
config_12,AGR_a,5,w0.95,85500.0,0.5881,0.42383678160919547,0.41704127377947803,20000;40000;60000;80000
config_12,AGR_a,5,w0.95,86500.0,0.5999,0.40496781609195404,0.3994139672366321,20000;40000;60000;80000
config_12,AGR_a,5,w0.95,87500.0,0.5918,0.4192,0.4138455824416415,20000;40000;60000;80000
config_12,AGR_a,5,w0.95,88500.0,0.5827333333333333,0.4384551724137931,0.4327960474308301,20000;40000;60000;80000
config_12,AGR_a,5,w0.95,89500.0,0.5982,0.42511264367816093,0.42129382134660676,20000;40000;60000;80000
config_12,AGR_a,5,w0.95,90500.0,0.5832666666666667,0.4557701149425287,0.44656196026935596,20000;40000;60000;80000
config_12,AGR_a,5,w0.95,91500.0,0.5899666666666666,0.4523977011494253,0.446328212387591,20000;40000;60000;80000
config_12,AGR_a,5,w0.95,92500.0,0.5973333333333334,0.4528735632183908,0.4416857567869097,20000;40000;60000;80000
config_12,AGR_a,5,w0.95,93500.0,0.6045,0.43738160919540237,0.42784200992688903,20000;40000;60000;80000
config_12,AGR_a,5,w0.95,94500.0,0.6185,0.4251379310344828,0.41743113602899534,20000;40000;60000;80000
config_12,AGR_a,5,w0.95,95500.0,0.6148666666666667,0.4246022988505747,0.41840352109458884,20000;40000;60000;80000
config_12,AGR_a,5,w0.95,96500.0,0.6285333333333334,0.3955218390804598,0.39075779407212924,20000;40000;60000;80000
config_12,AGR_a,5,w0.95,97500.0,0.6124,0.41493333333333327,0.41002035811202076,20000;40000;60000;80000
config_12,AGR_a,5,w0.95,98500.0,0.6125666666666667,0.41049885057471264,0.4059355807272706,20000;40000;60000;80000
config_12,AGR_a,5,w0.95,99500.0,0.626,0.4098988505747126,0.4017301823026147,20000;40000;60000;80000
config_12,LED_a,5,w0.50,1500.0,0.47736666666666666,0.6069885057471265,0.5773708779135271,20000;40000;60000;80000
config_12,LED_a,5,w0.50,2500.0,0.46086666666666665,0.6074620689655172,0.5774496374500655,20000;40000;60000;80000
config_12,LED_a,5,w0.50,3500.0,0.4650666666666667,0.608264367816092,0.5796704781015241,20000;40000;60000;80000
config_12,LED_a,5,w0.50,4500.0,0.48163333333333336,0.5939126436781609,0.5579764992855847,20000;40000;60000;80000
config_12,LED_a,5,w0.50,5500.0,0.45206666666666667,0.6271632183908046,0.5904720406745071,20000;40000;60000;80000
config_12,LED_a,5,w0.50,6500.0,0.41706666666666664,0.6604229885057471,0.6057010339579069,20000;40000;60000;80000
config_12,LED_a,5,w0.50,7500.0,0.42433333333333334,0.6555379310344828,0.611576234022129,20000;40000;60000;80000
config_12,LED_a,5,w0.50,8500.0,0.43553333333333333,0.6416942528735631,0.6090521191727475,20000;40000;60000;80000
config_12,LED_a,5,w0.50,9500.0,0.4365,0.6296275862068964,0.5979107390096361,20000;40000;60000;80000
config_12,LED_a,5,w0.50,10500.0,0.4569,0.6268413793103447,0.5950280656643842,20000;40000;60000;80000
config_12,LED_a,5,w0.50,11500.0,0.4433666666666667,0.6092321839080459,0.5771899476145768,20000;40000;60000;80000
config_12,LED_a,5,w0.50,12500.0,0.4552333333333333,0.6055862068965517,0.5716415411967808,20000;40000;60000;80000
config_12,LED_a,5,w0.50,13500.0,0.4598333333333333,0.6120344827586206,0.5800953836297207,20000;40000;60000;80000
config_12,LED_a,5,w0.50,14500.0,0.4639333333333333,0.6088114942528735,0.5681450102179837,20000;40000;60000;80000
config_12,LED_a,5,w0.50,15500.0,0.45253333333333334,0.6245816091954023,0.5761760626238464,20000;40000;60000;80000
config_12,LED_a,5,w0.50,16500.0,0.4507,0.6269264367816091,0.5828169629976917,20000;40000;60000;80000
config_12,LED_a,5,w0.50,17500.0,0.5308333333333334,0.506832183908046,0.49227942717870343,20000;40000;60000;80000
config_12,LED_a,5,w0.50,18500.0,0.6044333333333334,0.40027816091954027,0.3779061042783508,20000;40000;60000;80000
config_12,LED_a,5,w0.50,19500.0,0.59,0.41565287356321834,0.38266534498875204,20000;40000;60000;80000
config_12,LED_a,5,w0.50,20500.0,0.4701666666666667,0.5101563218390804,0.4816857207493195,20000;40000;60000;80000
config_12,LED_a,5,w0.50,21500.0,0.4275333333333333,0.5643218390804599,0.5281784980856248,20000;40000;60000;80000
config_12,LED_a,5,w0.50,22500.0,0.4033333333333333,0.6201770114942529,0.5749644555373596,20000;40000;60000;80000
config_12,LED_a,5,w0.50,23500.0,0.41396666666666665,0.633512643678161,0.5902695097156614,20000;40000;60000;80000
config_12,LED_a,5,w0.50,24500.0,0.42923333333333336,0.6298574712643679,0.5892756052141527,20000;40000;60000;80000
config_12,LED_a,5,w0.50,25500.0,0.4405,0.6042574712643678,0.5800022939479201,20000;40000;60000;80000
config_12,LED_a,5,w0.50,26500.0,0.4660666666666667,0.57103908045977,0.5470100019311854,20000;40000;60000;80000
config_12,LED_a,5,w0.50,27500.0,0.4788,0.5816988505747126,0.5481223960780628,20000;40000;60000;80000
config_12,LED_a,5,w0.50,28500.0,0.47086666666666666,0.5868229885057471,0.5527143493540564,20000;40000;60000;80000
config_12,LED_a,5,w0.50,29500.0,0.4714333333333333,0.6081494252873564,0.5724301085188105,20000;40000;60000;80000
config_12,LED_a,5,w0.50,30500.0,0.45463333333333333,0.6177862068965517,0.5874428993948219,20000;40000;60000;80000
config_12,LED_a,5,w0.50,31500.0,0.4773,0.5595724137931034,0.5419181110991063,20000;40000;60000;80000
config_12,LED_a,5,w0.50,32500.0,0.5066666666666667,0.5419057471264368,0.5248342672092378,20000;40000;60000;80000
config_12,LED_a,5,w0.50,33500.0,0.5034666666666666,0.5565333333333333,0.5292389784634979,20000;40000;60000;80000
config_12,LED_a,5,w0.50,34500.0,0.5123,0.5345057471264367,0.5136431659506826,20000;40000;60000;80000
config_12,LED_a,5,w0.50,35500.0,0.5052,0.5376252873563219,0.5078173515018561,20000;40000;60000;80000
config_12,LED_a,5,w0.50,36500.0,0.527,0.4994275862068966,0.4819999490241306,20000;40000;60000;80000
config_12,LED_a,5,w0.50,37500.0,0.5437,0.4990827586206896,0.47689497538390124,20000;40000;60000;80000
config_12,LED_a,5,w0.50,38500.0,0.5544333333333333,0.49142988505747126,0.47199605013881113,20000;40000;60000;80000
config_12,LED_a,5,w0.50,39500.0,0.5456333333333333,0.4804413793103448,0.46015762207045946,20000;40000;60000;80000
config_12,LED_a,5,w0.50,40500.0,0.3759,0.5498436781609196,0.5289871925671326,20000;40000;60000;80000
config_12,LED_a,5,w0.50,41500.0,0.37966666666666665,0.5770022988505746,0.5412339093852467,20000;40000;60000;80000
config_12,LED_a,5,w0.50,42500.0,0.40253333333333335,0.5765379310344828,0.5544030148249657,20000;40000;60000;80000
config_12,LED_a,5,w0.50,43500.0,0.3932333333333333,0.602487356321839,0.5863186767474027,20000;40000;60000;80000
config_12,LED_a,5,w0.50,44500.0,0.40863333333333335,0.6042459770114942,0.5797982821447163,20000;40000;60000;80000
config_12,LED_a,5,w0.50,45500.0,0.4423666666666667,0.5953609195402298,0.5686732938941265,20000;40000;60000;80000
config_12,LED_a,5,w0.50,46500.0,0.4246666666666667,0.6032666666666667,0.5772179143633468,20000;40000;60000;80000
config_12,LED_a,5,w0.50,47500.0,0.4469666666666667,0.6001264367816094,0.569041162699961,20000;40000;60000;80000
config_12,LED_a,5,w0.50,48500.0,0.45913333333333334,0.5962758620689655,0.5608013240454255,20000;40000;60000;80000
config_12,LED_a,5,w0.50,49500.0,0.4658333333333333,0.603367816091954,0.5657208943130603,20000;40000;60000;80000
config_12,LED_a,5,w0.50,50500.0,0.46826666666666666,0.6013793103448276,0.5649618072785689,20000;40000;60000;80000
config_12,LED_a,5,w0.50,51500.0,0.4633333333333333,0.6028390804597702,0.5706647038181397,20000;40000;60000;80000
config_12,LED_a,5,w0.50,52500.0,0.4575666666666667,0.6083793103448275,0.5801223536737236,20000;40000;60000;80000
config_12,LED_a,5,w0.50,53500.0,0.4645666666666667,0.5970137931034484,0.5705471947138515,20000;40000;60000;80000
config_12,LED_a,5,w0.50,54500.0,0.47186666666666666,0.5796758620689655,0.5548085207216629,20000;40000;60000;80000
config_12,LED_a,5,w0.50,55500.0,0.49,0.5746781609195403,0.5464194626189961,20000;40000;60000;80000
config_12,LED_a,5,w0.50,56500.0,0.5092666666666666,0.569593103448276,0.5417106329188781,20000;40000;60000;80000
config_12,LED_a,5,w0.50,57500.0,0.4936,0.5694367816091954,0.5398964655534753,20000;40000;60000;80000
config_12,LED_a,5,w0.50,58500.0,0.49573333333333336,0.5685011494252874,0.5384927652181863,20000;40000;60000;80000
config_12,LED_a,5,w0.50,59500.0,0.499,0.5629080459770115,0.5308826177963166,20000;40000;60000;80000
config_12,LED_a,5,w0.50,60500.0,0.3889666666666667,0.5940229885057471,0.5658030002253388,20000;40000;60000;80000
config_12,LED_a,5,w0.50,61500.0,0.391,0.6030367816091955,0.5755982474054933,20000;40000;60000;80000
config_12,LED_a,5,w0.50,62500.0,0.39913333333333334,0.6122022988505746,0.5851020291993886,20000;40000;60000;80000
config_12,LED_a,5,w0.50,63500.0,0.3971,0.6114298850574712,0.5795299872841727,20000;40000;60000;80000
config_12,LED_a,5,w0.50,64500.0,0.4094,0.6135080459770115,0.5840074317248046,20000;40000;60000;80000
config_12,LED_a,5,w0.50,65500.0,0.4119333333333333,0.6289080459770116,0.5934432609033864,20000;40000;60000;80000
config_12,LED_a,5,w0.50,66500.0,0.4144,0.6392620689655172,0.5956128470593143,20000;40000;60000;80000
config_12,LED_a,5,w0.50,67500.0,0.44893333333333335,0.6094413793103448,0.572890062183633,20000;40000;60000;80000
config_12,LED_a,5,w0.50,68500.0,0.43466666666666665,0.6258275862068966,0.5892017513931537,20000;40000;60000;80000
config_12,LED_a,5,w0.50,69500.0,0.4422333333333333,0.6246712643678161,0.5943787997240745,20000;40000;60000;80000
config_12,LED_a,5,w0.50,70500.0,0.43546666666666667,0.638057471264368,0.5994442367242849,20000;40000;60000;80000
config_12,LED_a,5,w0.50,71500.0,0.44716666666666666,0.63,0.5896658867006509,20000;40000;60000;80000
config_12,LED_a,5,w0.50,72500.0,0.452,0.6202160919540229,0.5882782397968308,20000;40000;60000;80000
config_12,LED_a,5,w0.50,73500.0,0.4589666666666667,0.6166183908045978,0.5865960708438755,20000;40000;60000;80000
config_12,LED_a,5,w0.50,74500.0,0.4628,0.6127885057471264,0.5778395255070257,20000;40000;60000;80000
config_12,LED_a,5,w0.50,75500.0,0.45916666666666667,0.6120827586206896,0.5732912934401214,20000;40000;60000;80000
config_12,LED_a,5,w0.50,76500.0,0.46116666666666667,0.6067057471264369,0.5727088190594248,20000;40000;60000;80000
config_12,LED_a,5,w0.50,77500.0,0.46523333333333333,0.5958666666666667,0.5637795186494433,20000;40000;60000;80000
config_12,LED_a,5,w0.50,78500.0,0.48096666666666665,0.5913011494252873,0.5576788382657438,20000;40000;60000;80000
config_12,LED_a,5,w0.50,79500.0,0.47246666666666665,0.5902068965517242,0.5575851530146839,20000;40000;60000;80000
config_12,LED_a,5,w0.50,80500.0,0.3522666666666667,0.6437540229885058,0.6128004429678847,20000;40000;60000;80000
config_12,LED_a,5,w0.50,81500.0,0.36716666666666664,0.6375149425287356,0.601036213178534,20000;40000;60000;80000
config_12,LED_a,5,w0.50,82500.0,0.371,0.6390298850574712,0.6034297044671891,20000;40000;60000;80000
config_12,LED_a,5,w0.50,83500.0,0.3869666666666667,0.66043908045977,0.6198831936571966,20000;40000;60000;80000
config_12,LED_a,5,w0.50,84500.0,0.38116666666666665,0.6665632183908046,0.6270193784234623,20000;40000;60000;80000
config_12,LED_a,5,w0.50,85500.0,0.40166666666666667,0.6440390804597701,0.6074352562619613,20000;40000;60000;80000
config_12,LED_a,5,w0.50,86500.0,0.3981,0.6527655172413792,0.6129557885141295,20000;40000;60000;80000
config_12,LED_a,5,w0.50,87500.0,0.4107,0.6593264367816092,0.6122137194403376,20000;40000;60000;80000
config_12,LED_a,5,w0.50,88500.0,0.4217,0.650503448275862,0.6056222987245106,20000;40000;60000;80000
config_12,LED_a,5,w0.50,89500.0,0.39726666666666666,0.6685034482758621,0.6262885863312968,20000;40000;60000;80000
config_12,LED_a,5,w0.50,90500.0,0.4175,0.6587287356321839,0.6182394642579038,20000;40000;60000;80000
config_12,LED_a,5,w0.50,91500.0,0.4110333333333333,0.6636183908045976,0.6157102607910769,20000;40000;60000;80000
config_12,LED_a,5,w0.50,92500.0,0.39836666666666665,0.6748344827586206,0.6330418533431633,20000;40000;60000;80000
config_12,LED_a,5,w0.50,93500.0,0.4051666666666667,0.6754160919540231,0.6247665229644978,20000;40000;60000;80000
config_12,LED_a,5,w0.50,94500.0,0.4059,0.6732275862068965,0.6251452803483941,20000;40000;60000;80000
config_12,LED_a,5,w0.50,95500.0,0.41373333333333334,0.6676252873563219,0.6247452433534357,20000;40000;60000;80000
config_12,LED_a,5,w0.50,96500.0,0.4345,0.6528413793103448,0.6057008287910144,20000;40000;60000;80000
config_12,LED_a,5,w0.50,97500.0,0.42596666666666666,0.6660919540229885,0.6137820724354275,20000;40000;60000;80000
config_12,LED_a,5,w0.50,98500.0,0.44156666666666666,0.6566781609195403,0.603191896830077,20000;40000;60000;80000
config_12,LED_a,5,w0.50,99500.0,0.43443333333333334,0.6540045977011495,0.602382286333202,20000;40000;60000;80000
config_12,LED_a,5,w0.75,1500.0,0.47746666666666665,0.6057908045977012,0.5764712786853831,20000;40000;60000;80000
config_12,LED_a,5,w0.75,2500.0,0.4593333333333333,0.6094321839080459,0.5767901074503422,20000;40000;60000;80000
config_12,LED_a,5,w0.75,3500.0,0.4622,0.6147471264367815,0.584719037663958,20000;40000;60000;80000
config_12,LED_a,5,w0.75,4500.0,0.48513333333333336,0.5918850574712644,0.559345798631476,20000;40000;60000;80000
config_12,LED_a,5,w0.75,5500.0,0.4560666666666667,0.6256758620689655,0.5960625463686273,20000;40000;60000;80000
config_12,LED_a,5,w0.75,6500.0,0.41223333333333334,0.6722482758620689,0.6150005308085623,20000;40000;60000;80000
config_12,LED_a,5,w0.75,7500.0,0.4342,0.6540344827586206,0.6140348083633911,20000;40000;60000;80000
config_12,LED_a,5,w0.75,8500.0,0.4498666666666667,0.6448620689655172,0.6112168564753977,20000;40000;60000;80000
config_12,LED_a,5,w0.75,9500.0,0.43483333333333335,0.6396413793103449,0.6041841358164888,20000;40000;60000;80000
config_12,LED_a,5,w0.75,10500.0,0.4538,0.6325080459770114,0.5965945416848345,20000;40000;60000;80000
config_12,LED_a,5,w0.75,11500.0,0.43953333333333333,0.6204804597701149,0.5862266647425434,20000;40000;60000;80000
config_12,LED_a,5,w0.75,12500.0,0.4539,0.6159057471264368,0.5762979484879662,20000;40000;60000;80000
config_12,LED_a,5,w0.75,13500.0,0.4472333333333333,0.6310022988505747,0.5893954805903053,20000;40000;60000;80000
config_12,LED_a,5,w0.75,14500.0,0.47983333333333333,0.591767816091954,0.5640398190687081,20000;40000;60000;80000
config_12,LED_a,5,w0.75,15500.0,0.5946666666666667,0.4053471264367815,0.3868295808136408,20000;40000;60000;80000
config_12,LED_a,5,w0.75,16500.0,0.5791333333333334,0.4247747126436781,0.39629972600146196,20000;40000;60000;80000
config_12,LED_a,5,w0.75,17500.0,0.5781,0.44301149425287356,0.40721638731103865,20000;40000;60000;80000
config_12,LED_a,5,w0.75,18500.0,0.5537666666666666,0.480816091954023,0.42339017149428254,20000;40000;60000;80000
config_12,LED_a,5,w0.75,19500.0,0.5142666666666666,0.533248275862069,0.47335073400673394,20000;40000;60000;80000
config_12,LED_a,5,w0.75,20500.0,0.4018333333333333,0.6120666666666668,0.5783835496107007,20000;40000;60000;80000
config_12,LED_a,5,w0.75,21500.0,0.39776666666666666,0.6228988505747127,0.5972225862301337,20000;40000;60000;80000
config_12,LED_a,5,w0.75,22500.0,0.42636666666666667,0.6087540229885058,0.5837864332523037,20000;40000;60000;80000
config_12,LED_a,5,w0.75,23500.0,0.4362,0.6000344827586207,0.5714554225301552,20000;40000;60000;80000
config_12,LED_a,5,w0.75,24500.0,0.4648,0.5741011494252873,0.5530055362710121,20000;40000;60000;80000
config_12,LED_a,5,w0.75,25500.0,0.46453333333333335,0.5803793103448277,0.5544597093046665,20000;40000;60000;80000
config_12,LED_a,5,w0.75,26500.0,0.5038,0.5259540229885058,0.5066282632658471,20000;40000;60000;80000
config_12,LED_a,5,w0.75,27500.0,0.5268,0.5101080459770114,0.48169430403669605,20000;40000;60000;80000
config_12,LED_a,5,w0.75,28500.0,0.5021333333333333,0.533,0.491419177716222,20000;40000;60000;80000
config_12,LED_a,5,w0.75,29500.0,0.5244,0.5349816091954023,0.49394786593331513,20000;40000;60000;80000
config_12,LED_a,5,w0.75,30500.0,0.5315666666666666,0.5288275862068966,0.49633974401266756,20000;40000;60000;80000
config_12,LED_a,5,w0.75,31500.0,0.5177333333333334,0.5339908045977012,0.5004584147607045,20000;40000;60000;80000
config_12,LED_a,5,w0.75,32500.0,0.5312333333333333,0.5173885057471265,0.4890855166523233,20000;40000;60000;80000
config_12,LED_a,5,w0.75,33500.0,0.5473666666666667,0.5046919540229885,0.4781338893306458,20000;40000;60000;80000
config_12,LED_a,5,w0.75,34500.0,0.5438333333333333,0.5021218390804598,0.48314938471283525,20000;40000;60000;80000
config_12,LED_a,5,w0.75,35500.0,0.5416666666666666,0.49068965517241375,0.4694259597355176,20000;40000;60000;80000
config_12,LED_a,5,w0.75,36500.0,0.5464666666666667,0.4755080459770115,0.45949779519843204,20000;40000;60000;80000
config_12,LED_a,5,w0.75,37500.0,0.5637666666666666,0.4717034482758621,0.45283945336592274,20000;40000;60000;80000
config_12,LED_a,5,w0.75,38500.0,0.5714666666666667,0.4701885057471264,0.4538359132080572,20000;40000;60000;80000
config_12,LED_a,5,w0.75,39500.0,0.5457333333333333,0.4883770114942529,0.46412526385622094,20000;40000;60000;80000
config_12,LED_a,5,w0.75,40500.0,0.38653333333333334,0.5472114942528736,0.520172962880554,20000;40000;60000;80000
config_12,LED_a,5,w0.75,41500.0,0.3952,0.5681241379310343,0.5393090041913571,20000;40000;60000;80000
config_12,LED_a,5,w0.75,42500.0,0.4223,0.5760367816091954,0.5523138260877419,20000;40000;60000;80000
config_12,LED_a,5,w0.75,43500.0,0.4101,0.6100735632183908,0.5849552391541784,20000;40000;60000;80000
config_12,LED_a,5,w0.75,44500.0,0.4306333333333333,0.597032183908046,0.5708914069703116,20000;40000;60000;80000
config_12,LED_a,5,w0.75,45500.0,0.4728,0.5746551724137932,0.5496369845464008,20000;40000;60000;80000
config_12,LED_a,5,w0.75,46500.0,0.4465,0.5933218390804599,0.5668687141035189,20000;40000;60000;80000
config_12,LED_a,5,w0.75,47500.0,0.4538,0.6108505747126437,0.57296046271323,20000;40000;60000;80000
config_12,LED_a,5,w0.75,48500.0,0.4644,0.6095218390804598,0.5648882688289465,20000;40000;60000;80000
config_12,LED_a,5,w0.75,49500.0,0.4869,0.582432183908046,0.5514929679020002,20000;40000;60000;80000
config_12,LED_a,5,w0.75,50500.0,0.489,0.579735632183908,0.5551520607626171,20000;40000;60000;80000
config_12,LED_a,5,w0.75,51500.0,0.4856333333333333,0.5772988505747128,0.5439344979857452,20000;40000;60000;80000
config_12,LED_a,5,w0.75,52500.0,0.48236666666666667,0.579567816091954,0.5489189852376618,20000;40000;60000;80000
config_12,LED_a,5,w0.75,53500.0,0.48683333333333334,0.5628068965517241,0.5338711754494636,20000;40000;60000;80000
config_12,LED_a,5,w0.75,54500.0,0.4831666666666667,0.556696551724138,0.5269193795598062,20000;40000;60000;80000
config_12,LED_a,5,w0.75,55500.0,0.5085666666666666,0.5548183908045977,0.5302375448271922,20000;40000;60000;80000
config_12,LED_a,5,w0.75,56500.0,0.5186,0.5563563218390805,0.5185531964834416,20000;40000;60000;80000
config_12,LED_a,5,w0.75,57500.0,0.51,0.5509402298850574,0.5206457920597344,20000;40000;60000;80000
config_12,LED_a,5,w0.75,58500.0,0.5057666666666667,0.5604873563218391,0.522236538560629,20000;40000;60000;80000
config_12,LED_a,5,w0.75,59500.0,0.5125666666666666,0.5502206896551725,0.5184462786873526,20000;40000;60000;80000
config_12,LED_a,5,w0.75,60500.0,0.40636666666666665,0.5857747126436782,0.5433784285914058,20000;40000;60000;80000
config_12,LED_a,5,w0.75,61500.0,0.40563333333333335,0.5978551724137932,0.5490398408326881,20000;40000;60000;80000
config_12,LED_a,5,w0.75,62500.0,0.4157,0.6034183908045976,0.5590384304207119,20000;40000;60000;80000
config_12,LED_a,5,w0.75,63500.0,0.4204,0.5863034482758621,0.5507280259569266,20000;40000;60000;80000
config_12,LED_a,5,w0.75,64500.0,0.4337666666666667,0.5909563218390804,0.5578794490028799,20000;40000;60000;80000
config_12,LED_a,5,w0.75,65500.0,0.43893333333333334,0.5959241379310344,0.5677915253619225,20000;40000;60000;80000
config_12,LED_a,5,w0.75,66500.0,0.4388,0.6053011494252873,0.569043698736422,20000;40000;60000;80000
config_12,LED_a,5,w0.75,67500.0,0.4639666666666667,0.5907402298850576,0.5579841656311918,20000;40000;60000;80000
config_12,LED_a,5,w0.75,68500.0,0.4601,0.5868597701149426,0.5610467356734915,20000;40000;60000;80000
config_12,LED_a,5,w0.75,69500.0,0.4606,0.5896528735632185,0.5620432811665917,20000;40000;60000;80000
config_12,LED_a,5,w0.75,70500.0,0.46066666666666667,0.5951563218390805,0.5626000473296766,20000;40000;60000;80000
config_12,LED_a,5,w0.75,71500.0,0.4663333333333333,0.5953816091954023,0.5642563075158155,20000;40000;60000;80000
config_12,LED_a,5,w0.75,72500.0,0.4709333333333333,0.5858574712643678,0.5537989802693598,20000;40000;60000;80000
config_12,LED_a,5,w0.75,73500.0,0.47096666666666664,0.5893448275862069,0.558892103071572,20000;40000;60000;80000
config_12,LED_a,5,w0.75,74500.0,0.46923333333333334,0.6010827586206897,0.5634178518636057,20000;40000;60000;80000
config_12,LED_a,5,w0.75,75500.0,0.45513333333333333,0.6154436781609196,0.5757060200610249,20000;40000;60000;80000
config_12,LED_a,5,w0.75,76500.0,0.473,0.5972827586206896,0.5618496786606082,20000;40000;60000;80000
config_12,LED_a,5,w0.75,77500.0,0.47723333333333334,0.583303448275862,0.5526185834601087,20000;40000;60000;80000
config_12,LED_a,5,w0.75,78500.0,0.4829333333333333,0.5904114942528734,0.5588379235558872,20000;40000;60000;80000
config_12,LED_a,5,w0.75,79500.0,0.48133333333333334,0.5785862068965517,0.5455805171780914,20000;40000;60000;80000
config_12,LED_a,5,w0.75,80500.0,0.3727,0.632544827586207,0.6038004339955161,20000;40000;60000;80000
config_12,LED_a,5,w0.75,81500.0,0.3788666666666667,0.6390022988505747,0.6120025580316244,20000;40000;60000;80000
config_12,LED_a,5,w0.75,82500.0,0.3833666666666667,0.637977011494253,0.6108536934111298,20000;40000;60000;80000
config_12,LED_a,5,w0.75,83500.0,0.40863333333333335,0.6310781609195403,0.6044488882987957,20000;40000;60000;80000
config_12,LED_a,5,w0.75,84500.0,0.4028333333333333,0.6324505747126438,0.6041212080688797,20000;40000;60000;80000
config_12,LED_a,5,w0.75,85500.0,0.41746666666666665,0.6254804597701149,0.5942187123362234,20000;40000;60000;80000
config_12,LED_a,5,w0.75,86500.0,0.3996,0.6536459770114943,0.6115903814262024,20000;40000;60000;80000
config_12,LED_a,5,w0.75,87500.0,0.4131,0.6547793103448277,0.6084322470161955,20000;40000;60000;80000
config_12,LED_a,5,w0.75,88500.0,0.4179,0.6514597701149425,0.6061344238251409,20000;40000;60000;80000
config_12,LED_a,5,w0.75,89500.0,0.40346666666666664,0.6506505747126438,0.6111712882302316,20000;40000;60000;80000
config_12,LED_a,5,w0.75,90500.0,0.4247666666666667,0.646622988505747,0.6054902813121962,20000;40000;60000;80000
config_12,LED_a,5,w0.75,91500.0,0.43216666666666664,0.6387862068965516,0.5892601076734229,20000;40000;60000;80000
config_12,LED_a,5,w0.75,92500.0,0.4337666666666667,0.6329057471264369,0.5907533766740594,20000;40000;60000;80000
config_12,LED_a,5,w0.75,93500.0,0.4321333333333333,0.6393379310344827,0.5940440727146947,20000;40000;60000;80000
config_12,LED_a,5,w0.75,94500.0,0.43976666666666664,0.6290896551724138,0.582289138549028,20000;40000;60000;80000
config_12,LED_a,5,w0.75,95500.0,0.44533333333333336,0.6351333333333333,0.5924838316046369,20000;40000;60000;80000
config_12,LED_a,5,w0.75,96500.0,0.4555666666666667,0.6264160919540229,0.5797440250521186,20000;40000;60000;80000
config_12,LED_a,5,w0.75,97500.0,0.4495,0.6336965517241379,0.5875368398233205,20000;40000;60000;80000
config_12,LED_a,5,w0.75,98500.0,0.45526666666666665,0.6355931034482759,0.5881525686707862,20000;40000;60000;80000
config_12,LED_a,5,w0.75,99500.0,0.4469,0.6324505747126437,0.5841321302881444,20000;40000;60000;80000
config_12,LED_a,5,w0.95,1500.0,0.47813333333333335,0.604248275862069,0.5761604950989325,20000;40000;60000;80000
config_12,LED_a,5,w0.95,2500.0,0.4598,0.610032183908046,0.5799954741597276,20000;40000;60000;80000
config_12,LED_a,5,w0.95,3500.0,0.4609,0.616503448275862,0.5875740094765914,20000;40000;60000;80000
config_12,LED_a,5,w0.95,4500.0,0.4816,0.5930620689655173,0.5559719744124425,20000;40000;60000;80000
config_12,LED_a,5,w0.95,5500.0,0.4448,0.6355632183908047,0.5987167935472176,20000;40000;60000;80000
config_12,LED_a,5,w0.95,6500.0,0.41383333333333333,0.6679839080459771,0.612194563753407,20000;40000;60000;80000
config_12,LED_a,5,w0.95,7500.0,0.4286333333333333,0.6585931034482758,0.6126148434021078,20000;40000;60000;80000
config_12,LED_a,5,w0.95,8500.0,0.4469666666666667,0.6403126436781609,0.6037907429475925,20000;40000;60000;80000
config_12,LED_a,5,w0.95,9500.0,0.4463,0.6347264367816092,0.6012639672621506,20000;40000;60000;80000
config_12,LED_a,5,w0.95,10500.0,0.46216666666666667,0.6213701149425287,0.5903139750135609,20000;40000;60000;80000
config_12,LED_a,5,w0.95,11500.0,0.44653333333333334,0.6059172413793104,0.5730149180941765,20000;40000;60000;80000
config_12,LED_a,5,w0.95,12500.0,0.4424,0.6242528735632186,0.5754907419196421,20000;40000;60000;80000
config_12,LED_a,5,w0.95,13500.0,0.4543,0.6176827586206897,0.5751075813288167,20000;40000;60000;80000
config_12,LED_a,5,w0.95,14500.0,0.4824333333333333,0.584735632183908,0.5574355234724149,20000;40000;60000;80000
config_12,LED_a,5,w0.95,15500.0,0.5959666666666666,0.3949241379310344,0.3753737005361372,20000;40000;60000;80000
config_12,LED_a,5,w0.95,16500.0,0.5819,0.4073402298850574,0.3817084525075635,20000;40000;60000;80000
config_12,LED_a,5,w0.95,17500.0,0.5880666666666666,0.41241149425287355,0.38562548934096097,20000;40000;60000;80000
config_12,LED_a,5,w0.95,18500.0,0.5724333333333333,0.449216091954023,0.409148237874646,20000;40000;60000;80000
config_12,LED_a,5,w0.95,19500.0,0.5335333333333333,0.5008735632183908,0.4528788787101045,20000;40000;60000;80000
config_12,LED_a,5,w0.95,20500.0,0.4267,0.5795241379310344,0.542544067541616,20000;40000;60000;80000
config_12,LED_a,5,w0.95,21500.0,0.43046666666666666,0.5819954022988506,0.553311494568345,20000;40000;60000;80000
config_12,LED_a,5,w0.95,22500.0,0.4186666666666667,0.6219609195402299,0.5900040382530958,20000;40000;60000;80000
config_12,LED_a,5,w0.95,23500.0,0.4627,0.5768804597701149,0.5525781316348196,20000;40000;60000;80000
config_12,LED_a,5,w0.95,24500.0,0.47463333333333335,0.5770160919540229,0.5542497687906575,20000;40000;60000;80000
config_12,LED_a,5,w0.95,25500.0,0.4829,0.5728873563218391,0.5426899638846135,20000;40000;60000;80000
config_12,LED_a,5,w0.95,26500.0,0.5029666666666667,0.5305977011494253,0.5082840569385074,20000;40000;60000;80000
config_12,LED_a,5,w0.95,27500.0,0.5190333333333333,0.5161448275862068,0.4938489934650835,20000;40000;60000;80000
config_12,LED_a,5,w0.95,28500.0,0.4992,0.5304597701149425,0.5053663541570415,20000;40000;60000;80000
config_12,LED_a,5,w0.95,29500.0,0.5089,0.5453011494252873,0.5220191118328157,20000;40000;60000;80000
config_12,LED_a,5,w0.95,30500.0,0.5219333333333334,0.5292091954022989,0.501809941796233,20000;40000;60000;80000
config_12,LED_a,5,w0.95,31500.0,0.5132333333333333,0.5322436781609196,0.5021380509968805,20000;40000;60000;80000
config_12,LED_a,5,w0.95,32500.0,0.5300666666666667,0.5128850574712644,0.48354126776111506,20000;40000;60000;80000
config_12,LED_a,5,w0.95,33500.0,0.5519,0.4947816091954023,0.4724793634676868,20000;40000;60000;80000
config_12,LED_a,5,w0.95,34500.0,0.553,0.4804183908045977,0.46177842805918473,20000;40000;60000;80000
config_12,LED_a,5,w0.95,35500.0,0.544,0.48226436781609194,0.4638561170646793,20000;40000;60000;80000
config_12,LED_a,5,w0.95,36500.0,0.5413666666666667,0.47874252873563217,0.4617507306005143,20000;40000;60000;80000
config_12,LED_a,5,w0.95,37500.0,0.5637,0.46229425287356324,0.43836652363911843,20000;40000;60000;80000
config_12,LED_a,5,w0.95,38500.0,0.5713666666666667,0.4538965517241379,0.4304072889097346,20000;40000;60000;80000
config_12,LED_a,5,w0.95,39500.0,0.5487333333333333,0.4796620689655173,0.4487510643760935,20000;40000;60000;80000
config_12,LED_a,5,w0.95,40500.0,0.38066666666666665,0.542880459770115,0.5099774943663067,20000;40000;60000;80000
config_12,LED_a,5,w0.95,41500.0,0.3950666666666667,0.5634942528735633,0.5267973238730576,20000;40000;60000;80000
config_12,LED_a,5,w0.95,42500.0,0.4200333333333333,0.5802344827586207,0.5457103314235183,20000;40000;60000;80000
config_12,LED_a,5,w0.95,43500.0,0.4097,0.609080459770115,0.5787485854151596,20000;40000;60000;80000
config_12,LED_a,5,w0.95,44500.0,0.41,0.6206390804597701,0.5829219957048783,20000;40000;60000;80000
config_12,LED_a,5,w0.95,45500.0,0.4481,0.6096298850574712,0.5710299941575661,20000;40000;60000;80000
config_12,LED_a,5,w0.95,46500.0,0.4211,0.6270712643678161,0.5975892810228568,20000;40000;60000;80000
config_12,LED_a,5,w0.95,47500.0,0.4253,0.6540229885057471,0.6136951712920605,20000;40000;60000;80000
config_12,LED_a,5,w0.95,48500.0,0.44093333333333334,0.6393494252873564,0.6056595049581059,20000;40000;60000;80000
config_12,LED_a,5,w0.95,49500.0,0.4669,0.5969977011494252,0.5760517911668029,20000;40000;60000;80000
config_12,LED_a,5,w0.95,50500.0,0.45276666666666665,0.620616091954023,0.5909442905007698,20000;40000;60000;80000
config_12,LED_a,5,w0.95,51500.0,0.4584666666666667,0.6135977011494252,0.585708970380074,20000;40000;60000;80000
config_12,LED_a,5,w0.95,52500.0,0.4584666666666667,0.606328735632184,0.5785726552642646,20000;40000;60000;80000
config_12,LED_a,5,w0.95,53500.0,0.46736666666666665,0.5899356321839081,0.5585259572566094,20000;40000;60000;80000
config_12,LED_a,5,w0.95,54500.0,0.4612,0.5863931034482759,0.5571705475194462,20000;40000;60000;80000
config_12,LED_a,5,w0.95,55500.0,0.4948666666666667,0.5664551724137932,0.5396556180152738,20000;40000;60000;80000
config_12,LED_a,5,w0.95,56500.0,0.5047,0.5748735632183908,0.5307906791685122,20000;40000;60000;80000
config_12,LED_a,5,w0.95,57500.0,0.5055333333333333,0.5558459770114943,0.5174195851948713,20000;40000;60000;80000
config_12,LED_a,5,w0.95,58500.0,0.5142,0.5467586206896552,0.513018491030154,20000;40000;60000;80000
config_12,LED_a,5,w0.95,59500.0,0.5074,0.5497241379310345,0.5210014130676479,20000;40000;60000;80000
config_12,LED_a,5,w0.95,60500.0,0.39826666666666666,0.6002022988505746,0.5559244902037082,20000;40000;60000;80000
config_12,LED_a,5,w0.95,61500.0,0.4083333333333333,0.5860781609195402,0.5482458782959102,20000;40000;60000;80000
config_12,LED_a,5,w0.95,62500.0,0.41673333333333334,0.6002160919540229,0.5610357382484114,20000;40000;60000;80000
config_12,LED_a,5,w0.95,63500.0,0.4167,0.587632183908046,0.5537517359614593,20000;40000;60000;80000
config_12,LED_a,5,w0.95,64500.0,0.4318,0.5805172413793104,0.5507249727253875,20000;40000;60000;80000
config_12,LED_a,5,w0.95,65500.0,0.4306333333333333,0.6005057471264367,0.5674604697916569,20000;40000;60000;80000
config_12,LED_a,5,w0.95,66500.0,0.4397333333333333,0.6050275862068965,0.5676606881744313,20000;40000;60000;80000
config_12,LED_a,5,w0.95,67500.0,0.44816666666666666,0.6100114942528736,0.5699276119671012,20000;40000;60000;80000
config_12,LED_a,5,w0.95,68500.0,0.4429,0.6147770114942529,0.5826216652303856,20000;40000;60000;80000
config_12,LED_a,5,w0.95,69500.0,0.46086666666666665,0.5953747126436781,0.5672379208997316,20000;40000;60000;80000
config_12,LED_a,5,w0.95,70500.0,0.4616,0.5911195402298851,0.5617623627642864,20000;40000;60000;80000
config_12,LED_a,5,w0.95,71500.0,0.48,0.5744850574712644,0.5433095092313488,20000;40000;60000;80000
config_12,LED_a,5,w0.95,72500.0,0.466,0.6015931034482759,0.5654770564815439,20000;40000;60000;80000
config_12,LED_a,5,w0.95,73500.0,0.46773333333333333,0.5991747126436782,0.5643179111048351,20000;40000;60000;80000
config_12,LED_a,5,w0.95,74500.0,0.47086666666666666,0.5951724137931034,0.5566172834445555,20000;40000;60000;80000
config_12,LED_a,5,w0.95,75500.0,0.46703333333333336,0.5927908045977012,0.5568732203501872,20000;40000;60000;80000
config_12,LED_a,5,w0.95,76500.0,0.4731,0.5935149425287357,0.5589685196772333,20000;40000;60000;80000
config_12,LED_a,5,w0.95,77500.0,0.471,0.5884988505747125,0.5539782814127986,20000;40000;60000;80000
config_12,LED_a,5,w0.95,78500.0,0.4825333333333333,0.5844827586206897,0.5524704946913831,20000;40000;60000;80000
config_12,LED_a,5,w0.95,79500.0,0.4845333333333333,0.5803448275862069,0.5464798962486933,20000;40000;60000;80000
config_12,LED_a,5,w0.95,80500.0,0.3737333333333333,0.6391034482758622,0.5984791713765572,20000;40000;60000;80000
config_12,LED_a,5,w0.95,81500.0,0.38376666666666664,0.633248275862069,0.5951432264616946,20000;40000;60000;80000
config_12,LED_a,5,w0.95,82500.0,0.39376666666666665,0.6262666666666666,0.5898984667326137,20000;40000;60000;80000
config_12,LED_a,5,w0.95,83500.0,0.4077,0.6530183908045977,0.6027702269849209,20000;40000;60000;80000
config_12,LED_a,5,w0.95,84500.0,0.3998333333333333,0.6576643678160918,0.6104273059340755,20000;40000;60000;80000
config_12,LED_a,5,w0.95,85500.0,0.4208,0.6408367816091954,0.5936579768625269,20000;40000;60000;80000
config_12,LED_a,5,w0.95,86500.0,0.4164333333333333,0.6471356321839081,0.6018552404312943,20000;40000;60000;80000
config_12,LED_a,5,w0.95,87500.0,0.4225,0.6496229885057472,0.6004323485104682,20000;40000;60000;80000
config_12,LED_a,5,w0.95,88500.0,0.4383666666666667,0.6277999999999999,0.58684286176457,20000;40000;60000;80000
config_12,LED_a,5,w0.95,89500.0,0.42586666666666667,0.6385241379310344,0.5994819089055595,20000;40000;60000;80000
config_12,LED_a,5,w0.95,90500.0,0.44693333333333335,0.6249080459770114,0.5799982673645087,20000;40000;60000;80000
config_12,LED_a,5,w0.95,91500.0,0.44716666666666666,0.6157402298850576,0.5708100488660568,20000;40000;60000;80000
config_12,LED_a,5,w0.95,92500.0,0.44153333333333333,0.6172735632183908,0.5682921396503267,20000;40000;60000;80000
config_12,LED_a,5,w0.95,93500.0,0.4477333333333333,0.6195333333333334,0.5674096581757979,20000;40000;60000;80000
config_12,LED_a,5,w0.95,94500.0,0.4307,0.6393609195402298,0.5803577375265652,20000;40000;60000;80000
config_12,LED_a,5,w0.95,95500.0,0.4403666666666667,0.6422275862068965,0.5859007496912192,20000;40000;60000;80000
config_12,LED_a,5,w0.95,96500.0,0.46126666666666666,0.626735632183908,0.5728876318833469,20000;40000;60000;80000
config_12,LED_a,5,w0.95,97500.0,0.44783333333333336,0.640632183908046,0.5860717477978673,20000;40000;60000;80000
config_12,LED_a,5,w0.95,98500.0,0.4605,0.6322965517241379,0.573498422092493,20000;40000;60000;80000
config_12,LED_a,5,w0.95,99500.0,0.45353333333333334,0.6282666666666668,0.5692738865456106,20000;40000;60000;80000
config_12,AGR_g,5,w0.50,1500.0,0.7637333333333334,0.2905379310344828,0.258670585655238,20000;28000;43000;50000;70000;72000;79000
config_12,AGR_g,5,w0.50,2500.0,0.7701,0.2847241379310345,0.25274099302000247,20000;28000;43000;50000;70000;72000;79000
config_12,AGR_g,5,w0.50,3500.0,0.7740666666666667,0.26433103448275863,0.24081976313178885,20000;28000;43000;50000;70000;72000;79000
config_12,AGR_g,5,w0.50,4500.0,0.7692666666666667,0.2601011494252874,0.2367591734128369,20000;28000;43000;50000;70000;72000;79000
config_12,AGR_g,5,w0.50,5500.0,0.7884666666666666,0.2515954022988506,0.22871351310097449,20000;28000;43000;50000;70000;72000;79000
config_12,AGR_g,5,w0.50,6500.0,0.7753333333333333,0.2741103448275862,0.2466149014410177,20000;28000;43000;50000;70000;72000;79000
config_12,AGR_g,5,w0.50,7500.0,0.7603666666666666,0.2948620689655172,0.2649580762638442,20000;28000;43000;50000;70000;72000;79000
config_12,AGR_g,5,w0.50,8500.0,0.7690333333333333,0.2954091954022989,0.2647874262796084,20000;28000;43000;50000;70000;72000;79000
config_12,AGR_g,5,w0.50,9500.0,0.7625,0.279864367816092,0.2510828899219768,20000;28000;43000;50000;70000;72000;79000
config_12,AGR_g,5,w0.50,10500.0,0.7953333333333333,0.23727816091954024,0.21941737724298646,20000;28000;43000;50000;70000;72000;79000
config_12,AGR_g,5,w0.50,11500.0,0.7707333333333334,0.2535586206896552,0.23537098386405825,20000;28000;43000;50000;70000;72000;79000
config_12,AGR_g,5,w0.50,12500.0,0.7807,0.2632298850574713,0.2387694473564912,20000;28000;43000;50000;70000;72000;79000
config_12,AGR_g,5,w0.50,13500.0,0.7868,0.24809655172413791,0.22888682157636045,20000;28000;43000;50000;70000;72000;79000
config_12,AGR_g,5,w0.50,14500.0,0.7689333333333334,0.2779034482758621,0.24933991140044232,20000;28000;43000;50000;70000;72000;79000
config_12,AGR_g,5,w0.50,15500.0,0.7754666666666666,0.28033103448275865,0.251971594609851,20000;28000;43000;50000;70000;72000;79000
config_12,AGR_g,5,w0.50,16500.0,0.7740666666666667,0.259935632183908,0.2348772837752469,20000;28000;43000;50000;70000;72000;79000
config_12,AGR_g,5,w0.50,17500.0,0.7783,0.24950114942528734,0.23038625155648734,20000;28000;43000;50000;70000;72000;79000
config_12,AGR_g,5,w0.50,18500.0,0.7770333333333334,0.264448275862069,0.24122791024342938,20000;28000;43000;50000;70000;72000;79000
config_12,AGR_g,5,w0.50,19500.0,0.7243666666666667,0.27366666666666667,0.2478241743192854,20000;28000;43000;50000;70000;72000;79000
config_12,AGR_g,5,w0.50,20500.0,0.5126666666666667,0.3548873563218391,0.3325978110298857,20000;28000;43000;50000;70000;72000;79000
config_12,AGR_g,5,w0.50,21500.0,0.5271,0.4632758620689655,0.45401343696995156,20000;28000;43000;50000;70000;72000;79000
config_12,AGR_g,5,w0.50,22500.0,0.5275666666666666,0.432383908045977,0.42549929124091906,20000;28000;43000;50000;70000;72000;79000
config_12,AGR_g,5,w0.50,23500.0,0.5185666666666666,0.40830114942528734,0.4004839988009154,20000;28000;43000;50000;70000;72000;79000
config_12,AGR_g,5,w0.50,24500.0,0.5545333333333333,0.4492367816091954,0.4444629894155929,20000;28000;43000;50000;70000;72000;79000
config_12,AGR_g,5,w0.50,25500.0,0.5856,0.4474528735632184,0.44106371057396054,20000;28000;43000;50000;70000;72000;79000
config_12,AGR_g,5,w0.50,26500.0,0.5804666666666667,0.44475402298850575,0.4376143841200752,20000;28000;43000;50000;70000;72000;79000
config_12,AGR_g,5,w0.50,27500.0,0.5867333333333333,0.43508045977011495,0.42980915198724773,20000;28000;43000;50000;70000;72000;79000
config_12,AGR_g,5,w0.50,28500.0,0.5138666666666667,0.43140229885057463,0.42841104223527776,20000;28000;43000;50000;70000;72000;79000
config_12,AGR_g,5,w0.50,29500.0,0.5230666666666667,0.4709471264367816,0.4695569250937228,20000;28000;43000;50000;70000;72000;79000
config_12,AGR_g,5,w0.50,30500.0,0.5481,0.47965287356321834,0.4766022639989859,20000;28000;43000;50000;70000;72000;79000
config_12,AGR_g,5,w0.50,31500.0,0.5488666666666666,0.48298850574712643,0.4790129761343834,20000;28000;43000;50000;70000;72000;79000
config_12,AGR_g,5,w0.50,32500.0,0.5592,0.47805977011494255,0.47250526300673495,20000;28000;43000;50000;70000;72000;79000
config_12,AGR_g,5,w0.50,33500.0,0.5735333333333333,0.4671862068965517,0.46018686178773816,20000;28000;43000;50000;70000;72000;79000
config_12,AGR_g,5,w0.50,34500.0,0.5768666666666666,0.4742022988505747,0.4646421399477666,20000;28000;43000;50000;70000;72000;79000
config_12,AGR_g,5,w0.50,35500.0,0.5917333333333333,0.4629011494252873,0.4521658850328287,20000;28000;43000;50000;70000;72000;79000
config_12,AGR_g,5,w0.50,36500.0,0.5915333333333334,0.46697011494252877,0.4563476382174112,20000;28000;43000;50000;70000;72000;79000
config_12,AGR_g,5,w0.50,37500.0,0.5892666666666667,0.46876781609195406,0.4577642025211499,20000;28000;43000;50000;70000;72000;79000
config_12,AGR_g,5,w0.50,38500.0,0.6080333333333333,0.4533586206896552,0.43992344881215756,20000;28000;43000;50000;70000;72000;79000
config_12,AGR_g,5,w0.50,39500.0,0.6052333333333333,0.4536206896551724,0.44010841119224364,20000;28000;43000;50000;70000;72000;79000
config_12,AGR_g,5,w0.50,40500.0,0.6030666666666666,0.46055172413793105,0.4457125379245702,20000;28000;43000;50000;70000;72000;79000
config_12,AGR_g,5,w0.50,41500.0,0.6044333333333334,0.4581402298850575,0.4430973585737645,20000;28000;43000;50000;70000;72000;79000
config_12,AGR_g,5,w0.50,42500.0,0.5856666666666667,0.44856551724137933,0.4337956387323317,20000;28000;43000;50000;70000;72000;79000
config_12,AGR_g,5,w0.50,43500.0,0.5139,0.45115632183908044,0.44280934460213683,20000;28000;43000;50000;70000;72000;79000
config_12,AGR_g,5,w0.50,44500.0,0.5015,0.45579080459770116,0.4506949537044817,20000;28000;43000;50000;70000;72000;79000
config_12,AGR_g,5,w0.50,45500.0,0.5224333333333333,0.46677471264367815,0.46399236489442075,20000;28000;43000;50000;70000;72000;79000
config_12,AGR_g,5,w0.50,46500.0,0.5414,0.48165517241379313,0.4785448454672693,20000;28000;43000;50000;70000;72000;79000
config_12,AGR_g,5,w0.50,47500.0,0.5550666666666667,0.4766298850574713,0.47356586615573304,20000;28000;43000;50000;70000;72000;79000
config_12,AGR_g,5,w0.50,48500.0,0.5617666666666666,0.477367816091954,0.4732851907984147,20000;28000;43000;50000;70000;72000;79000
config_12,AGR_g,5,w0.50,49500.0,0.5511666666666667,0.4699149425287356,0.4661735792542402,20000;28000;43000;50000;70000;72000;79000
config_12,AGR_g,5,w0.50,50500.0,0.5213666666666666,0.4693310344827586,0.4669499418674578,20000;28000;43000;50000;70000;72000;79000
config_12,AGR_g,5,w0.50,51500.0,0.5218666666666667,0.4731724137931035,0.4706097165926654,20000;28000;43000;50000;70000;72000;79000
config_12,AGR_g,5,w0.50,52500.0,0.5264333333333333,0.47152873563218395,0.4697511408483008,20000;28000;43000;50000;70000;72000;79000
config_12,AGR_g,5,w0.50,53500.0,0.5317666666666667,0.4677586206896552,0.4657656600890562,20000;28000;43000;50000;70000;72000;79000
config_12,AGR_g,5,w0.50,54500.0,0.5452,0.47213793103448276,0.4690132592658695,20000;28000;43000;50000;70000;72000;79000
config_12,AGR_g,5,w0.50,55500.0,0.5450666666666667,0.47450114942528737,0.47202888722927555,20000;28000;43000;50000;70000;72000;79000
config_12,AGR_g,5,w0.50,56500.0,0.5565666666666667,0.4714965517241379,0.4677995428358509,20000;28000;43000;50000;70000;72000;79000
config_12,AGR_g,5,w0.50,57500.0,0.5625666666666667,0.4657402298850575,0.46265484109386557,20000;28000;43000;50000;70000;72000;79000
config_12,AGR_g,5,w0.50,58500.0,0.5511,0.4705172413793104,0.4676816312567781,20000;28000;43000;50000;70000;72000;79000
config_12,AGR_g,5,w0.50,59500.0,0.5642333333333334,0.4698965517241379,0.4662520542589659,20000;28000;43000;50000;70000;72000;79000
config_12,AGR_g,5,w0.50,60500.0,0.5660333333333334,0.46709655172413794,0.46344982749203145,20000;28000;43000;50000;70000;72000;79000
config_12,AGR_g,5,w0.50,61500.0,0.5725333333333333,0.4561149425287356,0.4527535886604337,20000;28000;43000;50000;70000;72000;79000
config_12,AGR_g,5,w0.50,62500.0,0.5816333333333333,0.44145517241379306,0.43765903155534613,20000;28000;43000;50000;70000;72000;79000
config_12,AGR_g,5,w0.50,63500.0,0.5820333333333333,0.444448275862069,0.4406872480305654,20000;28000;43000;50000;70000;72000;79000
config_12,AGR_g,5,w0.50,64500.0,0.5937666666666667,0.4396390804597701,0.43562380814793406,20000;28000;43000;50000;70000;72000;79000
config_12,AGR_g,5,w0.50,65500.0,0.5874333333333334,0.4468114942528736,0.4430218184803475,20000;28000;43000;50000;70000;72000;79000
config_12,AGR_g,5,w0.50,66500.0,0.5889666666666666,0.4588390804597701,0.45143405177650037,20000;28000;43000;50000;70000;72000;79000
config_12,AGR_g,5,w0.50,67500.0,0.5761333333333334,0.46554022988505744,0.45762725708508795,20000;28000;43000;50000;70000;72000;79000
config_12,AGR_g,5,w0.50,68500.0,0.5812,0.45609195402298847,0.4504453333506919,20000;28000;43000;50000;70000;72000;79000
config_12,AGR_g,5,w0.50,69500.0,0.5853333333333334,0.4471494252873563,0.44274350713309807,20000;28000;43000;50000;70000;72000;79000
config_12,AGR_g,5,w0.50,70500.0,0.5530666666666667,0.44834022988505745,0.44434653666037605,20000;28000;43000;50000;70000;72000;79000
config_12,AGR_g,5,w0.50,71500.0,0.5243666666666666,0.45067816091954027,0.4479355843077562,20000;28000;43000;50000;70000;72000;79000
config_12,AGR_g,5,w0.50,72500.0,0.48023333333333335,0.4581540229885058,0.45624622664823855,20000;28000;43000;50000;70000;72000;79000
config_12,AGR_g,5,w0.50,73500.0,0.484,0.46741609195402306,0.4660625660148608,20000;28000;43000;50000;70000;72000;79000
config_12,AGR_g,5,w0.50,74500.0,0.4901,0.47447126436781606,0.4738972508091203,20000;28000;43000;50000;70000;72000;79000
config_12,AGR_g,5,w0.50,75500.0,0.5091666666666667,0.4818183908045977,0.48148146402495456,20000;28000;43000;50000;70000;72000;79000
config_12,AGR_g,5,w0.50,76500.0,0.5276,0.48111724137931033,0.4800564458646677,20000;28000;43000;50000;70000;72000;79000
config_12,AGR_g,5,w0.50,77500.0,0.5538666666666666,0.47947586206896553,0.4766391844620405,20000;28000;43000;50000;70000;72000;79000
config_12,AGR_g,5,w0.50,78500.0,0.5425,0.4757908045977011,0.47243297887595004,20000;28000;43000;50000;70000;72000;79000
config_12,AGR_g,5,w0.50,79500.0,0.514,0.48118160919540237,0.4777020002858753,20000;28000;43000;50000;70000;72000;79000
config_12,AGR_g,5,w0.50,80500.0,0.5657333333333333,0.473264367816092,0.4670548690616728,20000;28000;43000;50000;70000;72000;79000
config_12,AGR_g,5,w0.50,81500.0,0.6192,0.4547632183908045,0.4451417147282637,20000;28000;43000;50000;70000;72000;79000
config_12,AGR_g,5,w0.50,82500.0,0.6748666666666666,0.4252643678160919,0.4096196238163444,20000;28000;43000;50000;70000;72000;79000
config_12,AGR_g,5,w0.50,83500.0,0.8587,0.18863218390804598,0.18526677934599872,20000;28000;43000;50000;70000;72000;79000
config_12,AGR_g,5,w0.50,84500.0,0.9615,0.0396896551724138,0.03755665006591475,20000;28000;43000;50000;70000;72000;79000
config_12,AGR_g,5,w0.50,85500.0,0.9751333333333333,0.025370114942528738,0.0246729318189961,20000;28000;43000;50000;70000;72000;79000
config_12,AGR_g,5,w0.50,86500.0,0.9799333333333333,0.009650574712643679,0.00959690408607829,20000;28000;43000;50000;70000;72000;79000
config_12,AGR_g,5,w0.50,87500.0,0.9806333333333334,0.009887356321839081,0.009810220887082523,20000;28000;43000;50000;70000;72000;79000
config_12,AGR_g,5,w0.50,88500.0,0.9662666666666667,0.03350804597701149,0.03217303734765324,20000;28000;43000;50000;70000;72000;79000
config_12,AGR_g,5,w0.50,89500.0,0.9765333333333334,0.026510344827586206,0.02600517390329001,20000;28000;43000;50000;70000;72000;79000
config_12,AGR_g,5,w0.50,90500.0,0.977,0.010662068965517241,0.010575478617191419,20000;28000;43000;50000;70000;72000;79000
config_12,AGR_g,5,w0.50,91500.0,0.9771333333333333,0.010951724137931038,0.010861684383362002,20000;28000;43000;50000;70000;72000;79000
config_12,AGR_g,5,w0.50,92500.0,0.9753,0.019257471264367818,0.019080222916820412,20000;28000;43000;50000;70000;72000;79000
config_12,AGR_g,5,w0.50,93500.0,0.9804666666666667,0.014556321839080462,0.014426652997493723,20000;28000;43000;50000;70000;72000;79000
config_12,AGR_g,5,w0.50,94500.0,0.9844333333333334,0.008351724137931034,0.008306292974869376,20000;28000;43000;50000;70000;72000;79000
config_12,AGR_g,5,w0.50,95500.0,0.9766,0.011544827586206898,0.011252596433899269,20000;28000;43000;50000;70000;72000;79000
config_12,AGR_g,5,w0.50,96500.0,0.9708333333333333,0.010186206896551725,0.010117946569482762,20000;28000;43000;50000;70000;72000;79000
config_12,AGR_g,5,w0.50,97500.0,0.9814333333333334,0.006783908045977012,0.006759839040258738,20000;28000;43000;50000;70000;72000;79000
config_12,AGR_g,5,w0.50,98500.0,0.9768666666666667,0.009282758620689656,0.009240096188859306,20000;28000;43000;50000;70000;72000;79000
config_12,AGR_g,5,w0.50,99500.0,0.9749666666666666,0.01361609195402299,0.013521511389080827,20000;28000;43000;50000;70000;72000;79000
config_12,AGR_g,5,w0.75,1500.0,0.7635,0.29204367816091953,0.2594162425587205,20000;28000;43000;50000;70000;72000;79000
config_12,AGR_g,5,w0.75,2500.0,0.7806333333333333,0.25986436781609196,0.23562585009980397,20000;28000;43000;50000;70000;72000;79000
config_12,AGR_g,5,w0.75,3500.0,0.7716666666666666,0.27170574712643675,0.24345916718189012,20000;28000;43000;50000;70000;72000;79000
config_12,AGR_g,5,w0.75,4500.0,0.7730666666666667,0.25480919540229885,0.2320856894642583,20000;28000;43000;50000;70000;72000;79000
config_12,AGR_g,5,w0.75,5500.0,0.7884,0.24491494252873564,0.22501454683535557,20000;28000;43000;50000;70000;72000;79000
config_12,AGR_g,5,w0.75,6500.0,0.7878666666666667,0.24040000000000003,0.22105983094324022,20000;28000;43000;50000;70000;72000;79000
config_12,AGR_g,5,w0.75,7500.0,0.7551666666666667,0.29344137931034486,0.26632942412174976,20000;28000;43000;50000;70000;72000;79000
config_12,AGR_g,5,w0.75,8500.0,0.7772666666666667,0.2775632183908046,0.25059605531772405,20000;28000;43000;50000;70000;72000;79000
config_12,AGR_g,5,w0.75,9500.0,0.7652666666666667,0.2811540229885058,0.25262158313093397,20000;28000;43000;50000;70000;72000;79000
config_12,AGR_g,5,w0.75,10500.0,0.7876666666666666,0.25487356321839083,0.23351396935933155,20000;28000;43000;50000;70000;72000;79000
config_12,AGR_g,5,w0.75,11500.0,0.7637666666666667,0.2706183908045977,0.25084838630619033,20000;28000;43000;50000;70000;72000;79000
config_12,AGR_g,5,w0.75,12500.0,0.7772333333333333,0.2757816091954023,0.24841390580840952,20000;28000;43000;50000;70000;72000;79000
config_12,AGR_g,5,w0.75,13500.0,0.7890333333333334,0.2434689655172414,0.22540867797777966,20000;28000;43000;50000;70000;72000;79000
config_12,AGR_g,5,w0.75,14500.0,0.7667666666666667,0.28302758620689655,0.2535596816000882,20000;28000;43000;50000;70000;72000;79000
config_12,AGR_g,5,w0.75,15500.0,0.7750333333333334,0.2699609195402299,0.2450804064319399,20000;28000;43000;50000;70000;72000;79000
config_12,AGR_g,5,w0.75,16500.0,0.773,0.2596367816091954,0.23640384010522406,20000;28000;43000;50000;70000;72000;79000
config_12,AGR_g,5,w0.75,17500.0,0.7772333333333333,0.25557471264367815,0.23532450293618967,20000;28000;43000;50000;70000;72000;79000
config_12,AGR_g,5,w0.75,18500.0,0.7833,0.24641149425287354,0.22638380447236725,20000;28000;43000;50000;70000;72000;79000
config_12,AGR_g,5,w0.75,19500.0,0.7297,0.25019540229885057,0.22873582330172398,20000;28000;43000;50000;70000;72000;79000
config_12,AGR_g,5,w0.75,20500.0,0.5159666666666667,0.34247126436781616,0.3158822136864989,20000;28000;43000;50000;70000;72000;79000
config_12,AGR_g,5,w0.75,21500.0,0.52,0.4592229885057471,0.4499153492348737,20000;28000;43000;50000;70000;72000;79000
config_12,AGR_g,5,w0.75,22500.0,0.5523,0.42429195402298847,0.41411320767468424,20000;28000;43000;50000;70000;72000;79000
config_12,AGR_g,5,w0.75,23500.0,0.5345666666666666,0.4065632183908046,0.394550430576855,20000;28000;43000;50000;70000;72000;79000
config_12,AGR_g,5,w0.75,24500.0,0.576,0.4412091954022989,0.4325707419936997,20000;28000;43000;50000;70000;72000;79000
config_12,AGR_g,5,w0.75,25500.0,0.5988333333333333,0.44113793103448273,0.43308429912789825,20000;28000;43000;50000;70000;72000;79000
config_12,AGR_g,5,w0.75,26500.0,0.5940333333333333,0.4389034482758621,0.4301950007057682,20000;28000;43000;50000;70000;72000;79000
config_12,AGR_g,5,w0.75,27500.0,0.5902333333333334,0.4288436781609195,0.4217758352805882,20000;28000;43000;50000;70000;72000;79000
config_12,AGR_g,5,w0.75,28500.0,0.5137,0.44148735632183905,0.43717078376596885,20000;28000;43000;50000;70000;72000;79000
config_12,AGR_g,5,w0.75,29500.0,0.5209,0.477432183908046,0.47464485539714873,20000;28000;43000;50000;70000;72000;79000
config_12,AGR_g,5,w0.75,30500.0,0.5429333333333334,0.4860965517241379,0.4821024913760062,20000;28000;43000;50000;70000;72000;79000
config_12,AGR_g,5,w0.75,31500.0,0.5540666666666667,0.4872965517241379,0.48041449434208194,20000;28000;43000;50000;70000;72000;79000
config_12,AGR_g,5,w0.75,32500.0,0.5637666666666666,0.4807057471264368,0.47209787113053986,20000;28000;43000;50000;70000;72000;79000
config_12,AGR_g,5,w0.75,33500.0,0.5751666666666667,0.47782298850574717,0.4670906946694834,20000;28000;43000;50000;70000;72000;79000
config_12,AGR_g,5,w0.75,34500.0,0.5791333333333334,0.47713563218390814,0.4656171411985474,20000;28000;43000;50000;70000;72000;79000
config_12,AGR_g,5,w0.75,35500.0,0.5898333333333333,0.4709494252873564,0.4582654885627911,20000;28000;43000;50000;70000;72000;79000
config_12,AGR_g,5,w0.75,36500.0,0.6280333333333333,0.43642988505747127,0.425099023396963,20000;28000;43000;50000;70000;72000;79000
config_12,AGR_g,5,w0.75,37500.0,0.6847333333333333,0.3817057471264368,0.3611034034947262,20000;28000;43000;50000;70000;72000;79000
config_12,AGR_g,5,w0.75,38500.0,0.7115666666666667,0.37269195402298855,0.34686230199894075,20000;28000;43000;50000;70000;72000;79000
config_12,AGR_g,5,w0.75,39500.0,0.7189333333333333,0.3672229885057471,0.3428660812058489,20000;28000;43000;50000;70000;72000;79000
config_12,AGR_g,5,w0.75,40500.0,0.7535,0.35300919540229886,0.3142862948369078,20000;28000;43000;50000;70000;72000;79000
config_12,AGR_g,5,w0.75,41500.0,0.7627,0.3389494252873563,0.300183446811314,20000;28000;43000;50000;70000;72000;79000
config_12,AGR_g,5,w0.75,42500.0,0.7151,0.31646206896551726,0.28621213847538374,20000;28000;43000;50000;70000;72000;79000
config_12,AGR_g,5,w0.75,43500.0,0.5382666666666667,0.35291954022988503,0.32835652472265636,20000;28000;43000;50000;70000;72000;79000
config_12,AGR_g,5,w0.75,44500.0,0.5185333333333333,0.4343494252873563,0.4235849829507746,20000;28000;43000;50000;70000;72000;79000
config_12,AGR_g,5,w0.75,45500.0,0.5445,0.4458873563218391,0.4405714306140396,20000;28000;43000;50000;70000;72000;79000
config_12,AGR_g,5,w0.75,46500.0,0.5737,0.4549264367816092,0.44889613778359105,20000;28000;43000;50000;70000;72000;79000
config_12,AGR_g,5,w0.75,47500.0,0.5938333333333333,0.4451517241379311,0.4378727282859744,20000;28000;43000;50000;70000;72000;79000
config_12,AGR_g,5,w0.75,48500.0,0.6119666666666667,0.4433080459770115,0.43653216990800187,20000;28000;43000;50000;70000;72000;79000
config_12,AGR_g,5,w0.75,49500.0,0.5946333333333333,0.43745057471264365,0.4309451504403132,20000;28000;43000;50000;70000;72000;79000
config_12,AGR_g,5,w0.75,50500.0,0.5471333333333334,0.4374390804597701,0.4325736245275094,20000;28000;43000;50000;70000;72000;79000
config_12,AGR_g,5,w0.75,51500.0,0.5333333333333333,0.44680919540229885,0.443690904101054,20000;28000;43000;50000;70000;72000;79000
config_12,AGR_g,5,w0.75,52500.0,0.5442333333333333,0.45201149425287357,0.4489593076595223,20000;28000;43000;50000;70000;72000;79000
config_12,AGR_g,5,w0.75,53500.0,0.5451666666666667,0.4627563218390805,0.45993507597180916,20000;28000;43000;50000;70000;72000;79000
config_12,AGR_g,5,w0.75,54500.0,0.5598,0.4657241379310344,0.4606171159768805,20000;28000;43000;50000;70000;72000;79000
config_12,AGR_g,5,w0.75,55500.0,0.559,0.4723264367816092,0.46743312872950993,20000;28000;43000;50000;70000;72000;79000
config_12,AGR_g,5,w0.75,56500.0,0.5682666666666667,0.4573057471264368,0.4531352313649041,20000;28000;43000;50000;70000;72000;79000
config_12,AGR_g,5,w0.75,57500.0,0.5780333333333333,0.4494551724137931,0.4443410936442664,20000;28000;43000;50000;70000;72000;79000
config_12,AGR_g,5,w0.75,58500.0,0.5736,0.4485609195402299,0.4440596233070535,20000;28000;43000;50000;70000;72000;79000
config_12,AGR_g,5,w0.75,59500.0,0.5878333333333333,0.44224597701149426,0.43733538324588295,20000;28000;43000;50000;70000;72000;79000
config_12,AGR_g,5,w0.75,60500.0,0.5758,0.4494666666666667,0.44373559071204993,20000;28000;43000;50000;70000;72000;79000
config_12,AGR_g,5,w0.75,61500.0,0.5883,0.4410459770114943,0.4343278098297944,20000;28000;43000;50000;70000;72000;79000
config_12,AGR_g,5,w0.75,62500.0,0.5872,0.4312459770114942,0.4277432502660299,20000;28000;43000;50000;70000;72000;79000
config_12,AGR_g,5,w0.75,63500.0,0.596,0.4320597701149425,0.42777175458445,20000;28000;43000;50000;70000;72000;79000
config_12,AGR_g,5,w0.75,64500.0,0.6082666666666666,0.41437241379310347,0.4108487476356967,20000;28000;43000;50000;70000;72000;79000
config_12,AGR_g,5,w0.75,65500.0,0.5973666666666667,0.43601149425287355,0.43162195949630955,20000;28000;43000;50000;70000;72000;79000
config_12,AGR_g,5,w0.75,66500.0,0.6017333333333333,0.43520919540229885,0.43073702542251163,20000;28000;43000;50000;70000;72000;79000
config_12,AGR_g,5,w0.75,67500.0,0.5835333333333333,0.4677747126436782,0.4571945547548917,20000;28000;43000;50000;70000;72000;79000
config_12,AGR_g,5,w0.75,68500.0,0.5962333333333333,0.4454597701149425,0.4366702303137733,20000;28000;43000;50000;70000;72000;79000
config_12,AGR_g,5,w0.75,69500.0,0.6003333333333334,0.4306758620689655,0.4249424802804034,20000;28000;43000;50000;70000;72000;79000
config_12,AGR_g,5,w0.75,70500.0,0.5492,0.44293793103448276,0.43795716981264426,20000;28000;43000;50000;70000;72000;79000
config_12,AGR_g,5,w0.75,71500.0,0.5378666666666667,0.4363632183908046,0.4325211954294097,20000;28000;43000;50000;70000;72000;79000
config_12,AGR_g,5,w0.75,72500.0,0.4805333333333333,0.44491034482758623,0.4401731009050096,20000;28000;43000;50000;70000;72000;79000
config_12,AGR_g,5,w0.75,73500.0,0.48796666666666666,0.451951724137931,0.4481165610796203,20000;28000;43000;50000;70000;72000;79000
config_12,AGR_g,5,w0.75,74500.0,0.5134333333333333,0.470567816091954,0.46939859498326375,20000;28000;43000;50000;70000;72000;79000
config_12,AGR_g,5,w0.75,75500.0,0.5455,0.4788206896551724,0.47608178807200957,20000;28000;43000;50000;70000;72000;79000
config_12,AGR_g,5,w0.75,76500.0,0.5667666666666666,0.47849425287356323,0.4703523453895882,20000;28000;43000;50000;70000;72000;79000
config_12,AGR_g,5,w0.75,77500.0,0.5803,0.47026436781609193,0.46506995764179354,20000;28000;43000;50000;70000;72000;79000
config_12,AGR_g,5,w0.75,78500.0,0.5690666666666667,0.4614620689655172,0.4530690873511986,20000;28000;43000;50000;70000;72000;79000
config_12,AGR_g,5,w0.75,79500.0,0.5376,0.47690114942528733,0.47128360869899333,20000;28000;43000;50000;70000;72000;79000
config_12,AGR_g,5,w0.75,80500.0,0.6092333333333333,0.45508735632183905,0.4475808052519047,20000;28000;43000;50000;70000;72000;79000
config_12,AGR_g,5,w0.75,81500.0,0.6946666666666667,0.4086758620689655,0.3919248967382896,20000;28000;43000;50000;70000;72000;79000
config_12,AGR_g,5,w0.75,82500.0,0.916,0.11814252873563218,0.11485409266989301,20000;28000;43000;50000;70000;72000;79000
config_12,AGR_g,5,w0.75,83500.0,0.9557,0.05066436781609196,0.048971745200266856,20000;28000;43000;50000;70000;72000;79000
config_12,AGR_g,5,w0.75,84500.0,0.9636,0.035324137931034484,0.03445155692944788,20000;28000;43000;50000;70000;72000;79000
config_12,AGR_g,5,w0.75,85500.0,0.9793333333333333,0.017232183908045977,0.01690816128375274,20000;28000;43000;50000;70000;72000;79000
config_12,AGR_g,5,w0.75,86500.0,0.976,0.017724137931034483,0.017276711710105655,20000;28000;43000;50000;70000;72000;79000
config_12,AGR_g,5,w0.75,87500.0,0.9768,0.018726436781609197,0.01849356160965699,20000;28000;43000;50000;70000;72000;79000
config_12,AGR_g,5,w0.75,88500.0,0.9650333333333333,0.03322988505747127,0.032605327199305804,20000;28000;43000;50000;70000;72000;79000
config_12,AGR_g,5,w0.75,89500.0,0.9736666666666667,0.03228045977011495,0.03187962278284085,20000;28000;43000;50000;70000;72000;79000
config_12,AGR_g,5,w0.75,90500.0,0.9756333333333334,0.014852873563218391,0.01472011539283425,20000;28000;43000;50000;70000;72000;79000
config_12,AGR_g,5,w0.75,91500.0,0.9752333333333333,0.012636781609195402,0.012533935341820925,20000;28000;43000;50000;70000;72000;79000
config_12,AGR_g,5,w0.75,92500.0,0.9743666666666667,0.021193103448275866,0.02091449527716821,20000;28000;43000;50000;70000;72000;79000
config_12,AGR_g,5,w0.75,93500.0,0.9807666666666667,0.01482528735632184,0.014708022266886155,20000;28000;43000;50000;70000;72000;79000
config_12,AGR_g,5,w0.75,94500.0,0.9832333333333333,0.011211494252873565,0.011150352248464496,20000;28000;43000;50000;70000;72000;79000
config_12,AGR_g,5,w0.75,95500.0,0.9767666666666667,0.01399310344827586,0.013892312433329383,20000;28000;43000;50000;70000;72000;79000
config_12,AGR_g,5,w0.75,96500.0,0.9706333333333333,0.01492183908045977,0.014817404172036851,20000;28000;43000;50000;70000;72000;79000
config_12,AGR_g,5,w0.75,97500.0,0.9784666666666667,0.013931034482758621,0.013842194683899545,20000;28000;43000;50000;70000;72000;79000
config_12,AGR_g,5,w0.75,98500.0,0.976,0.016027586206896552,0.015952602155440615,20000;28000;43000;50000;70000;72000;79000
config_12,AGR_g,5,w0.75,99500.0,0.9752666666666666,0.013222988505747128,0.013168136888445887,20000;28000;43000;50000;70000;72000;79000
config_12,AGR_g,5,w0.95,1500.0,0.7631666666666667,0.2923655172413793,0.25936724816310713,20000;28000;43000;50000;70000;72000;79000
config_12,AGR_g,5,w0.95,2500.0,0.7748,0.2715402298850575,0.2436682363352496,20000;28000;43000;50000;70000;72000;79000
config_12,AGR_g,5,w0.95,3500.0,0.7732666666666667,0.26839080459770115,0.24080692887667451,20000;28000;43000;50000;70000;72000;79000
config_12,AGR_g,5,w0.95,4500.0,0.7738,0.24289655172413793,0.22300107480274725,20000;28000;43000;50000;70000;72000;79000
config_12,AGR_g,5,w0.95,5500.0,0.7958333333333333,0.2155379310344828,0.20126955844815375,20000;28000;43000;50000;70000;72000;79000
config_12,AGR_g,5,w0.95,6500.0,0.7824,0.2471218390804598,0.22650552870775836,20000;28000;43000;50000;70000;72000;79000
config_12,AGR_g,5,w0.95,7500.0,0.7669333333333334,0.26893793103448277,0.24478793044540242,20000;28000;43000;50000;70000;72000;79000
config_12,AGR_g,5,w0.95,8500.0,0.7732333333333333,0.2850137931034483,0.2565147576594768,20000;28000;43000;50000;70000;72000;79000
config_12,AGR_g,5,w0.95,9500.0,0.7539,0.2995333333333333,0.2617857327681337,20000;28000;43000;50000;70000;72000;79000
config_12,AGR_g,5,w0.95,10500.0,0.7873333333333333,0.2557793103448276,0.23257707297687358,20000;28000;43000;50000;70000;72000;79000
config_12,AGR_g,5,w0.95,11500.0,0.7628,0.27942988505747124,0.2537356572044185,20000;28000;43000;50000;70000;72000;79000
config_12,AGR_g,5,w0.95,12500.0,0.7778333333333334,0.26817241379310347,0.2421129521836947,20000;28000;43000;50000;70000;72000;79000
config_12,AGR_g,5,w0.95,13500.0,0.7887666666666666,0.23887126436781608,0.22172886292369465,20000;28000;43000;50000;70000;72000;79000
config_12,AGR_g,5,w0.95,14500.0,0.7684333333333333,0.2860942528735632,0.25480018967589685,20000;28000;43000;50000;70000;72000;79000
config_12,AGR_g,5,w0.95,15500.0,0.7742,0.2770574712643678,0.25026488425666416,20000;28000;43000;50000;70000;72000;79000
config_12,AGR_g,5,w0.95,16500.0,0.7725,0.2688850574712644,0.24271466916467005,20000;28000;43000;50000;70000;72000;79000
config_12,AGR_g,5,w0.95,17500.0,0.7711,0.27117011494252874,0.24587576370325087,20000;28000;43000;50000;70000;72000;79000
config_12,AGR_g,5,w0.95,18500.0,0.7771,0.26620919540229887,0.24229184187793157,20000;28000;43000;50000;70000;72000;79000
config_12,AGR_g,5,w0.95,19500.0,0.7280666666666666,0.2559448275862069,0.2342128094820354,20000;28000;43000;50000;70000;72000;79000
config_12,AGR_g,5,w0.95,20500.0,0.5085,0.34908275862068966,0.325952798887604,20000;28000;43000;50000;70000;72000;79000
config_12,AGR_g,5,w0.95,21500.0,0.5089333333333333,0.4596275862068966,0.4541644415526656,20000;28000;43000;50000;70000;72000;79000
config_12,AGR_g,5,w0.95,22500.0,0.5274333333333333,0.42457701149425287,0.4181405155812324,20000;28000;43000;50000;70000;72000;79000
config_12,AGR_g,5,w0.95,23500.0,0.5249666666666667,0.4275333333333333,0.42133345152616497,20000;28000;43000;50000;70000;72000;79000
config_12,AGR_g,5,w0.95,24500.0,0.5592333333333334,0.4589310344827586,0.4521865401641001,20000;28000;43000;50000;70000;72000;79000
config_12,AGR_g,5,w0.95,25500.0,0.584,0.45301149425287357,0.44515472316892807,20000;28000;43000;50000;70000;72000;79000
config_12,AGR_g,5,w0.95,26500.0,0.5834666666666667,0.4520275862068965,0.44510578679288954,20000;28000;43000;50000;70000;72000;79000
config_12,AGR_g,5,w0.95,27500.0,0.5911,0.43548735632183905,0.429489101656302,20000;28000;43000;50000;70000;72000;79000
config_12,AGR_g,5,w0.95,28500.0,0.5106,0.4493057471264367,0.4457174704752104,20000;28000;43000;50000;70000;72000;79000
config_12,AGR_g,5,w0.95,29500.0,0.5223333333333333,0.47656091954022994,0.47443285611388514,20000;28000;43000;50000;70000;72000;79000
config_12,AGR_g,5,w0.95,30500.0,0.5331666666666667,0.47697701149425287,0.47465819713695045,20000;28000;43000;50000;70000;72000;79000
config_12,AGR_g,5,w0.95,31500.0,0.5451666666666667,0.4799793103448276,0.4765261992286368,20000;28000;43000;50000;70000;72000;79000
config_12,AGR_g,5,w0.95,32500.0,0.5473333333333333,0.4829655172413793,0.4787152993348116,20000;28000;43000;50000;70000;72000;79000
config_12,AGR_g,5,w0.95,33500.0,0.5592666666666667,0.4769609195402299,0.47003250634217675,20000;28000;43000;50000;70000;72000;79000
config_12,AGR_g,5,w0.95,34500.0,0.5661333333333334,0.47454252873563224,0.46815115165495785,20000;28000;43000;50000;70000;72000;79000
config_12,AGR_g,5,w0.95,35500.0,0.5784333333333334,0.4721034482758621,0.46377611860127843,20000;28000;43000;50000;70000;72000;79000
config_12,AGR_g,5,w0.95,36500.0,0.5823333333333334,0.47251034482758614,0.464104587363163,20000;28000;43000;50000;70000;72000;79000
config_12,AGR_g,5,w0.95,37500.0,0.5775333333333333,0.4714850574712644,0.46277548947733027,20000;28000;43000;50000;70000;72000;79000
config_12,AGR_g,5,w0.95,38500.0,0.5924666666666667,0.4590114942528736,0.44903437246655864,20000;28000;43000;50000;70000;72000;79000
config_12,AGR_g,5,w0.95,39500.0,0.5979333333333333,0.44917241379310346,0.440373877812396,20000;28000;43000;50000;70000;72000;79000
config_12,AGR_g,5,w0.95,40500.0,0.5953333333333334,0.46051494252873565,0.4492795577049015,20000;28000;43000;50000;70000;72000;79000
config_12,AGR_g,5,w0.95,41500.0,0.5920666666666666,0.45477701149425287,0.44389861001670505,20000;28000;43000;50000;70000;72000;79000
config_12,AGR_g,5,w0.95,42500.0,0.6476,0.3824137931034482,0.36870997980164305,20000;28000;43000;50000;70000;72000;79000
config_12,AGR_g,5,w0.95,43500.0,0.5548333333333333,0.3631011494252874,0.34618088041483447,20000;28000;43000;50000;70000;72000;79000
config_12,AGR_g,5,w0.95,44500.0,0.5503333333333333,0.4364689655172414,0.4292949544173941,20000;28000;43000;50000;70000;72000;79000
config_12,AGR_g,5,w0.95,45500.0,0.5935,0.4350045977011494,0.4189662323687477,20000;28000;43000;50000;70000;72000;79000
config_12,AGR_g,5,w0.95,46500.0,0.6268666666666667,0.4263540229885057,0.4126477841682643,20000;28000;43000;50000;70000;72000;79000
config_12,AGR_g,5,w0.95,47500.0,0.622,0.4264551724137931,0.41440099878526115,20000;28000;43000;50000;70000;72000;79000
config_12,AGR_g,5,w0.95,48500.0,0.6351,0.42705057471264374,0.40998156337759356,20000;28000;43000;50000;70000;72000;79000
config_12,AGR_g,5,w0.95,49500.0,0.6217333333333334,0.4084551724137931,0.3964263304242492,20000;28000;43000;50000;70000;72000;79000
config_12,AGR_g,5,w0.95,50500.0,0.5473666666666667,0.4180666666666667,0.4090255206386954,20000;28000;43000;50000;70000;72000;79000
config_12,AGR_g,5,w0.95,51500.0,0.5281333333333333,0.45729655172413797,0.45067502840124046,20000;28000;43000;50000;70000;72000;79000
config_12,AGR_g,5,w0.95,52500.0,0.5404666666666667,0.46234942528735634,0.45741788437811237,20000;28000;43000;50000;70000;72000;79000
config_12,AGR_g,5,w0.95,53500.0,0.5406666666666666,0.465080459770115,0.4607726340135038,20000;28000;43000;50000;70000;72000;79000
config_12,AGR_g,5,w0.95,54500.0,0.5522,0.461448275862069,0.45568113299294916,20000;28000;43000;50000;70000;72000;79000
config_12,AGR_g,5,w0.95,55500.0,0.5601,0.46314252873563216,0.4576934784129872,20000;28000;43000;50000;70000;72000;79000
config_12,AGR_g,5,w0.95,56500.0,0.5721333333333334,0.44237241379310344,0.4379093356565485,20000;28000;43000;50000;70000;72000;79000
config_12,AGR_g,5,w0.95,57500.0,0.5741666666666667,0.4410045977011494,0.4376916421829906,20000;28000;43000;50000;70000;72000;79000
config_12,AGR_g,5,w0.95,58500.0,0.5665666666666667,0.4581632183908046,0.45522995654128584,20000;28000;43000;50000;70000;72000;79000
config_12,AGR_g,5,w0.95,59500.0,0.5829666666666666,0.4542,0.4499028759318354,20000;28000;43000;50000;70000;72000;79000
config_12,AGR_g,5,w0.95,60500.0,0.5783666666666667,0.44934482758620686,0.4444842548600324,20000;28000;43000;50000;70000;72000;79000
config_12,AGR_g,5,w0.95,61500.0,0.5832666666666667,0.44246896551724135,0.438270579868431,20000;28000;43000;50000;70000;72000;79000
config_12,AGR_g,5,w0.95,62500.0,0.5932,0.4224137931034483,0.4185641974639971,20000;28000;43000;50000;70000;72000;79000
config_12,AGR_g,5,w0.95,63500.0,0.5989666666666666,0.43233793103448276,0.42850787607271335,20000;28000;43000;50000;70000;72000;79000
config_12,AGR_g,5,w0.95,64500.0,0.6121,0.4205264367816092,0.41683656084989046,20000;28000;43000;50000;70000;72000;79000
config_12,AGR_g,5,w0.95,65500.0,0.6021333333333333,0.4357655172413793,0.4305154502868698,20000;28000;43000;50000;70000;72000;79000
config_12,AGR_g,5,w0.95,66500.0,0.6042333333333333,0.4374275862068966,0.42990736489347114,20000;28000;43000;50000;70000;72000;79000
config_12,AGR_g,5,w0.95,67500.0,0.5935666666666667,0.4496896551724138,0.44218822399840396,20000;28000;43000;50000;70000;72000;79000
config_12,AGR_g,5,w0.95,68500.0,0.5966333333333333,0.4454873563218391,0.43881677549464465,20000;28000;43000;50000;70000;72000;79000
config_12,AGR_g,5,w0.95,69500.0,0.5995333333333334,0.4336045977011494,0.427317458315314,20000;28000;43000;50000;70000;72000;79000
config_12,AGR_g,5,w0.95,70500.0,0.5557,0.43676091954022983,0.43194073629833585,20000;28000;43000;50000;70000;72000;79000
config_12,AGR_g,5,w0.95,71500.0,0.5349,0.4365540229885057,0.4321404985079612,20000;28000;43000;50000;70000;72000;79000
config_12,AGR_g,5,w0.95,72500.0,0.47796666666666665,0.4469080459770115,0.4433729372341098,20000;28000;43000;50000;70000;72000;79000
config_12,AGR_g,5,w0.95,73500.0,0.4876,0.46062068965517244,0.45845583938671025,20000;28000;43000;50000;70000;72000;79000
config_12,AGR_g,5,w0.95,74500.0,0.5045,0.46457241379310343,0.4631316156165286,20000;28000;43000;50000;70000;72000;79000
config_12,AGR_g,5,w0.95,75500.0,0.5408666666666667,0.47710344827586204,0.4749022713619807,20000;28000;43000;50000;70000;72000;79000
config_12,AGR_g,5,w0.95,76500.0,0.5567333333333333,0.47577931034482757,0.4734216241158785,20000;28000;43000;50000;70000;72000;79000
config_12,AGR_g,5,w0.95,77500.0,0.5689333333333333,0.4694712643678161,0.4671991250275149,20000;28000;43000;50000;70000;72000;79000
config_12,AGR_g,5,w0.95,78500.0,0.5627333333333333,0.467080459770115,0.4625621058806277,20000;28000;43000;50000;70000;72000;79000
config_12,AGR_g,5,w0.95,79500.0,0.5201333333333333,0.4766022988505747,0.47437442188634305,20000;28000;43000;50000;70000;72000;79000
config_12,AGR_g,5,w0.95,80500.0,0.5856666666666667,0.4610850574712644,0.4572047786430518,20000;28000;43000;50000;70000;72000;79000
config_12,AGR_g,5,w0.95,81500.0,0.6650333333333334,0.42790114942528734,0.41888927280974003,20000;28000;43000;50000;70000;72000;79000
config_12,AGR_g,5,w0.95,82500.0,0.7179,0.39052183908045973,0.37802964178264165,20000;28000;43000;50000;70000;72000;79000
config_12,AGR_g,5,w0.95,83500.0,0.8821333333333333,0.16181149425287358,0.15922566234571092,20000;28000;43000;50000;70000;72000;79000
config_12,AGR_g,5,w0.95,84500.0,0.9714666666666667,0.018804597701149426,0.01779416389086686,20000;28000;43000;50000;70000;72000;79000
config_12,AGR_g,5,w0.95,85500.0,0.9785333333333334,0.01791264367816092,0.01715542504611562,20000;28000;43000;50000;70000;72000;79000
config_12,AGR_g,5,w0.95,86500.0,0.9791666666666666,0.010480459770114945,0.010299857432174066,20000;28000;43000;50000;70000;72000;79000
config_12,AGR_g,5,w0.95,87500.0,0.9790333333333333,0.012788505747126437,0.012649735994970435,20000;28000;43000;50000;70000;72000;79000
config_12,AGR_g,5,w0.95,88500.0,0.9671,0.028908045977011493,0.028204449313587565,20000;28000;43000;50000;70000;72000;79000
config_12,AGR_g,5,w0.95,89500.0,0.9795,0.018452873563218394,0.018265058556776265,20000;28000;43000;50000;70000;72000;79000
config_12,AGR_g,5,w0.95,90500.0,0.9782,0.007301149425287356,0.007270719861108819,20000;28000;43000;50000;70000;72000;79000
config_12,AGR_g,5,w0.95,91500.0,0.9736333333333334,0.014820689655172414,0.014604265453585117,20000;28000;43000;50000;70000;72000;79000
config_12,AGR_g,5,w0.95,92500.0,0.9771333333333333,0.012013793103448276,0.011923676735157655,20000;28000;43000;50000;70000;72000;79000
config_12,AGR_g,5,w0.95,93500.0,0.982,0.009751724137931034,0.009657641824824903,20000;28000;43000;50000;70000;72000;79000
config_12,AGR_g,5,w0.95,94500.0,0.9836333333333334,0.009813793103448275,0.009685497925993432,20000;28000;43000;50000;70000;72000;79000
config_12,AGR_g,5,w0.95,95500.0,0.9781333333333333,0.008271264367816094,0.008215393838405057,20000;28000;43000;50000;70000;72000;79000
config_12,AGR_g,5,w0.95,96500.0,0.9701666666666666,0.009652873563218393,0.009582344858462146,20000;28000;43000;50000;70000;72000;79000
config_12,AGR_g,5,w0.95,97500.0,0.9795666666666667,0.009321839080459771,0.009120617613491666,20000;28000;43000;50000;70000;72000;79000
config_12,AGR_g,5,w0.95,98500.0,0.9772666666666666,0.009586206896551723,0.009556445703100989,20000;28000;43000;50000;70000;72000;79000
config_12,AGR_g,5,w0.95,99500.0,0.9765333333333334,0.010009195402298852,0.009980419530778602,20000;28000;43000;50000;70000;72000;79000
config_12,LED_g,5,w0.50,1500.0,0.47856666666666664,0.6052735632183908,0.575179296965071,20000;28000;43000;50000;70000;72000;79000
config_12,LED_g,5,w0.50,2500.0,0.45993333333333336,0.6095908045977012,0.5814245906348752,20000;28000;43000;50000;70000;72000;79000
config_12,LED_g,5,w0.50,3500.0,0.45716666666666667,0.6164528735632183,0.5872809355175663,20000;28000;43000;50000;70000;72000;79000
config_12,LED_g,5,w0.50,4500.0,0.4804333333333333,0.5963908045977012,0.5647658211245101,20000;28000;43000;50000;70000;72000;79000
config_12,LED_g,5,w0.50,5500.0,0.46576666666666666,0.6108965517241379,0.5800799110896512,20000;28000;43000;50000;70000;72000;79000
config_12,LED_g,5,w0.50,6500.0,0.42056666666666664,0.6621563218390805,0.5995448743106191,20000;28000;43000;50000;70000;72000;79000
config_12,LED_g,5,w0.50,7500.0,0.4281,0.6614666666666666,0.6075914675767917,20000;28000;43000;50000;70000;72000;79000
config_12,LED_g,5,w0.50,8500.0,0.4458666666666667,0.6495080459770116,0.6086207940529866,20000;28000;43000;50000;70000;72000;79000
config_12,LED_g,5,w0.50,9500.0,0.4376,0.6413310344827586,0.6028836402379807,20000;28000;43000;50000;70000;72000;79000
config_12,LED_g,5,w0.50,10500.0,0.4499666666666667,0.6283517241379311,0.5934701397148894,20000;28000;43000;50000;70000;72000;79000
config_12,LED_g,5,w0.50,11500.0,0.44556666666666667,0.6117885057471265,0.574565168657396,20000;28000;43000;50000;70000;72000;79000
config_12,LED_g,5,w0.50,12500.0,0.45093333333333335,0.6132229885057472,0.571540593746155,20000;28000;43000;50000;70000;72000;79000
config_12,LED_g,5,w0.50,13500.0,0.4478,0.6238183908045978,0.5817181671779832,20000;28000;43000;50000;70000;72000;79000
config_12,LED_g,5,w0.50,14500.0,0.47523333333333334,0.5899471264367817,0.5577335021753628,20000;28000;43000;50000;70000;72000;79000
config_12,LED_g,5,w0.50,15500.0,0.5785333333333333,0.4339977011494253,0.4071831704117473,20000;28000;43000;50000;70000;72000;79000
config_12,LED_g,5,w0.50,16500.0,0.5666666666666667,0.4401885057471265,0.4088710005968646,20000;28000;43000;50000;70000;72000;79000
config_12,LED_g,5,w0.50,17500.0,0.5840333333333333,0.4363586206896552,0.40928516855474,20000;28000;43000;50000;70000;72000;79000
config_12,LED_g,5,w0.50,18500.0,0.5569666666666667,0.48723218390804596,0.43823090483484095,20000;28000;43000;50000;70000;72000;79000
config_12,LED_g,5,w0.50,19500.0,0.5172333333333333,0.5235908045977011,0.4923771113319039,20000;28000;43000;50000;70000;72000;79000
config_12,LED_g,5,w0.50,20500.0,0.4443,0.5884827586206897,0.5481825226298032,20000;28000;43000;50000;70000;72000;79000
config_12,LED_g,5,w0.50,21500.0,0.4585,0.5587747126436782,0.5274663828061639,20000;28000;43000;50000;70000;72000;79000
config_12,LED_g,5,w0.50,22500.0,0.4676666666666667,0.5567356321839081,0.5235801315686427,20000;28000;43000;50000;70000;72000;79000
config_12,LED_g,5,w0.50,23500.0,0.4447,0.6125885057471264,0.568372589899854,20000;28000;43000;50000;70000;72000;79000
config_12,LED_g,5,w0.50,24500.0,0.45913333333333334,0.585719540229885,0.5604212452726064,20000;28000;43000;50000;70000;72000;79000
config_12,LED_g,5,w0.50,25500.0,0.47486666666666666,0.5812528735632184,0.5421355246817758,20000;28000;43000;50000;70000;72000;79000
config_12,LED_g,5,w0.50,26500.0,0.4950333333333333,0.5628827586206896,0.5323233801134667,20000;28000;43000;50000;70000;72000;79000
config_12,LED_g,5,w0.50,27500.0,0.4552,0.5958091954022989,0.5684482046393389,20000;28000;43000;50000;70000;72000;79000
config_12,LED_g,5,w0.50,28500.0,0.3582,0.646848275862069,0.6141444345698251,20000;28000;43000;50000;70000;72000;79000
config_12,LED_g,5,w0.50,29500.0,0.3563,0.6782436781609196,0.6437249214023408,20000;28000;43000;50000;70000;72000;79000
config_12,LED_g,5,w0.50,30500.0,0.3849,0.6587655172413793,0.6372137653460449,20000;28000;43000;50000;70000;72000;79000
config_12,LED_g,5,w0.50,31500.0,0.40013333333333334,0.6369011494252874,0.616140093528499,20000;28000;43000;50000;70000;72000;79000
config_12,LED_g,5,w0.50,32500.0,0.41833333333333333,0.6400160919540231,0.6073448519824947,20000;28000;43000;50000;70000;72000;79000
config_12,LED_g,5,w0.50,33500.0,0.453,0.6295356321839081,0.5947333357062137,20000;28000;43000;50000;70000;72000;79000
config_12,LED_g,5,w0.50,34500.0,0.4295333333333333,0.6314298850574713,0.6044508900936053,20000;28000;43000;50000;70000;72000;79000
config_12,LED_g,5,w0.50,35500.0,0.463,0.5949862068965518,0.5690147673606833,20000;28000;43000;50000;70000;72000;79000
config_12,LED_g,5,w0.50,36500.0,0.4644666666666667,0.6065172413793103,0.5737451308671473,20000;28000;43000;50000;70000;72000;79000
config_12,LED_g,5,w0.50,37500.0,0.47713333333333335,0.5935885057471265,0.555921182820783,20000;28000;43000;50000;70000;72000;79000
config_12,LED_g,5,w0.50,38500.0,0.4837,0.5869701149425288,0.5607159227702649,20000;28000;43000;50000;70000;72000;79000
config_12,LED_g,5,w0.50,39500.0,0.4891666666666667,0.5744206896551723,0.546529100688533,20000;28000;43000;50000;70000;72000;79000
config_12,LED_g,5,w0.50,40500.0,0.49143333333333333,0.5586528735632185,0.532338030555269,20000;28000;43000;50000;70000;72000;79000
config_12,LED_g,5,w0.50,41500.0,0.4867,0.5701241379310346,0.5465823408872655,20000;28000;43000;50000;70000;72000;79000
config_12,LED_g,5,w0.50,42500.0,0.47053333333333336,0.5846183908045977,0.5582729528336732,20000;28000;43000;50000;70000;72000;79000
config_12,LED_g,5,w0.50,43500.0,0.40523333333333333,0.5956459770114942,0.5683174711812039,20000;28000;43000;50000;70000;72000;79000
config_12,LED_g,5,w0.50,44500.0,0.3911,0.6134505747126436,0.5833062017927871,20000;28000;43000;50000;70000;72000;79000
config_12,LED_g,5,w0.50,45500.0,0.3964,0.6250988505747127,0.5949145118845953,20000;28000;43000;50000;70000;72000;79000
config_12,LED_g,5,w0.50,46500.0,0.40373333333333333,0.6013287356321838,0.572929858953866,20000;28000;43000;50000;70000;72000;79000
config_12,LED_g,5,w0.50,47500.0,0.4181666666666667,0.5961195402298851,0.5665940992357618,20000;28000;43000;50000;70000;72000;79000
config_12,LED_g,5,w0.50,48500.0,0.4175333333333333,0.6048022988505748,0.5695756414642491,20000;28000;43000;50000;70000;72000;79000
config_12,LED_g,5,w0.50,49500.0,0.4030666666666667,0.6299057471264368,0.5873742823141324,20000;28000;43000;50000;70000;72000;79000
config_12,LED_g,5,w0.50,50500.0,0.3172333333333333,0.6719655172413793,0.6267628042812979,20000;28000;43000;50000;70000;72000;79000
config_12,LED_g,5,w0.50,51500.0,0.3114,0.6677954022988506,0.6336988737403676,20000;28000;43000;50000;70000;72000;79000
config_12,LED_g,5,w0.50,52500.0,0.33,0.6710574712643679,0.6374512718087294,20000;28000;43000;50000;70000;72000;79000
config_12,LED_g,5,w0.50,53500.0,0.3485333333333333,0.671671264367816,0.6410166223848116,20000;28000;43000;50000;70000;72000;79000
config_12,LED_g,5,w0.50,54500.0,0.36156666666666665,0.6562114942528735,0.62278609819057,20000;28000;43000;50000;70000;72000;79000
config_12,LED_g,5,w0.50,55500.0,0.3709,0.6638275862068965,0.630268782589537,20000;28000;43000;50000;70000;72000;79000
config_12,LED_g,5,w0.50,56500.0,0.37283333333333335,0.6759747126436781,0.6403253439749301,20000;28000;43000;50000;70000;72000;79000
config_12,LED_g,5,w0.50,57500.0,0.3775,0.6846137931034483,0.6450650153633911,20000;28000;43000;50000;70000;72000;79000
config_12,LED_g,5,w0.50,58500.0,0.3965666666666667,0.6813080459770114,0.6314030907039556,20000;28000;43000;50000;70000;72000;79000
config_12,LED_g,5,w0.50,59500.0,0.38356666666666667,0.6918114942528736,0.6499506285519575,20000;28000;43000;50000;70000;72000;79000
config_12,LED_g,5,w0.50,60500.0,0.3888666666666667,0.693880459770115,0.6543804699340088,20000;28000;43000;50000;70000;72000;79000
config_12,LED_g,5,w0.50,61500.0,0.3950666666666667,0.6840436781609195,0.6413112755819866,20000;28000;43000;50000;70000;72000;79000
config_12,LED_g,5,w0.50,62500.0,0.3918,0.6836000000000001,0.6468042195686035,20000;28000;43000;50000;70000;72000;79000
config_12,LED_g,5,w0.50,63500.0,0.38203333333333334,0.7021908045977011,0.6625153911360214,20000;28000;43000;50000;70000;72000;79000
config_12,LED_g,5,w0.50,64500.0,0.38903333333333334,0.6903563218390804,0.6458690849617362,20000;28000;43000;50000;70000;72000;79000
config_12,LED_g,5,w0.50,65500.0,0.3946,0.694193103448276,0.6466986944474693,20000;28000;43000;50000;70000;72000;79000
config_12,LED_g,5,w0.50,66500.0,0.39966666666666667,0.6875609195402298,0.6477111629806851,20000;28000;43000;50000;70000;72000;79000
config_12,LED_g,5,w0.50,67500.0,0.4016,0.6930229885057472,0.6518088264397388,20000;28000;43000;50000;70000;72000;79000
config_12,LED_g,5,w0.50,68500.0,0.4154333333333333,0.6765287356321839,0.641039730741432,20000;28000;43000;50000;70000;72000;79000
config_12,LED_g,5,w0.50,69500.0,0.3935,0.6869862068965518,0.6507312152948619,20000;28000;43000;50000;70000;72000;79000
config_12,LED_g,5,w0.50,70500.0,0.3216,0.7098390804597701,0.6735528198815112,20000;28000;43000;50000;70000;72000;79000
config_12,LED_g,5,w0.50,71500.0,0.2922,0.7293816091954023,0.6944216966913085,20000;28000;43000;50000;70000;72000;79000
config_12,LED_g,5,w0.50,72500.0,0.28596666666666665,0.7161931034482758,0.6780624753008802,20000;28000;43000;50000;70000;72000;79000
config_12,LED_g,5,w0.50,73500.0,0.2939333333333333,0.7249333333333333,0.68182019040776,20000;28000;43000;50000;70000;72000;79000
config_12,LED_g,5,w0.50,74500.0,0.30146666666666666,0.7360781609195403,0.6904258419170626,20000;28000;43000;50000;70000;72000;79000
config_12,LED_g,5,w0.50,75500.0,0.30556666666666665,0.7382436781609195,0.6919632459907107,20000;28000;43000;50000;70000;72000;79000
config_12,LED_g,5,w0.50,76500.0,0.32366666666666666,0.7439885057471264,0.6897329853476779,20000;28000;43000;50000;70000;72000;79000
config_12,LED_g,5,w0.50,77500.0,0.31783333333333336,0.7547908045977013,0.6983193700507162,20000;28000;43000;50000;70000;72000;79000
config_12,LED_g,5,w0.50,78500.0,0.31843333333333335,0.7494597701149425,0.7038514819532908,20000;28000;43000;50000;70000;72000;79000
config_12,LED_g,5,w0.50,79500.0,0.26593333333333335,0.7748275862068966,0.7388172897747376,20000;28000;43000;50000;70000;72000;79000
config_12,LED_g,5,w0.50,80500.0,0.28573333333333334,0.7640574712643678,0.7279046272388211,20000;28000;43000;50000;70000;72000;79000
config_12,LED_g,5,w0.50,81500.0,0.2919333333333333,0.7628183908045978,0.7293818652430639,20000;28000;43000;50000;70000;72000;79000
config_12,LED_g,5,w0.50,82500.0,0.29523333333333335,0.7690574712643677,0.7335991458700185,20000;28000;43000;50000;70000;72000;79000
config_12,LED_g,5,w0.50,83500.0,0.3236,0.7554827586206896,0.7224416863604216,20000;28000;43000;50000;70000;72000;79000
config_12,LED_g,5,w0.50,84500.0,0.3114,0.7577793103448276,0.7261189453655885,20000;28000;43000;50000;70000;72000;79000
config_12,LED_g,5,w0.50,85500.0,0.31716666666666665,0.7658735632183907,0.7294180469989301,20000;28000;43000;50000;70000;72000;79000
config_12,LED_g,5,w0.50,86500.0,0.33203333333333335,0.7585126436781608,0.7310365253723297,20000;28000;43000;50000;70000;72000;79000
config_12,LED_g,5,w0.50,87500.0,0.3467,0.7480390804597701,0.7157351533608874,20000;28000;43000;50000;70000;72000;79000
config_12,LED_g,5,w0.50,88500.0,0.3439333333333333,0.7498988505747125,0.7215394352023649,20000;28000;43000;50000;70000;72000;79000
config_12,LED_g,5,w0.50,89500.0,0.3680333333333333,0.7377356321839079,0.7062181275448443,20000;28000;43000;50000;70000;72000;79000
config_12,LED_g,5,w0.50,90500.0,0.36033333333333334,0.738880459770115,0.7026847164552642,20000;28000;43000;50000;70000;72000;79000
config_12,LED_g,5,w0.50,91500.0,0.36,0.7297402298850575,0.6976397792222347,20000;28000;43000;50000;70000;72000;79000
config_12,LED_g,5,w0.50,92500.0,0.372,0.7353057471264368,0.7096031291738217,20000;28000;43000;50000;70000;72000;79000
config_12,LED_g,5,w0.50,93500.0,0.37726666666666664,0.7207931034482757,0.6899468181114949,20000;28000;43000;50000;70000;72000;79000
config_12,LED_g,5,w0.50,94500.0,0.3930666666666667,0.6993563218390805,0.6688322563210829,20000;28000;43000;50000;70000;72000;79000
config_12,LED_g,5,w0.50,95500.0,0.3948333333333333,0.6940367816091955,0.6584898547036231,20000;28000;43000;50000;70000;72000;79000
config_12,LED_g,5,w0.50,96500.0,0.4133,0.6928873563218391,0.6550558684038076,20000;28000;43000;50000;70000;72000;79000
config_12,LED_g,5,w0.50,97500.0,0.3974666666666667,0.7125448275862069,0.6719632071691377,20000;28000;43000;50000;70000;72000;79000
config_12,LED_g,5,w0.50,98500.0,0.3999666666666667,0.7013540229885056,0.6599384537550151,20000;28000;43000;50000;70000;72000;79000
config_12,LED_g,5,w0.50,99500.0,0.4131,0.6961448275862069,0.655388040811342,20000;28000;43000;50000;70000;72000;79000
config_12,LED_g,5,w0.75,1500.0,0.47836666666666666,0.6052183908045976,0.5746372212147244,20000;28000;43000;50000;70000;72000;79000
config_12,LED_g,5,w0.75,2500.0,0.4571,0.6137287356321839,0.5815155110584925,20000;28000;43000;50000;70000;72000;79000
config_12,LED_g,5,w0.75,3500.0,0.4620666666666667,0.6117793103448277,0.5840565843707414,20000;28000;43000;50000;70000;72000;79000
config_12,LED_g,5,w0.75,4500.0,0.4779333333333333,0.5971609195402299,0.5616209179064506,20000;28000;43000;50000;70000;72000;79000
config_12,LED_g,5,w0.75,5500.0,0.4553333333333333,0.6254,0.5894030312483751,20000;28000;43000;50000;70000;72000;79000
config_12,LED_g,5,w0.75,6500.0,0.4163,0.668935632183908,0.6113528664560085,20000;28000;43000;50000;70000;72000;79000
config_12,LED_g,5,w0.75,7500.0,0.43083333333333335,0.6610528735632184,0.6180961668523234,20000;28000;43000;50000;70000;72000;79000
config_12,LED_g,5,w0.75,8500.0,0.44726666666666665,0.6446390804597701,0.6074442886983288,20000;28000;43000;50000;70000;72000;79000
config_12,LED_g,5,w0.75,9500.0,0.44656666666666667,0.623367816091954,0.5971942627571335,20000;28000;43000;50000;70000;72000;79000
config_12,LED_g,5,w0.75,10500.0,0.5264666666666666,0.5119402298850575,0.504895822943824,20000;28000;43000;50000;70000;72000;79000
config_12,LED_g,5,w0.75,11500.0,0.5755,0.42683678160919536,0.4087997747216765,20000;28000;43000;50000;70000;72000;79000
config_12,LED_g,5,w0.75,12500.0,0.5532333333333334,0.4818712643678162,0.424962033918163,20000;28000;43000;50000;70000;72000;79000
config_12,LED_g,5,w0.75,13500.0,0.523,0.528080459770115,0.4796347391087419,20000;28000;43000;50000;70000;72000;79000
config_12,LED_g,5,w0.75,14500.0,0.5261333333333333,0.5247333333333334,0.48346010023004693,20000;28000;43000;50000;70000;72000;79000
config_12,LED_g,5,w0.75,15500.0,0.5195333333333333,0.5255816091954023,0.48173483867110434,20000;28000;43000;50000;70000;72000;79000
config_12,LED_g,5,w0.75,16500.0,0.5137666666666667,0.5290252873563218,0.4800977264442615,20000;28000;43000;50000;70000;72000;79000
config_12,LED_g,5,w0.75,17500.0,0.5533333333333333,0.48945977011494257,0.45344460210264137,20000;28000;43000;50000;70000;72000;79000
config_12,LED_g,5,w0.75,18500.0,0.5638333333333333,0.46770574712643675,0.4446942518414113,20000;28000;43000;50000;70000;72000;79000
config_12,LED_g,5,w0.75,19500.0,0.5307333333333333,0.49560919540229886,0.46111351987852867,20000;28000;43000;50000;70000;72000;79000
config_12,LED_g,5,w0.75,20500.0,0.44743333333333335,0.5700712643678162,0.5330174245036288,20000;28000;43000;50000;70000;72000;79000
config_12,LED_g,5,w0.75,21500.0,0.4191,0.588448275862069,0.5593218690322762,20000;28000;43000;50000;70000;72000;79000
config_12,LED_g,5,w0.75,22500.0,0.45726666666666665,0.5660114942528736,0.5424421825557809,20000;28000;43000;50000;70000;72000;79000
config_12,LED_g,5,w0.75,23500.0,0.4913666666666667,0.5283103448275861,0.5107545974807935,20000;28000;43000;50000;70000;72000;79000
config_12,LED_g,5,w0.75,24500.0,0.5055,0.5165977011494254,0.4988387703931758,20000;28000;43000;50000;70000;72000;79000
config_12,LED_g,5,w0.75,25500.0,0.5148333333333334,0.5191770114942529,0.4982963058300168,20000;28000;43000;50000;70000;72000;79000
config_12,LED_g,5,w0.75,26500.0,0.5069666666666667,0.5331126436781609,0.5126742891778708,20000;28000;43000;50000;70000;72000;79000
config_12,LED_g,5,w0.75,27500.0,0.4756666666666667,0.5490988505747126,0.5217684763233068,20000;28000;43000;50000;70000;72000;79000
config_12,LED_g,5,w0.75,28500.0,0.3826,0.5979402298850575,0.5655744963355602,20000;28000;43000;50000;70000;72000;79000
config_12,LED_g,5,w0.75,29500.0,0.3868333333333333,0.6121333333333334,0.5830371097480739,20000;28000;43000;50000;70000;72000;79000
config_12,LED_g,5,w0.75,30500.0,0.40326666666666666,0.6165609195402297,0.5888756822499422,20000;28000;43000;50000;70000;72000;79000
config_12,LED_g,5,w0.75,31500.0,0.41423333333333334,0.5887655172413793,0.5624916484079333,20000;28000;43000;50000;70000;72000;79000
config_12,LED_g,5,w0.75,32500.0,0.4262,0.5993425287356323,0.5796043633603614,20000;28000;43000;50000;70000;72000;79000
config_12,LED_g,5,w0.75,33500.0,0.45793333333333336,0.5993310344827586,0.5621014985115794,20000;28000;43000;50000;70000;72000;79000
config_12,LED_g,5,w0.75,34500.0,0.4246666666666667,0.6145379310344827,0.5850876157214924,20000;28000;43000;50000;70000;72000;79000
config_12,LED_g,5,w0.75,35500.0,0.4302,0.6270206896551723,0.5963155032572989,20000;28000;43000;50000;70000;72000;79000
config_12,LED_g,5,w0.75,36500.0,0.43496666666666667,0.6304459770114942,0.5925291011310524,20000;28000;43000;50000;70000;72000;79000
config_12,LED_g,5,w0.75,37500.0,0.4616,0.6055448275862069,0.5688677375052247,20000;28000;43000;50000;70000;72000;79000
config_12,LED_g,5,w0.75,38500.0,0.4710666666666667,0.5884045977011495,0.5647765268674177,20000;28000;43000;50000;70000;72000;79000
config_12,LED_g,5,w0.75,39500.0,0.4764333333333333,0.5789540229885057,0.5546912163685409,20000;28000;43000;50000;70000;72000;79000
config_12,LED_g,5,w0.75,40500.0,0.48,0.5592045977011495,0.535909498968822,20000;28000;43000;50000;70000;72000;79000
config_12,LED_g,5,w0.75,41500.0,0.48036666666666666,0.5617333333333333,0.5329070901691946,20000;28000;43000;50000;70000;72000;79000
config_12,LED_g,5,w0.75,42500.0,0.4625666666666667,0.5729011494252874,0.5450779895314983,20000;28000;43000;50000;70000;72000;79000
config_12,LED_g,5,w0.75,43500.0,0.41136666666666666,0.5778597701149425,0.5547206090817773,20000;28000;43000;50000;70000;72000;79000
config_12,LED_g,5,w0.75,44500.0,0.3957,0.5979494252873563,0.5678365268375243,20000;28000;43000;50000;70000;72000;79000
config_12,LED_g,5,w0.75,45500.0,0.39873333333333333,0.6031494252873564,0.5734949251943707,20000;28000;43000;50000;70000;72000;79000
config_12,LED_g,5,w0.75,46500.0,0.40186666666666665,0.6026413793103448,0.570413600274061,20000;28000;43000;50000;70000;72000;79000
config_12,LED_g,5,w0.75,47500.0,0.4177666666666667,0.6091379310344828,0.5773058029301924,20000;28000;43000;50000;70000;72000;79000
config_12,LED_g,5,w0.75,48500.0,0.41546666666666665,0.6206758620689656,0.5883984859387476,20000;28000;43000;50000;70000;72000;79000
config_12,LED_g,5,w0.75,49500.0,0.41763333333333336,0.6157609195402298,0.5822413488353825,20000;28000;43000;50000;70000;72000;79000
config_12,LED_g,5,w0.75,50500.0,0.3404333333333333,0.6461632183908046,0.6181409703360494,20000;28000;43000;50000;70000;72000;79000
config_12,LED_g,5,w0.75,51500.0,0.3341,0.6556965517241378,0.6278405437927972,20000;28000;43000;50000;70000;72000;79000
config_12,LED_g,5,w0.75,52500.0,0.34303333333333336,0.6608436781609195,0.6308906064695537,20000;28000;43000;50000;70000;72000;79000
config_12,LED_g,5,w0.75,53500.0,0.3683,0.6595264367816092,0.6318474595060665,20000;28000;43000;50000;70000;72000;79000
config_12,LED_g,5,w0.75,54500.0,0.37,0.6549057471264368,0.6262569595213971,20000;28000;43000;50000;70000;72000;79000
config_12,LED_g,5,w0.75,55500.0,0.39053333333333334,0.6490528735632183,0.6167189048933834,20000;28000;43000;50000;70000;72000;79000
config_12,LED_g,5,w0.75,56500.0,0.37466666666666665,0.6710091954022988,0.6368420685860994,20000;28000;43000;50000;70000;72000;79000
config_12,LED_g,5,w0.75,57500.0,0.3819666666666667,0.6797701149425287,0.641557911689706,20000;28000;43000;50000;70000;72000;79000
config_12,LED_g,5,w0.75,58500.0,0.4052,0.657632183908046,0.6254947174420848,20000;28000;43000;50000;70000;72000;79000
config_12,LED_g,5,w0.75,59500.0,0.39243333333333336,0.6635701149425288,0.6332276442847519,20000;28000;43000;50000;70000;72000;79000
config_12,LED_g,5,w0.75,60500.0,0.4031,0.6721494252873563,0.6348564452908741,20000;28000;43000;50000;70000;72000;79000
config_12,LED_g,5,w0.75,61500.0,0.4123,0.6622689655172413,0.6236946108426118,20000;28000;43000;50000;70000;72000;79000
config_12,LED_g,5,w0.75,62500.0,0.391,0.6771149425287357,0.637201011863224,20000;28000;43000;50000;70000;72000;79000
config_12,LED_g,5,w0.75,63500.0,0.3858,0.6984597701149425,0.6521942424242424,20000;28000;43000;50000;70000;72000;79000
config_12,LED_g,5,w0.75,64500.0,0.40173333333333333,0.6770528735632184,0.6334700025589132,20000;28000;43000;50000;70000;72000;79000
config_12,LED_g,5,w0.75,65500.0,0.41673333333333334,0.6702436781609197,0.6275887061689723,20000;28000;43000;50000;70000;72000;79000
config_12,LED_g,5,w0.75,66500.0,0.4252666666666667,0.6598896551724138,0.6138735559954337,20000;28000;43000;50000;70000;72000;79000
config_12,LED_g,5,w0.75,67500.0,0.4361333333333333,0.6554666666666666,0.6135033466935862,20000;28000;43000;50000;70000;72000;79000
config_12,LED_g,5,w0.75,68500.0,0.43666666666666665,0.6538896551724138,0.6090254918040886,20000;28000;43000;50000;70000;72000;79000
config_12,LED_g,5,w0.75,69500.0,0.4112,0.6577977011494253,0.6115142001249061,20000;28000;43000;50000;70000;72000;79000
config_12,LED_g,5,w0.75,70500.0,0.3199,0.6973103448275861,0.657216607372644,20000;28000;43000;50000;70000;72000;79000
config_12,LED_g,5,w0.75,71500.0,0.2856,0.7092919540229886,0.6648355347626502,20000;28000;43000;50000;70000;72000;79000
config_12,LED_g,5,w0.75,72500.0,0.2801666666666667,0.6982988505747126,0.6598245523660653,20000;28000;43000;50000;70000;72000;79000
config_12,LED_g,5,w0.75,73500.0,0.28396666666666665,0.6936344827586207,0.6525691494065832,20000;28000;43000;50000;70000;72000;79000
config_12,LED_g,5,w0.75,74500.0,0.2913,0.7219632183908046,0.6778954976089506,20000;28000;43000;50000;70000;72000;79000
config_12,LED_g,5,w0.75,75500.0,0.2994,0.7286298850574713,0.6819906525447826,20000;28000;43000;50000;70000;72000;79000
config_12,LED_g,5,w0.75,76500.0,0.3086,0.7495908045977011,0.6965186928627252,20000;28000;43000;50000;70000;72000;79000
config_12,LED_g,5,w0.75,77500.0,0.3071333333333333,0.7685103448275863,0.7138090714885176,20000;28000;43000;50000;70000;72000;79000
config_12,LED_g,5,w0.75,78500.0,0.31106666666666666,0.7576137931034483,0.7161524076671341,20000;28000;43000;50000;70000;72000;79000
config_12,LED_g,5,w0.75,79500.0,0.2608333333333333,0.7851678160919541,0.7498882607413234,20000;28000;43000;50000;70000;72000;79000
config_12,LED_g,5,w0.75,80500.0,0.2795666666666667,0.7783770114942529,0.7423730120481925,20000;28000;43000;50000;70000;72000;79000
config_12,LED_g,5,w0.75,81500.0,0.2957666666666667,0.7648206896551725,0.7359952365955437,20000;28000;43000;50000;70000;72000;79000
config_12,LED_g,5,w0.75,82500.0,0.30246666666666666,0.756480459770115,0.7320942717843497,20000;28000;43000;50000;70000;72000;79000
config_12,LED_g,5,w0.75,83500.0,0.32676666666666665,0.7508827586206896,0.7264306745004315,20000;28000;43000;50000;70000;72000;79000
config_12,LED_g,5,w0.75,84500.0,0.3172333333333333,0.7552620689655172,0.727260634370009,20000;28000;43000;50000;70000;72000;79000
config_12,LED_g,5,w0.75,85500.0,0.32706666666666667,0.7508068965517242,0.7202240931141243,20000;28000;43000;50000;70000;72000;79000
config_12,LED_g,5,w0.75,86500.0,0.34586666666666666,0.742648275862069,0.7120614071919142,20000;28000;43000;50000;70000;72000;79000
config_12,LED_g,5,w0.75,87500.0,0.3510333333333333,0.752319540229885,0.7176790533337395,20000;28000;43000;50000;70000;72000;79000
config_12,LED_g,5,w0.75,88500.0,0.3389333333333333,0.7554114942528736,0.7196227484773875,20000;28000;43000;50000;70000;72000;79000
config_12,LED_g,5,w0.75,89500.0,0.36606666666666665,0.7325333333333333,0.6942997848305541,20000;28000;43000;50000;70000;72000;79000
config_12,LED_g,5,w0.75,90500.0,0.3661,0.7322735632183909,0.6929208877142313,20000;28000;43000;50000;70000;72000;79000
config_12,LED_g,5,w0.75,91500.0,0.3620333333333333,0.7274528735632184,0.6881505849965588,20000;28000;43000;50000;70000;72000;79000
config_12,LED_g,5,w0.75,92500.0,0.3806333333333333,0.7214137931034482,0.6848082183010219,20000;28000;43000;50000;70000;72000;79000
config_12,LED_g,5,w0.75,93500.0,0.37733333333333335,0.7212298850574712,0.6840309436788882,20000;28000;43000;50000;70000;72000;79000
config_12,LED_g,5,w0.75,94500.0,0.37193333333333334,0.7113632183908047,0.6779737552027132,20000;28000;43000;50000;70000;72000;79000
config_12,LED_g,5,w0.75,95500.0,0.37716666666666665,0.7061862068965516,0.6677632895677365,20000;28000;43000;50000;70000;72000;79000
config_12,LED_g,5,w0.75,96500.0,0.39476666666666665,0.698128735632184,0.6616472502897822,20000;28000;43000;50000;70000;72000;79000
config_12,LED_g,5,w0.75,97500.0,0.37933333333333336,0.7114505747126435,0.6720722099825267,20000;28000;43000;50000;70000;72000;79000
config_12,LED_g,5,w0.75,98500.0,0.39586666666666664,0.7030827586206897,0.6588418065094762,20000;28000;43000;50000;70000;72000;79000
config_12,LED_g,5,w0.75,99500.0,0.4030666666666667,0.7000183908045977,0.6546047956154374,20000;28000;43000;50000;70000;72000;79000
config_12,LED_g,5,w0.95,1500.0,0.47813333333333335,0.604248275862069,0.5761604950989325,20000;28000;43000;50000;70000;72000;79000
config_12,LED_g,5,w0.95,2500.0,0.4598,0.610032183908046,0.5799954741597276,20000;28000;43000;50000;70000;72000;79000
config_12,LED_g,5,w0.95,3500.0,0.4609,0.616503448275862,0.5875740094765914,20000;28000;43000;50000;70000;72000;79000
config_12,LED_g,5,w0.95,4500.0,0.4816,0.5930620689655173,0.5559719744124425,20000;28000;43000;50000;70000;72000;79000
config_12,LED_g,5,w0.95,5500.0,0.4448,0.6355632183908047,0.5987167935472176,20000;28000;43000;50000;70000;72000;79000
config_12,LED_g,5,w0.95,6500.0,0.41383333333333333,0.6679839080459771,0.612194563753407,20000;28000;43000;50000;70000;72000;79000
config_12,LED_g,5,w0.95,7500.0,0.4286333333333333,0.6585931034482758,0.6126148434021078,20000;28000;43000;50000;70000;72000;79000
config_12,LED_g,5,w0.95,8500.0,0.4469666666666667,0.6403126436781609,0.6037907429475925,20000;28000;43000;50000;70000;72000;79000
config_12,LED_g,5,w0.95,9500.0,0.4463,0.6347264367816092,0.6012639672621506,20000;28000;43000;50000;70000;72000;79000
config_12,LED_g,5,w0.95,10500.0,0.46216666666666667,0.6213701149425287,0.5903139750135609,20000;28000;43000;50000;70000;72000;79000
config_12,LED_g,5,w0.95,11500.0,0.44653333333333334,0.6059172413793104,0.5730149180941765,20000;28000;43000;50000;70000;72000;79000
config_12,LED_g,5,w0.95,12500.0,0.4424,0.6242528735632186,0.5754907419196421,20000;28000;43000;50000;70000;72000;79000
config_12,LED_g,5,w0.95,13500.0,0.4543,0.6176827586206897,0.5751075813288167,20000;28000;43000;50000;70000;72000;79000
config_12,LED_g,5,w0.95,14500.0,0.4824333333333333,0.584735632183908,0.5574355234724149,20000;28000;43000;50000;70000;72000;79000
config_12,LED_g,5,w0.95,15500.0,0.5959666666666666,0.3949241379310344,0.3753737005361372,20000;28000;43000;50000;70000;72000;79000
config_12,LED_g,5,w0.95,16500.0,0.5819,0.4073402298850574,0.3817084525075635,20000;28000;43000;50000;70000;72000;79000
config_12,LED_g,5,w0.95,17500.0,0.5880666666666666,0.41241149425287355,0.38562548934096097,20000;28000;43000;50000;70000;72000;79000
config_12,LED_g,5,w0.95,18500.0,0.5836,0.43044597701149423,0.3976075005884353,20000;28000;43000;50000;70000;72000;79000
config_12,LED_g,5,w0.95,19500.0,0.5404333333333333,0.4788781609195403,0.4424966873186978,20000;28000;43000;50000;70000;72000;79000
config_12,LED_g,5,w0.95,20500.0,0.4774333333333333,0.5397816091954023,0.5019950911851818,20000;28000;43000;50000;70000;72000;79000
config_12,LED_g,5,w0.95,21500.0,0.4463666666666667,0.580912643678161,0.5446307287818123,20000;28000;43000;50000;70000;72000;79000
config_12,LED_g,5,w0.95,22500.0,0.4728,0.5624896551724138,0.5352921234504414,20000;28000;43000;50000;70000;72000;79000
config_12,LED_g,5,w0.95,23500.0,0.4711,0.5701057471264367,0.5485641110402746,20000;28000;43000;50000;70000;72000;79000
config_12,LED_g,5,w0.95,24500.0,0.4679333333333333,0.5622206896551725,0.5410475325461702,20000;28000;43000;50000;70000;72000;79000
config_12,LED_g,5,w0.95,25500.0,0.46503333333333335,0.559464367816092,0.5337839381357371,20000;28000;43000;50000;70000;72000;79000
config_12,LED_g,5,w0.95,26500.0,0.47163333333333335,0.5822114942528736,0.5480150468245848,20000;28000;43000;50000;70000;72000;79000
config_12,LED_g,5,w0.95,27500.0,0.46066666666666667,0.5825540229885058,0.5581547562131808,20000;28000;43000;50000;70000;72000;79000
config_12,LED_g,5,w0.95,28500.0,0.35846666666666666,0.636680459770115,0.604833970286151,20000;28000;43000;50000;70000;72000;79000
config_12,LED_g,5,w0.95,29500.0,0.3832,0.631151724137931,0.6061132044162222,20000;28000;43000;50000;70000;72000;79000
config_12,LED_g,5,w0.95,30500.0,0.40203333333333335,0.6184689655172414,0.5906339774153074,20000;28000;43000;50000;70000;72000;79000
config_12,LED_g,5,w0.95,31500.0,0.3978333333333333,0.6243609195402299,0.5935736257565358,20000;28000;43000;50000;70000;72000;79000
config_12,LED_g,5,w0.95,32500.0,0.4205333333333333,0.6238988505747125,0.5961076083869515,20000;28000;43000;50000;70000;72000;79000
config_12,LED_g,5,w0.95,33500.0,0.47063333333333335,0.5895402298850575,0.5686353836755035,20000;28000;43000;50000;70000;72000;79000
config_12,LED_g,5,w0.95,34500.0,0.42883333333333334,0.6164505747126436,0.5859132665867195,20000;28000;43000;50000;70000;72000;79000
config_12,LED_g,5,w0.95,35500.0,0.4434666666666667,0.6156850574712645,0.5763958684464314,20000;28000;43000;50000;70000;72000;79000
config_12,LED_g,5,w0.95,36500.0,0.4567,0.6057333333333333,0.5817215276101129,20000;28000;43000;50000;70000;72000;79000
config_12,LED_g,5,w0.95,37500.0,0.4551,0.6093356321839078,0.5699548288907249,20000;28000;43000;50000;70000;72000;79000
config_12,LED_g,5,w0.95,38500.0,0.4728,0.586535632183908,0.5633288519129447,20000;28000;43000;50000;70000;72000;79000
config_12,LED_g,5,w0.95,39500.0,0.46713333333333334,0.5925655172413792,0.5654006622787294,20000;28000;43000;50000;70000;72000;79000
config_12,LED_g,5,w0.95,40500.0,0.46826666666666666,0.5821057471264368,0.5556193830263992,20000;28000;43000;50000;70000;72000;79000
config_12,LED_g,5,w0.95,41500.0,0.4772,0.577016091954023,0.5572672894579227,20000;28000;43000;50000;70000;72000;79000
config_12,LED_g,5,w0.95,42500.0,0.4588,0.5846735632183908,0.5604577466537536,20000;28000;43000;50000;70000;72000;79000
config_12,LED_g,5,w0.95,43500.0,0.3929666666666667,0.5875425287356322,0.5660958004029134,20000;28000;43000;50000;70000;72000;79000
config_12,LED_g,5,w0.95,44500.0,0.3838666666666667,0.5992735632183909,0.5721170833602516,20000;28000;43000;50000;70000;72000;79000
config_12,LED_g,5,w0.95,45500.0,0.3934,0.6052252873563219,0.5794883351290229,20000;28000;43000;50000;70000;72000;79000
config_12,LED_g,5,w0.95,46500.0,0.4101,0.5946459770114942,0.5712887767599079,20000;28000;43000;50000;70000;72000;79000
config_12,LED_g,5,w0.95,47500.0,0.4165,0.5994620689655172,0.5781688696224334,20000;28000;43000;50000;70000;72000;79000
config_12,LED_g,5,w0.95,48500.0,0.4145333333333333,0.6161724137931034,0.5922718030818491,20000;28000;43000;50000;70000;72000;79000
config_12,LED_g,5,w0.95,49500.0,0.41546666666666665,0.6154689655172415,0.5918181061039366,20000;28000;43000;50000;70000;72000;79000
config_12,LED_g,5,w0.95,50500.0,0.3448,0.6461264367816092,0.6204683225907875,20000;28000;43000;50000;70000;72000;79000
config_12,LED_g,5,w0.95,51500.0,0.34353333333333336,0.6626620689655172,0.6293104282669967,20000;28000;43000;50000;70000;72000;79000
config_12,LED_g,5,w0.95,52500.0,0.3582666666666667,0.663455172413793,0.6293068832192913,20000;28000;43000;50000;70000;72000;79000
config_12,LED_g,5,w0.95,53500.0,0.3919,0.6476528735632184,0.617091265086972,20000;28000;43000;50000;70000;72000;79000
config_12,LED_g,5,w0.95,54500.0,0.4002,0.6220850574712643,0.5911103346517204,20000;28000;43000;50000;70000;72000;79000
config_12,LED_g,5,w0.95,55500.0,0.40873333333333334,0.6313172413793104,0.5914695296231269,20000;28000;43000;50000;70000;72000;79000
config_12,LED_g,5,w0.95,56500.0,0.4108,0.6387287356321839,0.5984936214979522,20000;28000;43000;50000;70000;72000;79000
config_12,LED_g,5,w0.95,57500.0,0.41183333333333333,0.6502735632183909,0.6003307536158335,20000;28000;43000;50000;70000;72000;79000
config_12,LED_g,5,w0.95,58500.0,0.43183333333333335,0.639671264367816,0.5882728341411242,20000;28000;43000;50000;70000;72000;79000
config_12,LED_g,5,w0.95,59500.0,0.41606666666666664,0.6461034482758621,0.5970391730696625,20000;28000;43000;50000;70000;72000;79000
config_12,LED_g,5,w0.95,60500.0,0.43296666666666667,0.6437126436781608,0.5908404867683987,20000;28000;43000;50000;70000;72000;79000
config_12,LED_g,5,w0.95,61500.0,0.4403,0.6335563218390804,0.577375584957432,20000;28000;43000;50000;70000;72000;79000
config_12,LED_g,5,w0.95,62500.0,0.43656666666666666,0.6243954022988505,0.5762559192070321,20000;28000;43000;50000;70000;72000;79000
config_12,LED_g,5,w0.95,63500.0,0.4308,0.6414988505747127,0.5891278546917524,20000;28000;43000;50000;70000;72000;79000
config_12,LED_g,5,w0.95,64500.0,0.44226666666666664,0.6304367816091955,0.5700883660056869,20000;28000;43000;50000;70000;72000;79000
config_12,LED_g,5,w0.95,65500.0,0.4507333333333333,0.6308942528735632,0.5695433633217993,20000;28000;43000;50000;70000;72000;79000
config_12,LED_g,5,w0.95,66500.0,0.45693333333333336,0.6235999999999999,0.5622552792702736,20000;28000;43000;50000;70000;72000;79000
config_12,LED_g,5,w0.95,67500.0,0.4553333333333333,0.6364620689655173,0.5743040122756204,20000;28000;43000;50000;70000;72000;79000
config_12,LED_g,5,w0.95,68500.0,0.4607,0.6295379310344827,0.5646949189972263,20000;28000;43000;50000;70000;72000;79000
config_12,LED_g,5,w0.95,69500.0,0.43043333333333333,0.6280459770114942,0.5647992649299208,20000;28000;43000;50000;70000;72000;79000
config_12,LED_g,5,w0.95,70500.0,0.3359666666666667,0.6683241379310345,0.6142778705974292,20000;28000;43000;50000;70000;72000;79000
config_12,LED_g,5,w0.95,71500.0,0.29136666666666666,0.6953471264367816,0.6366775528823411,20000;28000;43000;50000;70000;72000;79000
config_12,LED_g,5,w0.95,72500.0,0.2878,0.6850459770114943,0.6246245918557242,20000;28000;43000;50000;70000;72000;79000
config_12,LED_g,5,w0.95,73500.0,0.2910333333333333,0.6832758620689654,0.6171788624802219,20000;28000;43000;50000;70000;72000;79000
config_12,LED_g,5,w0.95,74500.0,0.3112666666666667,0.6985655172413793,0.6351449962092495,20000;28000;43000;50000;70000;72000;79000
config_12,LED_g,5,w0.95,75500.0,0.3119,0.7012137931034483,0.6390147023301502,20000;28000;43000;50000;70000;72000;79000
config_12,LED_g,5,w0.95,76500.0,0.3214666666666667,0.713606896551724,0.661808850891826,20000;28000;43000;50000;70000;72000;79000
config_12,LED_g,5,w0.95,77500.0,0.31433333333333335,0.7512804597701149,0.6949469375928138,20000;28000;43000;50000;70000;72000;79000
config_12,LED_g,5,w0.95,78500.0,0.3172333333333333,0.741648275862069,0.6948076876292423,20000;28000;43000;50000;70000;72000;79000
config_12,LED_g,5,w0.95,79500.0,0.2554,0.7739977011494252,0.7320283709198072,20000;28000;43000;50000;70000;72000;79000
config_12,LED_g,5,w0.95,80500.0,0.27413333333333334,0.7688275862068965,0.7313044471553731,20000;28000;43000;50000;70000;72000;79000
config_12,LED_g,5,w0.95,81500.0,0.2838333333333333,0.7660827586206896,0.7298820978167041,20000;28000;43000;50000;70000;72000;79000
config_12,LED_g,5,w0.95,82500.0,0.2982,0.7602160919540231,0.7202340781362425,20000;28000;43000;50000;70000;72000;79000
config_12,LED_g,5,w0.95,83500.0,0.3268,0.7506183908045977,0.712941401231375,20000;28000;43000;50000;70000;72000;79000
config_12,LED_g,5,w0.95,84500.0,0.3031333333333333,0.762193103448276,0.7225380216941166,20000;28000;43000;50000;70000;72000;79000
config_12,LED_g,5,w0.95,85500.0,0.31593333333333334,0.7746896551724138,0.7324676154021073,20000;28000;43000;50000;70000;72000;79000
config_12,LED_g,5,w0.95,86500.0,0.3378,0.7508,0.708592608522501,20000;28000;43000;50000;70000;72000;79000
config_12,LED_g,5,w0.95,87500.0,0.35586666666666666,0.7405632183908046,0.692423933521242,20000;28000;43000;50000;70000;72000;79000
config_12,LED_g,5,w0.95,88500.0,0.3572666666666667,0.7405011494252873,0.6979094108578991,20000;28000;43000;50000;70000;72000;79000
config_12,LED_g,5,w0.95,89500.0,0.36433333333333334,0.7353540229885058,0.6865476190476189,20000;28000;43000;50000;70000;72000;79000
config_12,LED_g,5,w0.95,90500.0,0.37306666666666666,0.7303999999999999,0.6752798641202591,20000;28000;43000;50000;70000;72000;79000
config_12,LED_g,5,w0.95,91500.0,0.3665333333333333,0.7285793103448276,0.6825667878787878,20000;28000;43000;50000;70000;72000;79000
config_12,LED_g,5,w0.95,92500.0,0.37356666666666666,0.7349586206896551,0.6842115341233296,20000;28000;43000;50000;70000;72000;79000
config_12,LED_g,5,w0.95,93500.0,0.37976666666666664,0.7231402298850576,0.6678836283965851,20000;28000;43000;50000;70000;72000;79000
config_12,LED_g,5,w0.95,94500.0,0.39203333333333334,0.6995632183908046,0.6476036426612116,20000;28000;43000;50000;70000;72000;79000
config_12,LED_g,5,w0.95,95500.0,0.3958333333333333,0.6932298850574713,0.6368105504171201,20000;28000;43000;50000;70000;72000;79000
config_12,LED_g,5,w0.95,96500.0,0.4169333333333333,0.6813655172413793,0.6257431415975429,20000;28000;43000;50000;70000;72000;79000
config_12,LED_g,5,w0.95,97500.0,0.4018,0.6949310344827585,0.641913703862758,20000;28000;43000;50000;70000;72000;79000
config_12,LED_g,5,w0.95,98500.0,0.4111,0.6888252873563218,0.6366821458124645,20000;28000;43000;50000;70000;72000;79000
config_12,LED_g,5,w0.95,99500.0,0.42123333333333335,0.6859471264367816,0.6260387181784641,20000;28000;43000;50000;70000;72000;79000
config_12,AGR_a,1,w0.50,1500.0,0.7669333333333334,0.28946206896551724,0.2569924184764537,20000;40000;60000;80000
config_12,AGR_a,1,w0.50,2500.0,0.7726,0.2890436781609196,0.2584008432949995,20000;40000;60000;80000
config_12,AGR_a,1,w0.50,3500.0,0.7862333333333333,0.24639770114942527,0.22244839123500448,20000;40000;60000;80000
config_12,AGR_a,1,w0.50,4500.0,0.7739666666666667,0.22886206896551725,0.21048373986573626,20000;40000;60000;80000
config_12,AGR_a,1,w0.50,5500.0,0.7677666666666667,0.2801954022988506,0.253760888674021,20000;40000;60000;80000
config_12,AGR_a,1,w0.50,6500.0,0.7552666666666666,0.2975586206896552,0.2639012364397207,20000;40000;60000;80000
config_12,AGR_a,1,w0.50,7500.0,0.7537666666666667,0.28958390804597706,0.2557595544046145,20000;40000;60000;80000
config_12,AGR_a,1,w0.50,8500.0,0.7642666666666666,0.2966620689655172,0.2611629592583192,20000;40000;60000;80000
config_12,AGR_a,1,w0.50,9500.0,0.7529333333333333,0.28181149425287355,0.2502707075032302,20000;40000;60000;80000
config_12,AGR_a,1,w0.50,10500.0,0.7827,0.2474275862068966,0.22573254982400695,20000;40000;60000;80000
config_12,AGR_a,1,w0.50,11500.0,0.7588666666666667,0.2639310344827586,0.2431727416740618,20000;40000;60000;80000
config_12,AGR_a,1,w0.50,12500.0,0.7816,0.24409655172413794,0.22339348564855965,20000;40000;60000;80000
config_12,AGR_a,1,w0.50,13500.0,0.7803333333333333,0.2447080459770115,0.2241925959311162,20000;40000;60000;80000
config_12,AGR_a,1,w0.50,14500.0,0.7715333333333333,0.2617241379310345,0.23606200034446628,20000;40000;60000;80000
config_12,AGR_a,1,w0.50,15500.0,0.7669,0.29934022988505743,0.26234095606994545,20000;40000;60000;80000
config_12,AGR_a,1,w0.50,16500.0,0.7604666666666666,0.29013333333333335,0.25697901000750845,20000;40000;60000;80000
config_12,AGR_a,1,w0.50,17500.0,0.7699666666666667,0.2660344827586207,0.23959193786475041,20000;40000;60000;80000
config_12,AGR_a,1,w0.50,18500.0,0.7734666666666666,0.2656597701149426,0.23931391539308947,20000;40000;60000;80000
config_12,AGR_a,1,w0.50,19500.0,0.7711666666666667,0.2682781609195402,0.24139413295225307,20000;40000;60000;80000
config_12,AGR_a,1,w0.50,20500.0,0.4600666666666667,0.3396551724137931,0.30543837026945686,20000;40000;60000;80000
config_12,AGR_a,1,w0.50,21500.0,0.4688333333333333,0.3579333333333334,0.32823661294927514,20000;40000;60000;80000
config_12,AGR_a,1,w0.50,22500.0,0.4801,0.3910413793103448,0.35867903418637714,20000;40000;60000;80000
config_12,AGR_a,1,w0.50,23500.0,0.5115333333333333,0.44223448275862065,0.4202190277920701,20000;40000;60000;80000
config_12,AGR_a,1,w0.50,24500.0,0.5197333333333334,0.44402298850574706,0.42243430958466216,20000;40000;60000;80000
config_12,AGR_a,1,w0.50,25500.0,0.5359333333333334,0.4608229885057472,0.4489398880378023,20000;40000;60000;80000
config_12,AGR_a,1,w0.50,26500.0,0.5435333333333333,0.4651310344827586,0.45631465724360726,20000;40000;60000;80000
config_12,AGR_a,1,w0.50,27500.0,0.5563,0.4659885057471264,0.4587690951236508,20000;40000;60000;80000
config_12,AGR_a,1,w0.50,28500.0,0.5715666666666667,0.42174942528735637,0.4108408104473521,20000;40000;60000;80000
config_12,AGR_a,1,w0.50,29500.0,0.5753333333333334,0.42428045977011497,0.4119629657760983,20000;40000;60000;80000
config_12,AGR_a,1,w0.50,30500.0,0.5816,0.41968735632183907,0.4068993160765302,20000;40000;60000;80000
config_12,AGR_a,1,w0.50,31500.0,0.5837,0.38717471264367814,0.3716747771053454,20000;40000;60000;80000
config_12,AGR_a,1,w0.50,32500.0,0.5773333333333334,0.3778896551724138,0.35707447217799454,20000;40000;60000;80000
config_12,AGR_a,1,w0.50,33500.0,0.5942,0.3510206896551724,0.342741349585461,20000;40000;60000;80000
config_12,AGR_a,1,w0.50,34500.0,0.5762666666666667,0.41796781609195405,0.39655216313654795,20000;40000;60000;80000
config_12,AGR_a,1,w0.50,35500.0,0.5606,0.44672643678160917,0.42972713329425083,20000;40000;60000;80000
config_12,AGR_a,1,w0.50,36500.0,0.5787333333333333,0.42295172413793103,0.40658791790031107,20000;40000;60000;80000
config_12,AGR_a,1,w0.50,37500.0,0.5779,0.42885287356321844,0.4142441955335176,20000;40000;60000;80000
config_12,AGR_a,1,w0.50,38500.0,0.5578333333333333,0.4603333333333333,0.4481080155751219,20000;40000;60000;80000
config_12,AGR_a,1,w0.50,39500.0,0.5621333333333334,0.455696551724138,0.4393390938974239,20000;40000;60000;80000
config_12,AGR_a,1,w0.50,40500.0,0.4964,0.4642804597701149,0.45280571189964586,20000;40000;60000;80000
config_12,AGR_a,1,w0.50,41500.0,0.5135,0.4782275862068966,0.4674329412356106,20000;40000;60000;80000
config_12,AGR_a,1,w0.50,42500.0,0.5201,0.4815287356321839,0.46995633317148244,20000;40000;60000;80000
config_12,AGR_a,1,w0.50,43500.0,0.5278666666666667,0.47804137931034485,0.4690229609703298,20000;40000;60000;80000
config_12,AGR_a,1,w0.50,44500.0,0.5356,0.4605747126436782,0.45177010940358864,20000;40000;60000;80000
config_12,AGR_a,1,w0.50,45500.0,0.5414,0.45662528735632185,0.4476400696071018,20000;40000;60000;80000
config_12,AGR_a,1,w0.50,46500.0,0.5373,0.44486666666666663,0.43547231814962734,20000;40000;60000;80000
config_12,AGR_a,1,w0.50,47500.0,0.5437,0.4430091954022989,0.43516684385145016,20000;40000;60000;80000
config_12,AGR_a,1,w0.50,48500.0,0.5428,0.435416091954023,0.4286342255064879,20000;40000;60000;80000
config_12,AGR_a,1,w0.50,49500.0,0.5408333333333334,0.46783678160919545,0.46160460047337987,20000;40000;60000;80000
config_12,AGR_a,1,w0.50,50500.0,0.5531,0.46914712643678164,0.46037111266680614,20000;40000;60000;80000
config_12,AGR_a,1,w0.50,51500.0,0.5482,0.4749885057471264,0.4667135553467449,20000;40000;60000;80000
config_12,AGR_a,1,w0.50,52500.0,0.5555666666666667,0.47475632183908045,0.46704873854868084,20000;40000;60000;80000
config_12,AGR_a,1,w0.50,53500.0,0.5509666666666667,0.477983908045977,0.4704788186487263,20000;40000;60000;80000
config_12,AGR_a,1,w0.50,54500.0,0.5600333333333334,0.4717402298850575,0.4649436143279601,20000;40000;60000;80000
config_12,AGR_a,1,w0.50,55500.0,0.5666333333333333,0.46242068965517247,0.4542869459731752,20000;40000;60000;80000
config_12,AGR_a,1,w0.50,56500.0,0.5577,0.4628666666666667,0.45544382988317855,20000;40000;60000;80000
config_12,AGR_a,1,w0.50,57500.0,0.5700666666666667,0.45423908045977013,0.4452207303830221,20000;40000;60000;80000
config_12,AGR_a,1,w0.50,58500.0,0.5716333333333333,0.4553816091954023,0.44521986431841726,20000;40000;60000;80000
config_12,AGR_a,1,w0.50,59500.0,0.5669,0.45812643678160925,0.4484410958158398,20000;40000;60000;80000
config_12,AGR_a,1,w0.50,60500.0,0.4966333333333333,0.45898620689655173,0.4554723508252586,20000;40000;60000;80000
config_12,AGR_a,1,w0.50,61500.0,0.4945,0.46967126436781614,0.46724026594897033,20000;40000;60000;80000
config_12,AGR_a,1,w0.50,62500.0,0.5028333333333334,0.4719793103448276,0.4692408659768947,20000;40000;60000;80000
config_12,AGR_a,1,w0.50,63500.0,0.526,0.47248275862068967,0.47001196398111794,20000;40000;60000;80000
config_12,AGR_a,1,w0.50,64500.0,0.5241666666666667,0.4720850574712644,0.4690174413965883,20000;40000;60000;80000
config_12,AGR_a,1,w0.50,65500.0,0.5359,0.4710413793103449,0.4680398117322925,20000;40000;60000;80000
config_12,AGR_a,1,w0.50,66500.0,0.5423,0.46860919540229884,0.4648906089059398,20000;40000;60000;80000
config_12,AGR_a,1,w0.50,67500.0,0.5429666666666667,0.4646551724137931,0.46148311970872063,20000;40000;60000;80000
config_12,AGR_a,1,w0.50,68500.0,0.5537666666666666,0.4694965517241379,0.46622244240594346,20000;40000;60000;80000
config_12,AGR_a,1,w0.50,69500.0,0.553,0.47004137931034484,0.4662745208608959,20000;40000;60000;80000
config_12,AGR_a,1,w0.50,70500.0,0.5486333333333333,0.47021839080459776,0.4668317752212519,20000;40000;60000;80000
config_12,AGR_a,1,w0.50,71500.0,0.5539,0.4718827586206897,0.4679479799294348,20000;40000;60000;80000
config_12,AGR_a,1,w0.50,72500.0,0.5631666666666667,0.4633586206896551,0.45893316088406827,20000;40000;60000;80000
config_12,AGR_a,1,w0.50,73500.0,0.5664333333333333,0.463983908045977,0.45888391003698054,20000;40000;60000;80000
config_12,AGR_a,1,w0.50,74500.0,0.5753,0.46068735632183916,0.45440681478914546,20000;40000;60000;80000
config_12,AGR_a,1,w0.50,75500.0,0.5636333333333333,0.46170344827586207,0.45638007046145346,20000;40000;60000;80000
config_12,AGR_a,1,w0.50,76500.0,0.5747,0.4566229885057472,0.45124820977043906,20000;40000;60000;80000
config_12,AGR_a,1,w0.50,77500.0,0.5769,0.4587747126436782,0.45276499656011854,20000;40000;60000;80000
config_12,AGR_a,1,w0.50,78500.0,0.5738333333333333,0.4662413793103448,0.459184535456447,20000;40000;60000;80000
config_12,AGR_a,1,w0.50,79500.0,0.5752,0.4605287356321839,0.45334826421054725,20000;40000;60000;80000
config_12,AGR_a,1,w0.50,80500.0,0.5032333333333333,0.45590114942528737,0.45058461936733807,20000;40000;60000;80000
config_12,AGR_a,1,w0.50,81500.0,0.5041666666666667,0.46276091954022985,0.45825277679459303,20000;40000;60000;80000
config_12,AGR_a,1,w0.50,82500.0,0.5030666666666667,0.46171954022988504,0.4573936069588717,20000;40000;60000;80000
config_12,AGR_a,1,w0.50,83500.0,0.5046333333333334,0.4614919540229885,0.4566478206494826,20000;40000;60000;80000
config_12,AGR_a,1,w0.50,84500.0,0.5115333333333333,0.4551908045977011,0.450238080202084,20000;40000;60000;80000
config_12,AGR_a,1,w0.50,85500.0,0.5211,0.45708735632183906,0.4507891043673681,20000;40000;60000;80000
config_12,AGR_a,1,w0.50,86500.0,0.5243,0.4553954022988506,0.44879414363441894,20000;40000;60000;80000
config_12,AGR_a,1,w0.50,87500.0,0.5224333333333333,0.45387816091954025,0.4492685078574763,20000;40000;60000;80000
config_12,AGR_a,1,w0.50,88500.0,0.5172,0.4543586206896552,0.4496351588075365,20000;40000;60000;80000
config_12,AGR_a,1,w0.50,89500.0,0.5278333333333334,0.46675632183908045,0.4607224095934045,20000;40000;60000;80000
config_12,AGR_a,1,w0.50,90500.0,0.5256666666666666,0.47121839080459776,0.4679335843075094,20000;40000;60000;80000
config_12,AGR_a,1,w0.50,91500.0,0.5265666666666666,0.468632183908046,0.46570023362096763,20000;40000;60000;80000
config_12,AGR_a,1,w0.50,92500.0,0.5355,0.4680620689655172,0.46389826824971975,20000;40000;60000;80000
config_12,AGR_a,1,w0.50,93500.0,0.5374333333333333,0.4608666666666666,0.4568272941705044,20000;40000;60000;80000
config_12,AGR_a,1,w0.50,94500.0,0.5485,0.4522551724137931,0.44813051942495286,20000;40000;60000;80000
config_12,AGR_a,1,w0.50,95500.0,0.5429666666666667,0.4559977011494253,0.4519441869630905,20000;40000;60000;80000
config_12,AGR_a,1,w0.50,96500.0,0.5512666666666667,0.4540137931034483,0.44911938774786786,20000;40000;60000;80000
config_12,AGR_a,1,w0.50,97500.0,0.5563666666666667,0.45380919540229886,0.4498312540121131,20000;40000;60000;80000
config_12,AGR_a,1,w0.50,98500.0,0.5472333333333333,0.4561034482758621,0.45247958860303644,20000;40000;60000;80000
config_12,AGR_a,1,w0.50,99500.0,0.5571,0.45195632183908047,0.4481289104264152,20000;40000;60000;80000
config_12,AGR_a,1,w0.75,1500.0,0.766,0.29147586206896553,0.2583522241247675,20000;40000;60000;80000
config_12,AGR_a,1,w0.75,2500.0,0.7709,0.289680459770115,0.25868739351389464,20000;40000;60000;80000
config_12,AGR_a,1,w0.75,3500.0,0.7889666666666667,0.23326206896551724,0.2148661929933736,20000;40000;60000;80000
config_12,AGR_a,1,w0.75,4500.0,0.7756666666666666,0.22424367816091953,0.2064808239965078,20000;40000;60000;80000
config_12,AGR_a,1,w0.75,5500.0,0.7594666666666666,0.2857195402298851,0.25222341028394174,20000;40000;60000;80000
config_12,AGR_a,1,w0.75,6500.0,0.7496,0.28982068965517244,0.2591437880170317,20000;40000;60000;80000
config_12,AGR_a,1,w0.75,7500.0,0.7436,0.3001655172413793,0.2625900379580138,20000;40000;60000;80000
config_12,AGR_a,1,w0.75,8500.0,0.7537666666666667,0.319887356321839,0.2727854231107223,20000;40000;60000;80000
config_12,AGR_a,1,w0.75,9500.0,0.7369333333333333,0.3183264367816092,0.2720501651215534,20000;40000;60000;80000
config_12,AGR_a,1,w0.75,10500.0,0.7664666666666666,0.2888091954022989,0.25491982172751365,20000;40000;60000;80000
config_12,AGR_a,1,w0.75,11500.0,0.7522666666666666,0.2847632183908046,0.2578446777233321,20000;40000;60000;80000
config_12,AGR_a,1,w0.75,12500.0,0.7621,0.2988206896551724,0.26298261668917905,20000;40000;60000;80000
config_12,AGR_a,1,w0.75,13500.0,0.7675,0.28904137931034485,0.2542022649780809,20000;40000;60000;80000
config_12,AGR_a,1,w0.75,14500.0,0.7500666666666667,0.3161333333333333,0.27254838459148806,20000;40000;60000;80000
config_12,AGR_a,1,w0.75,15500.0,0.7499,0.33656781609195396,0.2852352501748991,20000;40000;60000;80000
config_12,AGR_a,1,w0.75,16500.0,0.7396666666666667,0.33771494252873563,0.28563024059411524,20000;40000;60000;80000
config_12,AGR_a,1,w0.75,17500.0,0.7574,0.3053425287356322,0.2640436901508038,20000;40000;60000;80000
config_12,AGR_a,1,w0.75,18500.0,0.7655,0.2969586206896552,0.25677328206733135,20000;40000;60000;80000
config_12,AGR_a,1,w0.75,19500.0,0.7757666666666667,0.2607563218390805,0.2363768450973128,20000;40000;60000;80000
config_12,AGR_a,1,w0.75,20500.0,0.45663333333333334,0.29795172413793103,0.26933893492539096,20000;40000;60000;80000
config_12,AGR_a,1,w0.75,21500.0,0.45966666666666667,0.3386022988505747,0.310585730233,20000;40000;60000;80000
config_12,AGR_a,1,w0.75,22500.0,0.4811666666666667,0.4023885057471264,0.3733619404210595,20000;40000;60000;80000
config_12,AGR_a,1,w0.75,23500.0,0.5153666666666666,0.43700459770114936,0.41232942788997634,20000;40000;60000;80000
config_12,AGR_a,1,w0.75,24500.0,0.5228666666666667,0.43634022988505744,0.4160872169786409,20000;40000;60000;80000
config_12,AGR_a,1,w0.75,25500.0,0.5451,0.4680206896551724,0.4523524430256273,20000;40000;60000;80000
config_12,AGR_a,1,w0.75,26500.0,0.5273666666666667,0.4639471264367816,0.4495507564437803,20000;40000;60000;80000
config_12,AGR_a,1,w0.75,27500.0,0.5627666666666666,0.4617218390804598,0.4406134410128897,20000;40000;60000;80000
config_12,AGR_a,1,w0.75,28500.0,0.5631,0.4184666666666667,0.398939167944287,20000;40000;60000;80000
config_12,AGR_a,1,w0.75,29500.0,0.5567,0.4480298850574712,0.4205075733495488,20000;40000;60000;80000
config_12,AGR_a,1,w0.75,30500.0,0.5784333333333334,0.3945448275862069,0.373396471758994,20000;40000;60000;80000
config_12,AGR_a,1,w0.75,31500.0,0.5904,0.3589885057471265,0.3330179026988318,20000;40000;60000;80000
config_12,AGR_a,1,w0.75,32500.0,0.5768,0.3676919540229885,0.345007458975634,20000;40000;60000;80000
config_12,AGR_a,1,w0.75,33500.0,0.5786333333333333,0.35956091954022984,0.33894879568417474,20000;40000;60000;80000
config_12,AGR_a,1,w0.75,34500.0,0.5773,0.38951034482758623,0.36192470268678606,20000;40000;60000;80000
config_12,AGR_a,1,w0.75,35500.0,0.5742666666666667,0.42547126436781607,0.39984945251993437,20000;40000;60000;80000
config_12,AGR_a,1,w0.75,36500.0,0.5920666666666666,0.35915402298850574,0.3441062179197806,20000;40000;60000;80000
config_12,AGR_a,1,w0.75,37500.0,0.5866333333333333,0.3828528735632184,0.35335466945874416,20000;40000;60000;80000
config_12,AGR_a,1,w0.75,38500.0,0.5666333333333333,0.45592873563218383,0.43495490799003544,20000;40000;60000;80000
config_12,AGR_a,1,w0.75,39500.0,0.5738333333333333,0.4295517241379311,0.41514309494846013,20000;40000;60000;80000
config_12,AGR_a,1,w0.75,40500.0,0.4865,0.44132183908045974,0.427283483223798,20000;40000;60000;80000
config_12,AGR_a,1,w0.75,41500.0,0.4992,0.4722758620689655,0.455754264541387,20000;40000;60000;80000
config_12,AGR_a,1,w0.75,42500.0,0.5022,0.47213793103448276,0.4505058436341963,20000;40000;60000;80000
config_12,AGR_a,1,w0.75,43500.0,0.5103666666666666,0.4667195402298851,0.447363093163372,20000;40000;60000;80000
config_12,AGR_a,1,w0.75,44500.0,0.5203666666666666,0.44767586206896554,0.4225749748042483,20000;40000;60000;80000
config_12,AGR_a,1,w0.75,45500.0,0.5196666666666667,0.4256,0.3948323432244337,20000;40000;60000;80000
config_12,AGR_a,1,w0.75,46500.0,0.5264,0.40421609195402297,0.38100015595426295,20000;40000;60000;80000
config_12,AGR_a,1,w0.75,47500.0,0.5342666666666667,0.41099770114942524,0.3954132462556113,20000;40000;60000;80000
config_12,AGR_a,1,w0.75,48500.0,0.5332333333333333,0.40710114942528736,0.395959368811536,20000;40000;60000;80000
config_12,AGR_a,1,w0.75,49500.0,0.5402,0.45781609195402306,0.44942420169556613,20000;40000;60000;80000
config_12,AGR_a,1,w0.75,50500.0,0.5495666666666666,0.453528735632184,0.445545481736802,20000;40000;60000;80000
config_12,AGR_a,1,w0.75,51500.0,0.5347666666666666,0.4803655172413793,0.46816770976401545,20000;40000;60000;80000
config_12,AGR_a,1,w0.75,52500.0,0.5357333333333333,0.4839586206896552,0.47834697886260297,20000;40000;60000;80000
config_12,AGR_a,1,w0.75,53500.0,0.5432666666666667,0.48018850574712646,0.47543736730360936,20000;40000;60000;80000
config_12,AGR_a,1,w0.75,54500.0,0.5454333333333333,0.47025517241379305,0.465518406021499,20000;40000;60000;80000
config_12,AGR_a,1,w0.75,55500.0,0.5564666666666667,0.44961379310344823,0.4456616114006876,20000;40000;60000;80000
config_12,AGR_a,1,w0.75,56500.0,0.5500666666666667,0.44846436781609195,0.44435057641564013,20000;40000;60000;80000
config_12,AGR_a,1,w0.75,57500.0,0.5635,0.4344712643678161,0.4299896497925311,20000;40000;60000;80000
config_12,AGR_a,1,w0.75,58500.0,0.5739666666666666,0.4246827586206897,0.4190209463024531,20000;40000;60000;80000
config_12,AGR_a,1,w0.75,59500.0,0.5541,0.4302919540229885,0.4245984604428771,20000;40000;60000;80000
config_12,AGR_a,1,w0.75,60500.0,0.4751,0.44646666666666673,0.44114310618645153,20000;40000;60000;80000
config_12,AGR_a,1,w0.75,61500.0,0.4817,0.46678850574712644,0.463730495403331,20000;40000;60000;80000
config_12,AGR_a,1,w0.75,62500.0,0.4948666666666667,0.47794482758620693,0.4755399680183985,20000;40000;60000;80000
config_12,AGR_a,1,w0.75,63500.0,0.522,0.4803494252873563,0.4777210548640228,20000;40000;60000;80000
config_12,AGR_a,1,w0.75,64500.0,0.5322333333333333,0.4720298850574713,0.4685647510767917,20000;40000;60000;80000
config_12,AGR_a,1,w0.75,65500.0,0.5325333333333333,0.4770666666666667,0.4725582844632106,20000;40000;60000;80000
config_12,AGR_a,1,w0.75,66500.0,0.5388666666666667,0.47030344827586207,0.465781714553877,20000;40000;60000;80000
config_12,AGR_a,1,w0.75,67500.0,0.5409,0.47504597701149426,0.4692116027248824,20000;40000;60000;80000
config_12,AGR_a,1,w0.75,68500.0,0.5627666666666666,0.4708298850574712,0.46600658014859764,20000;40000;60000;80000
config_12,AGR_a,1,w0.75,69500.0,0.5745666666666667,0.4612712643678161,0.4532341554708911,20000;40000;60000;80000
config_12,AGR_a,1,w0.75,70500.0,0.5678333333333333,0.46891264367816093,0.4627842558561291,20000;40000;60000;80000
config_12,AGR_a,1,w0.75,71500.0,0.5734666666666667,0.46463448275862074,0.4563107277628032,20000;40000;60000;80000
config_12,AGR_a,1,w0.75,72500.0,0.5801333333333333,0.45631724137931035,0.4486246530249691,20000;40000;60000;80000
config_12,AGR_a,1,w0.75,73500.0,0.5863,0.4498919540229886,0.44096092601899634,20000;40000;60000;80000
config_12,AGR_a,1,w0.75,74500.0,0.5915333333333334,0.45411494252873563,0.44702317293925453,20000;40000;60000;80000
config_12,AGR_a,1,w0.75,75500.0,0.5775666666666667,0.4560850574712643,0.44945050413369897,20000;40000;60000;80000
config_12,AGR_a,1,w0.75,76500.0,0.5826333333333333,0.45037011494252877,0.4426541063734002,20000;40000;60000;80000
config_12,AGR_a,1,w0.75,77500.0,0.5911666666666666,0.448903448275862,0.4402229612402128,20000;40000;60000;80000
config_12,AGR_a,1,w0.75,78500.0,0.5946333333333333,0.4507011494252874,0.44247422776678,20000;40000;60000;80000
config_12,AGR_a,1,w0.75,79500.0,0.5911333333333333,0.45354942528735626,0.445737804108621,20000;40000;60000;80000
config_12,AGR_a,1,w0.75,80500.0,0.5161666666666667,0.4511103448275862,0.44595215795468934,20000;40000;60000;80000
config_12,AGR_a,1,w0.75,81500.0,0.5137666666666667,0.4533034482758621,0.44730566475839706,20000;40000;60000;80000
config_12,AGR_a,1,w0.75,82500.0,0.5178,0.4538896551724138,0.448714626705237,20000;40000;60000;80000
config_12,AGR_a,1,w0.75,83500.0,0.5151666666666667,0.460967816091954,0.4561697150286264,20000;40000;60000;80000
config_12,AGR_a,1,w0.75,84500.0,0.5246,0.4529655172413793,0.44890872988332914,20000;40000;60000;80000
config_12,AGR_a,1,w0.75,85500.0,0.5192333333333333,0.45431494252873567,0.45019058975388226,20000;40000;60000;80000
config_12,AGR_a,1,w0.75,86500.0,0.533,0.46023448275862067,0.45546069948540474,20000;40000;60000;80000
config_12,AGR_a,1,w0.75,87500.0,0.5275333333333333,0.4489793103448275,0.4449543482218716,20000;40000;60000;80000
config_12,AGR_a,1,w0.75,88500.0,0.5255,0.45434712643678166,0.45019471072342265,20000;40000;60000;80000
config_12,AGR_a,1,w0.75,89500.0,0.5416,0.45802298850574713,0.4535944578455021,20000;40000;60000;80000
config_12,AGR_a,1,w0.75,90500.0,0.5374333333333333,0.46234712643678155,0.45903945264706547,20000;40000;60000;80000
config_12,AGR_a,1,w0.75,91500.0,0.535,0.45707586206896544,0.4542988125511024,20000;40000;60000;80000
config_12,AGR_a,1,w0.75,92500.0,0.5480333333333334,0.4636804597701149,0.4605758302797651,20000;40000;60000;80000
config_12,AGR_a,1,w0.75,93500.0,0.5534333333333333,0.4518183908045977,0.44834988383763935,20000;40000;60000;80000
config_12,AGR_a,1,w0.75,94500.0,0.5576333333333333,0.44982758620689656,0.44608478370516746,20000;40000;60000;80000
config_12,AGR_a,1,w0.75,95500.0,0.5531,0.4614505747126437,0.4573938160062183,20000;40000;60000;80000
config_12,AGR_a,1,w0.75,96500.0,0.5609,0.4564574712643678,0.4524065868760021,20000;40000;60000;80000
config_12,AGR_a,1,w0.75,97500.0,0.5637,0.45148735632183906,0.44838129119589687,20000;40000;60000;80000
config_12,AGR_a,1,w0.75,98500.0,0.5515666666666666,0.4583241379310345,0.45551570811288744,20000;40000;60000;80000
config_12,AGR_a,1,w0.75,99500.0,0.5569,0.4506689655172414,0.44645279447552894,20000;40000;60000;80000
config_12,AGR_a,1,w0.95,1500.0,0.7662666666666667,0.29133793103448274,0.2581479885909023,20000;40000;60000;80000
config_12,AGR_a,1,w0.95,2500.0,0.7707666666666667,0.2939977011494253,0.26180686521288865,20000;40000;60000;80000
config_12,AGR_a,1,w0.95,3500.0,0.7906333333333333,0.23219080459770114,0.21175152339276948,20000;40000;60000;80000
config_12,AGR_a,1,w0.95,4500.0,0.7699,0.23934942528735634,0.2184921724742618,20000;40000;60000;80000
config_12,AGR_a,1,w0.95,5500.0,0.7605333333333333,0.28788965517241377,0.259541097473678,20000;40000;60000;80000
config_12,AGR_a,1,w0.95,6500.0,0.7441333333333333,0.31505747126436784,0.27611559216688286,20000;40000;60000;80000
config_12,AGR_a,1,w0.95,7500.0,0.7431666666666666,0.31216321839080463,0.26975049925210076,20000;40000;60000;80000
config_12,AGR_a,1,w0.95,8500.0,0.7647666666666667,0.30399770114942526,0.2632302572837024,20000;40000;60000;80000
config_12,AGR_a,1,w0.95,9500.0,0.7555666666666667,0.2893080459770115,0.25346936371812284,20000;40000;60000;80000
config_12,AGR_a,1,w0.95,10500.0,0.7776333333333333,0.27563908045977015,0.24233884499441288,20000;40000;60000;80000
config_12,AGR_a,1,w0.95,11500.0,0.7591333333333333,0.2788,0.2528019207371358,20000;40000;60000;80000
config_12,AGR_a,1,w0.95,12500.0,0.7778333333333334,0.26262298850574717,0.2346796260804944,20000;40000;60000;80000
config_12,AGR_a,1,w0.95,13500.0,0.7881333333333334,0.2363494252873563,0.21473452469186638,20000;40000;60000;80000
config_12,AGR_a,1,w0.95,14500.0,0.777,0.25649655172413793,0.23069365040555337,20000;40000;60000;80000
config_12,AGR_a,1,w0.95,15500.0,0.7652,0.3075908045977011,0.2683559582043984,20000;40000;60000;80000
config_12,AGR_a,1,w0.95,16500.0,0.7536666666666667,0.30573793103448277,0.2678315572782546,20000;40000;60000;80000
config_12,AGR_a,1,w0.95,17500.0,0.7690666666666667,0.26304367816091956,0.23930160601733663,20000;40000;60000;80000
config_12,AGR_a,1,w0.95,18500.0,0.7683333333333333,0.2753977011494253,0.24815803095587005,20000;40000;60000;80000
config_12,AGR_a,1,w0.95,19500.0,0.7626333333333334,0.2982689655172414,0.2622229870499715,20000;40000;60000;80000
config_12,AGR_a,1,w0.95,20500.0,0.461,0.34289655172413797,0.3068885316184352,20000;40000;60000;80000
config_12,AGR_a,1,w0.95,21500.0,0.4545,0.35318850574712646,0.3231595099636857,20000;40000;60000;80000
config_12,AGR_a,1,w0.95,22500.0,0.46803333333333336,0.40174942528735635,0.36977324590841026,20000;40000;60000;80000
config_12,AGR_a,1,w0.95,23500.0,0.5043,0.4276574712643678,0.3984834157730204,20000;40000;60000;80000
config_12,AGR_a,1,w0.95,24500.0,0.5033333333333333,0.43403678160919534,0.4072533421118132,20000;40000;60000;80000
config_12,AGR_a,1,w0.95,25500.0,0.5389666666666667,0.45608045977011497,0.4400336332650663,20000;40000;60000;80000
config_12,AGR_a,1,w0.95,26500.0,0.5337666666666666,0.4562,0.4424634678298801,20000;40000;60000;80000
config_12,AGR_a,1,w0.95,27500.0,0.5612666666666667,0.46430344827586206,0.44723164879684274,20000;40000;60000;80000
config_12,AGR_a,1,w0.95,28500.0,0.566,0.44331494252873566,0.42220186395529713,20000;40000;60000;80000
config_12,AGR_a,1,w0.95,29500.0,0.5542,0.4660137931034483,0.4453231700770833,20000;40000;60000;80000
config_12,AGR_a,1,w0.95,30500.0,0.5884333333333334,0.40372643678160913,0.38875074632191153,20000;40000;60000;80000
config_12,AGR_a,1,w0.95,31500.0,0.5910333333333333,0.37934022988505745,0.3656098239906525,20000;40000;60000;80000
config_12,AGR_a,1,w0.95,32500.0,0.5823,0.3559241379310345,0.33973763268462137,20000;40000;60000;80000
config_12,AGR_a,1,w0.95,33500.0,0.5938666666666667,0.3658574712643678,0.3485131798297139,20000;40000;60000;80000
config_12,AGR_a,1,w0.95,34500.0,0.5830333333333333,0.40554712643678165,0.3843568341061464,20000;40000;60000;80000
config_12,AGR_a,1,w0.95,35500.0,0.5786666666666667,0.42844137931034487,0.40840649324435135,20000;40000;60000;80000
config_12,AGR_a,1,w0.95,36500.0,0.5842,0.40047356321839084,0.3838947516524571,20000;40000;60000;80000
config_12,AGR_a,1,w0.95,37500.0,0.5896666666666667,0.4174482758620689,0.39426253696216285,20000;40000;60000;80000
config_12,AGR_a,1,w0.95,38500.0,0.5688333333333333,0.4483425287356322,0.4289711661597566,20000;40000;60000;80000
config_12,AGR_a,1,w0.95,39500.0,0.5840666666666666,0.3920045977011494,0.38524314605942844,20000;40000;60000;80000
config_12,AGR_a,1,w0.95,40500.0,0.484,0.42097471264367814,0.4094703306493637,20000;40000;60000;80000
config_12,AGR_a,1,w0.95,41500.0,0.4895333333333333,0.4633885057471265,0.4503440442225392,20000;40000;60000;80000
config_12,AGR_a,1,w0.95,42500.0,0.5010333333333333,0.47605287356321846,0.4667383574575204,20000;40000;60000;80000
config_12,AGR_a,1,w0.95,43500.0,0.5137,0.4709862068965518,0.4644881259295984,20000;40000;60000;80000
config_12,AGR_a,1,w0.95,44500.0,0.5226666666666666,0.4656137931034482,0.45893405451704744,20000;40000;60000;80000
config_12,AGR_a,1,w0.95,45500.0,0.5259333333333334,0.4560459770114943,0.4477576529234283,20000;40000;60000;80000
config_12,AGR_a,1,w0.95,46500.0,0.5325666666666666,0.43642988505747127,0.42703137272109,20000;40000;60000;80000
config_12,AGR_a,1,w0.95,47500.0,0.5272666666666667,0.4298712643678161,0.4204358476123183,20000;40000;60000;80000
config_12,AGR_a,1,w0.95,48500.0,0.5286333333333333,0.4277080459770115,0.42024037274792053,20000;40000;60000;80000
config_12,AGR_a,1,w0.95,49500.0,0.5273,0.47082528735632184,0.465976364681699,20000;40000;60000;80000
config_12,AGR_a,1,w0.95,50500.0,0.5388,0.461696551724138,0.45629579199605846,20000;40000;60000;80000
config_12,AGR_a,1,w0.95,51500.0,0.5312,0.4791540229885058,0.47126470959197836,20000;40000;60000;80000
config_12,AGR_a,1,w0.95,52500.0,0.5437666666666666,0.4835655172413793,0.47832142993080246,20000;40000;60000;80000
config_12,AGR_a,1,w0.95,53500.0,0.5440333333333334,0.4776850574712644,0.4720087301706866,20000;40000;60000;80000
config_12,AGR_a,1,w0.95,54500.0,0.5393,0.47495862068965516,0.46601446394296675,20000;40000;60000;80000
config_12,AGR_a,1,w0.95,55500.0,0.5475666666666666,0.4649356321839081,0.4553931917004698,20000;40000;60000;80000
config_12,AGR_a,1,w0.95,56500.0,0.5433,0.4603517241379311,0.4519458405832214,20000;40000;60000;80000
config_12,AGR_a,1,w0.95,57500.0,0.5609333333333333,0.4535172413793103,0.4441758664336915,20000;40000;60000;80000
config_12,AGR_a,1,w0.95,58500.0,0.5643333333333334,0.45507586206896555,0.44414255388857793,20000;40000;60000;80000
config_12,AGR_a,1,w0.95,59500.0,0.5567333333333333,0.45357701149425284,0.44636945919206295,20000;40000;60000;80000
config_12,AGR_a,1,w0.95,60500.0,0.49093333333333333,0.45993563218390804,0.4562664552501762,20000;40000;60000;80000
config_12,AGR_a,1,w0.95,61500.0,0.4862,0.47276321839080454,0.4693557342805349,20000;40000;60000;80000
config_12,AGR_a,1,w0.95,62500.0,0.5082,0.47670344827586203,0.473687342397601,20000;40000;60000;80000
config_12,AGR_a,1,w0.95,63500.0,0.5226333333333333,0.48099080459770116,0.47670091257231323,20000;40000;60000;80000
config_12,AGR_a,1,w0.95,64500.0,0.5328666666666667,0.4706988505747126,0.46586332869726477,20000;40000;60000;80000
config_12,AGR_a,1,w0.95,65500.0,0.5437666666666666,0.4676528735632184,0.46184846911529104,20000;40000;60000;80000
config_12,AGR_a,1,w0.95,66500.0,0.5463666666666667,0.46817701149425284,0.4607480804764394,20000;40000;60000;80000
config_12,AGR_a,1,w0.95,67500.0,0.547,0.4697655172413793,0.4635147343689006,20000;40000;60000;80000
config_12,AGR_a,1,w0.95,68500.0,0.5611666666666667,0.46944597701149426,0.4638577635683753,20000;40000;60000;80000
config_12,AGR_a,1,w0.95,69500.0,0.5666,0.46622068965517244,0.45880320263600527,20000;40000;60000;80000
config_12,AGR_a,1,w0.95,70500.0,0.5661666666666667,0.46545057471264367,0.4581104676415232,20000;40000;60000;80000
config_12,AGR_a,1,w0.95,71500.0,0.5692333333333334,0.46708735632183906,0.4586372675911659,20000;40000;60000;80000
config_12,AGR_a,1,w0.95,72500.0,0.5704333333333333,0.4651149425287357,0.45447871761376,20000;40000;60000;80000
config_12,AGR_a,1,w0.95,73500.0,0.5711,0.46024137931034487,0.4508743241238892,20000;40000;60000;80000
config_12,AGR_a,1,w0.95,74500.0,0.5729666666666666,0.4639149425287356,0.45474057395560163,20000;40000;60000;80000
config_12,AGR_a,1,w0.95,75500.0,0.5778666666666666,0.45629425287356323,0.4488707995898191,20000;40000;60000;80000
config_12,AGR_a,1,w0.95,76500.0,0.5839,0.4461126436781609,0.4384153293367396,20000;40000;60000;80000
config_12,AGR_a,1,w0.95,77500.0,0.5818666666666666,0.45245977011494254,0.4428906995384675,20000;40000;60000;80000
config_12,AGR_a,1,w0.95,78500.0,0.5807333333333333,0.4524459770114943,0.4425751562783701,20000;40000;60000;80000
config_12,AGR_a,1,w0.95,79500.0,0.5886,0.4437149425287356,0.434677577679853,20000;40000;60000;80000
config_12,AGR_a,1,w0.95,80500.0,0.5113,0.43739540229885054,0.43082719473295517,20000;40000;60000;80000
config_12,AGR_a,1,w0.95,81500.0,0.5089333333333333,0.4507126436781609,0.4459858539511657,20000;40000;60000;80000
config_12,AGR_a,1,w0.95,82500.0,0.5125,0.4552712643678161,0.45130764388779493,20000;40000;60000;80000
config_12,AGR_a,1,w0.95,83500.0,0.5113666666666666,0.45349195402298853,0.4498982473144334,20000;40000;60000;80000
config_12,AGR_a,1,w0.95,84500.0,0.5171,0.45595632183908047,0.45003380033076784,20000;40000;60000;80000
config_12,AGR_a,1,w0.95,85500.0,0.5112,0.4577701149425287,0.4524510899215843,20000;40000;60000;80000
config_12,AGR_a,1,w0.95,86500.0,0.5187666666666667,0.4555609195402299,0.4509573467952821,20000;40000;60000;80000
config_12,AGR_a,1,w0.95,87500.0,0.5198333333333334,0.4479425287356322,0.4440613597513598,20000;40000;60000;80000
config_12,AGR_a,1,w0.95,88500.0,0.5200666666666667,0.4514344827586207,0.44814297652332824,20000;40000;60000;80000
config_12,AGR_a,1,w0.95,89500.0,0.5298333333333334,0.463551724137931,0.4590246037561219,20000;40000;60000;80000
config_12,AGR_a,1,w0.95,90500.0,0.5282333333333333,0.4733908045977011,0.46839792933235563,20000;40000;60000;80000
config_12,AGR_a,1,w0.95,91500.0,0.5261333333333333,0.46873563218390807,0.46469251800375044,20000;40000;60000;80000
config_12,AGR_a,1,w0.95,92500.0,0.5386,0.46437701149425287,0.46132455041301246,20000;40000;60000;80000
config_12,AGR_a,1,w0.95,93500.0,0.5377666666666666,0.45568965517241383,0.45287583817944466,20000;40000;60000;80000
config_12,AGR_a,1,w0.95,94500.0,0.5402333333333333,0.45094942528735626,0.44754156441717785,20000;40000;60000;80000
config_12,AGR_a,1,w0.95,95500.0,0.5435666666666666,0.450016091954023,0.4467634604143665,20000;40000;60000;80000
config_12,AGR_a,1,w0.95,96500.0,0.5519,0.4436988505747127,0.439962966316552,20000;40000;60000;80000
config_12,AGR_a,1,w0.95,97500.0,0.5534,0.44561839080459775,0.4417992587287128,20000;40000;60000;80000
config_12,AGR_a,1,w0.95,98500.0,0.5398333333333334,0.4564712643678161,0.4522782618318639,20000;40000;60000;80000
config_12,AGR_a,1,w0.95,99500.0,0.5497666666666666,0.4488436781609196,0.44384898781134074,20000;40000;60000;80000
config_12,LED_a,1,w0.50,1500.0,0.47813333333333335,0.6083862068965518,0.5743290903123024,20000;40000;60000;80000
config_12,LED_a,1,w0.50,2500.0,0.45993333333333336,0.6080114942528736,0.5740779286540133,20000;40000;60000;80000
config_12,LED_a,1,w0.50,3500.0,0.45866666666666667,0.6175494252873563,0.57539450804416,20000;40000;60000;80000
config_12,LED_a,1,w0.50,4500.0,0.47576666666666667,0.6085103448275863,0.5550683318697759,20000;40000;60000;80000
config_12,LED_a,1,w0.50,5500.0,0.46303333333333335,0.625416091954023,0.5723033792454445,20000;40000;60000;80000
config_12,LED_a,1,w0.50,6500.0,0.4388,0.6465885057471263,0.5848670372355934,20000;40000;60000;80000
config_12,LED_a,1,w0.50,7500.0,0.4436,0.6511057471264368,0.5843561996958571,20000;40000;60000;80000
config_12,LED_a,1,w0.50,8500.0,0.4412,0.6611724137931034,0.5965195171597633,20000;40000;60000;80000
config_12,LED_a,1,w0.50,9500.0,0.4072,0.6844091954022989,0.6132294911734164,20000;40000;60000;80000
config_12,LED_a,1,w0.50,10500.0,0.4111,0.6779034482758621,0.6181394628542033,20000;40000;60000;80000
config_12,LED_a,1,w0.50,11500.0,0.4102,0.6649310344827586,0.6032915406594781,20000;40000;60000;80000
config_12,LED_a,1,w0.50,12500.0,0.4236,0.6586919540229884,0.5984627562390828,20000;40000;60000;80000
config_12,LED_a,1,w0.50,13500.0,0.40746666666666664,0.6811494252873562,0.6247820176065239,20000;40000;60000;80000
config_12,LED_a,1,w0.50,14500.0,0.40673333333333334,0.6877816091954023,0.6266896420154864,20000;40000;60000;80000
config_12,LED_a,1,w0.50,15500.0,0.4033333333333333,0.6854620689655173,0.6215668120786358,20000;40000;60000;80000
config_12,LED_a,1,w0.50,16500.0,0.4038,0.6819218390804598,0.6142902607361964,20000;40000;60000;80000
config_12,LED_a,1,w0.50,17500.0,0.4161,0.6609011494252874,0.6051108476522628,20000;40000;60000;80000
config_12,LED_a,1,w0.50,18500.0,0.4337,0.6460758620689655,0.589286276628589,20000;40000;60000;80000
config_12,LED_a,1,w0.50,19500.0,0.4306333333333333,0.6388091954022989,0.5915318529655544,20000;40000;60000;80000
config_12,LED_a,1,w0.50,20500.0,0.3592666666666667,0.6720367816091954,0.623906119519833,20000;40000;60000;80000
config_12,LED_a,1,w0.50,21500.0,0.3612,0.6688344827586207,0.6219962261729028,20000;40000;60000;80000
config_12,LED_a,1,w0.50,22500.0,0.36296666666666666,0.6681655172413794,0.6233338999822393,20000;40000;60000;80000
config_12,LED_a,1,w0.50,23500.0,0.3655333333333333,0.6655655172413792,0.625861065486415,20000;40000;60000;80000
config_12,LED_a,1,w0.50,24500.0,0.3636333333333333,0.6828321839080459,0.6391037179955155,20000;40000;60000;80000
config_12,LED_a,1,w0.50,25500.0,0.3544333333333333,0.6968712643678161,0.6495889468366873,20000;40000;60000;80000
config_12,LED_a,1,w0.50,26500.0,0.34723333333333334,0.7018367816091954,0.64917629707739,20000;40000;60000;80000
config_12,LED_a,1,w0.50,27500.0,0.35696666666666665,0.6885609195402299,0.6446803778705911,20000;40000;60000;80000
config_12,LED_a,1,w0.50,28500.0,0.35063333333333335,0.6819793103448276,0.6467833970609786,20000;40000;60000;80000
config_12,LED_a,1,w0.50,29500.0,0.3675,0.6735333333333332,0.6380184962255161,20000;40000;60000;80000
config_12,LED_a,1,w0.50,30500.0,0.37633333333333335,0.672455172413793,0.6376079450816162,20000;40000;60000;80000
config_12,LED_a,1,w0.50,31500.0,0.37093333333333334,0.6815747126436782,0.6419197273525736,20000;40000;60000;80000
config_12,LED_a,1,w0.50,32500.0,0.3714,0.6755793103448274,0.6417423774345199,20000;40000;60000;80000
config_12,LED_a,1,w0.50,33500.0,0.3879,0.6638643678160919,0.6326167305150435,20000;40000;60000;80000
config_12,LED_a,1,w0.50,34500.0,0.3818,0.6715862068965517,0.6394002960734453,20000;40000;60000;80000
config_12,LED_a,1,w0.50,35500.0,0.382,0.6677494252873561,0.6387839614271037,20000;40000;60000;80000
config_12,LED_a,1,w0.50,36500.0,0.3952333333333333,0.6659287356321838,0.6332316014635521,20000;40000;60000;80000
config_12,LED_a,1,w0.50,37500.0,0.3974,0.672271264367816,0.6413710024202172,20000;40000;60000;80000
config_12,LED_a,1,w0.50,38500.0,0.4032,0.6700275862068965,0.6366124241264286,20000;40000;60000;80000
config_12,LED_a,1,w0.50,39500.0,0.4009666666666667,0.6701471264367816,0.64138866099241,20000;40000;60000;80000
config_12,LED_a,1,w0.50,40500.0,0.2979,0.7059310344827587,0.6813090305023624,20000;40000;60000;80000
config_12,LED_a,1,w0.50,41500.0,0.29646666666666666,0.7100551724137931,0.6826035944621206,20000;40000;60000;80000
config_12,LED_a,1,w0.50,42500.0,0.3128666666666667,0.7164298850574714,0.6874063117328929,20000;40000;60000;80000
config_12,LED_a,1,w0.50,43500.0,0.3053666666666667,0.7232620689655173,0.6882011192305717,20000;40000;60000;80000
config_12,LED_a,1,w0.50,44500.0,0.3074,0.7184965517241381,0.6860568541390223,20000;40000;60000;80000
config_12,LED_a,1,w0.50,45500.0,0.3207,0.7119195402298849,0.6823143158331868,20000;40000;60000;80000
config_12,LED_a,1,w0.50,46500.0,0.30843333333333334,0.7215678160919541,0.6929263998379446,20000;40000;60000;80000
config_12,LED_a,1,w0.50,47500.0,0.3144,0.724903448275862,0.6941738607108228,20000;40000;60000;80000
config_12,LED_a,1,w0.50,48500.0,0.32366666666666666,0.7162413793103447,0.6906392029642352,20000;40000;60000;80000
config_12,LED_a,1,w0.50,49500.0,0.3284666666666667,0.7115954022988505,0.6845692645542957,20000;40000;60000;80000
config_12,LED_a,1,w0.50,50500.0,0.3302333333333333,0.713048275862069,0.6825927917498135,20000;40000;60000;80000
config_12,LED_a,1,w0.50,51500.0,0.3412,0.7037724137931035,0.6746971126791049,20000;40000;60000;80000
config_12,LED_a,1,w0.50,52500.0,0.3264,0.7192229885057472,0.6917279637159838,20000;40000;60000;80000
config_12,LED_a,1,w0.50,53500.0,0.3325,0.71276091954023,0.6841648259705487,20000;40000;60000;80000
config_12,LED_a,1,w0.50,54500.0,0.3359666666666667,0.7093954022988506,0.6838998234642889,20000;40000;60000;80000
config_12,LED_a,1,w0.50,55500.0,0.3361,0.7177379310344828,0.690353523220372,20000;40000;60000;80000
config_12,LED_a,1,w0.50,56500.0,0.3611666666666667,0.709064367816092,0.6831521762435677,20000;40000;60000;80000
config_12,LED_a,1,w0.50,57500.0,0.35313333333333335,0.7114459770114943,0.685277288694836,20000;40000;60000;80000
config_12,LED_a,1,w0.50,58500.0,0.35286666666666666,0.7098597701149425,0.6830552036584672,20000;40000;60000;80000
config_12,LED_a,1,w0.50,59500.0,0.352,0.7142551724137931,0.6838019788065324,20000;40000;60000;80000
config_12,LED_a,1,w0.50,60500.0,0.2903,0.7367563218390806,0.7062632747422113,20000;40000;60000;80000
config_12,LED_a,1,w0.50,61500.0,0.29736666666666667,0.7358735632183908,0.7046116630518436,20000;40000;60000;80000
config_12,LED_a,1,w0.50,62500.0,0.30036666666666667,0.7414091954022989,0.7090681198910083,20000;40000;60000;80000
config_12,LED_a,1,w0.50,63500.0,0.30323333333333335,0.732664367816092,0.7061752625593685,20000;40000;60000;80000
config_12,LED_a,1,w0.50,64500.0,0.3097,0.7290183908045976,0.7060102217686414,20000;40000;60000;80000
config_12,LED_a,1,w0.50,65500.0,0.3077666666666667,0.7375356321839079,0.7114614727817663,20000;40000;60000;80000
config_12,LED_a,1,w0.50,66500.0,0.31526666666666664,0.7271724137931034,0.7011899486581474,20000;40000;60000;80000
config_12,LED_a,1,w0.50,67500.0,0.3258666666666667,0.7281770114942528,0.6923655010247691,20000;40000;60000;80000
config_12,LED_a,1,w0.50,68500.0,0.3183,0.7223678160919539,0.6898441636778612,20000;40000;60000;80000
config_12,LED_a,1,w0.50,69500.0,0.32303333333333334,0.7218850574712644,0.6856273823163942,20000;40000;60000;80000
config_12,LED_a,1,w0.50,70500.0,0.3268,0.7237011494252874,0.6905501024105878,20000;40000;60000;80000
config_12,LED_a,1,w0.50,71500.0,0.342,0.708448275862069,0.6781621912230648,20000;40000;60000;80000
config_12,LED_a,1,w0.50,72500.0,0.3385,0.7068666666666666,0.6741411251697761,20000;40000;60000;80000
config_12,LED_a,1,w0.50,73500.0,0.32183333333333336,0.7254459770114943,0.6887010458669355,20000;40000;60000;80000
config_12,LED_a,1,w0.50,74500.0,0.33936666666666665,0.7161425287356321,0.686021652848204,20000;40000;60000;80000
config_12,LED_a,1,w0.50,75500.0,0.3289,0.7189103448275862,0.6899028220034471,20000;40000;60000;80000
config_12,LED_a,1,w0.50,76500.0,0.34026666666666666,0.7156827586206896,0.6858835534043789,20000;40000;60000;80000
config_12,LED_a,1,w0.50,77500.0,0.34776666666666667,0.7104505747126438,0.6820549752685418,20000;40000;60000;80000
config_12,LED_a,1,w0.50,78500.0,0.35463333333333336,0.7144804597701149,0.6893400409912427,20000;40000;60000;80000
config_12,LED_a,1,w0.50,79500.0,0.3582,0.703735632183908,0.6757386687386687,20000;40000;60000;80000
config_12,LED_a,1,w0.50,80500.0,0.2596,0.7252551724137931,0.6996064883175539,20000;40000;60000;80000
config_12,LED_a,1,w0.50,81500.0,0.24843333333333334,0.7301310344827585,0.7055283675007905,20000;40000;60000;80000
config_12,LED_a,1,w0.50,82500.0,0.2603,0.7300137931034483,0.7100686863410809,20000;40000;60000;80000
config_12,LED_a,1,w0.50,83500.0,0.2651,0.7362321839080459,0.7125459201617867,20000;40000;60000;80000
config_12,LED_a,1,w0.50,84500.0,0.2693,0.7275931034482759,0.703361600721355,20000;40000;60000;80000
config_12,LED_a,1,w0.50,85500.0,0.2817,0.7293517241379311,0.706201896263246,20000;40000;60000;80000
config_12,LED_a,1,w0.50,86500.0,0.2769666666666667,0.7406390804597701,0.7190354287828034,20000;40000;60000;80000
config_12,LED_a,1,w0.50,87500.0,0.2767,0.7362137931034483,0.7155422241315823,20000;40000;60000;80000
config_12,LED_a,1,w0.50,88500.0,0.29636666666666667,0.7305310344827585,0.7088522261330236,20000;40000;60000;80000
config_12,LED_a,1,w0.50,89500.0,0.28103333333333336,0.7422482758620691,0.7249040669071827,20000;40000;60000;80000
config_12,LED_a,1,w0.50,90500.0,0.2851666666666667,0.7340896551724136,0.7175023090169067,20000;40000;60000;80000
config_12,LED_a,1,w0.50,91500.0,0.30806666666666666,0.7263862068965516,0.7099194890485852,20000;40000;60000;80000
config_12,LED_a,1,w0.50,92500.0,0.29656666666666665,0.7367149425287356,0.7181672609823946,20000;40000;60000;80000
config_12,LED_a,1,w0.50,93500.0,0.29586666666666667,0.7361540229885059,0.7177524627960595,20000;40000;60000;80000
config_12,LED_a,1,w0.50,94500.0,0.3153,0.7288712643678161,0.706507834829685,20000;40000;60000;80000
config_12,LED_a,1,w0.50,95500.0,0.31453333333333333,0.7373540229885058,0.7142491735751743,20000;40000;60000;80000
config_12,LED_a,1,w0.50,96500.0,0.3171333333333333,0.7342275862068965,0.7112292538825119,20000;40000;60000;80000
config_12,LED_a,1,w0.50,97500.0,0.3167333333333333,0.7383747126436783,0.7120413965920481,20000;40000;60000;80000
config_12,LED_a,1,w0.50,98500.0,0.3144,0.7343862068965518,0.711451229183188,20000;40000;60000;80000
config_12,LED_a,1,w0.50,99500.0,0.319,0.7244367816091954,0.7005450687925935,20000;40000;60000;80000
config_12,LED_a,1,w0.75,1500.0,0.4786,0.6067862068965517,0.573098481281374,20000;40000;60000;80000
config_12,LED_a,1,w0.75,2500.0,0.45943333333333336,0.6071517241379311,0.5747983653529197,20000;40000;60000;80000
config_12,LED_a,1,w0.75,3500.0,0.4571,0.6206137931034482,0.5805059436895538,20000;40000;60000;80000
config_12,LED_a,1,w0.75,4500.0,0.4729333333333333,0.6115425287356321,0.5669482642593353,20000;40000;60000;80000
config_12,LED_a,1,w0.75,5500.0,0.4613333333333333,0.6250091954022989,0.5756625533772045,20000;40000;60000;80000
config_12,LED_a,1,w0.75,6500.0,0.4507,0.6278528735632184,0.5780013368628876,20000;40000;60000;80000
config_12,LED_a,1,w0.75,7500.0,0.4605666666666667,0.624303448275862,0.571734501209911,20000;40000;60000;80000
config_12,LED_a,1,w0.75,8500.0,0.4586,0.6395655172413793,0.5832581267963693,20000;40000;60000;80000
config_12,LED_a,1,w0.75,9500.0,0.4425,0.6472137931034483,0.5857755876442825,20000;40000;60000;80000
config_12,LED_a,1,w0.75,10500.0,0.44403333333333334,0.6518482758620692,0.5954967649920188,20000;40000;60000;80000
config_12,LED_a,1,w0.75,11500.0,0.42693333333333333,0.6483149425287354,0.5922546581406789,20000;40000;60000;80000
config_12,LED_a,1,w0.75,12500.0,0.44003333333333333,0.6425954022988506,0.5870285149632977,20000;40000;60000;80000
config_12,LED_a,1,w0.75,13500.0,0.4285333333333333,0.6561218390804598,0.604491368060329,20000;40000;60000;80000
config_12,LED_a,1,w0.75,14500.0,0.4282,0.6618206896551724,0.6123676320238081,20000;40000;60000;80000
config_12,LED_a,1,w0.75,15500.0,0.4105666666666667,0.6712551724137931,0.6160804273728369,20000;40000;60000;80000
config_12,LED_a,1,w0.75,16500.0,0.40723333333333334,0.6737402298850574,0.6185779074988775,20000;40000;60000;80000
config_12,LED_a,1,w0.75,17500.0,0.4006,0.685096551724138,0.6233648476290256,20000;40000;60000;80000
config_12,LED_a,1,w0.75,18500.0,0.4024333333333333,0.6805586206896552,0.6253112742677158,20000;40000;60000;80000
config_12,LED_a,1,w0.75,19500.0,0.38356666666666667,0.6880275862068966,0.6316076793668846,20000;40000;60000;80000
config_12,LED_a,1,w0.75,20500.0,0.3385666666666667,0.6910344827586208,0.6517743858812306,20000;40000;60000;80000
config_12,LED_a,1,w0.75,21500.0,0.3350666666666667,0.6893885057471265,0.6486853948875582,20000;40000;60000;80000
config_12,LED_a,1,w0.75,22500.0,0.3468333333333333,0.6822965517241378,0.63980388819087,20000;40000;60000;80000
config_12,LED_a,1,w0.75,23500.0,0.34933333333333333,0.6861999999999999,0.6477445222590817,20000;40000;60000;80000
config_12,LED_a,1,w0.75,24500.0,0.3429,0.7050574712643678,0.6538067117960535,20000;40000;60000;80000
config_12,LED_a,1,w0.75,25500.0,0.33953333333333335,0.7139494252873563,0.6677193300464037,20000;40000;60000;80000
config_12,LED_a,1,w0.75,26500.0,0.33486666666666665,0.7128137931034483,0.6679501379289889,20000;40000;60000;80000
config_12,LED_a,1,w0.75,27500.0,0.3451,0.7039747126436782,0.6621749341466797,20000;40000;60000;80000
config_12,LED_a,1,w0.75,28500.0,0.3513,0.7007609195402299,0.6656042755083851,20000;40000;60000;80000
config_12,LED_a,1,w0.75,29500.0,0.3555333333333333,0.6978068965517241,0.6617281632203832,20000;40000;60000;80000
config_12,LED_a,1,w0.75,30500.0,0.36496666666666666,0.6930275862068966,0.6617092910623593,20000;40000;60000;80000
config_12,LED_a,1,w0.75,31500.0,0.3631666666666667,0.702983908045977,0.6705730928070813,20000;40000;60000;80000
config_12,LED_a,1,w0.75,32500.0,0.37553333333333333,0.685728735632184,0.6537592297329031,20000;40000;60000;80000
config_12,LED_a,1,w0.75,33500.0,0.3933,0.6752551724137931,0.6473196414477393,20000;40000;60000;80000
config_12,LED_a,1,w0.75,34500.0,0.3886,0.678519540229885,0.643033019142037,20000;40000;60000;80000
config_12,LED_a,1,w0.75,35500.0,0.3863,0.6662942528735631,0.6368820531899302,20000;40000;60000;80000
config_12,LED_a,1,w0.75,36500.0,0.4003333333333333,0.6662666666666667,0.6329485108366854,20000;40000;60000;80000
config_12,LED_a,1,w0.75,37500.0,0.41126666666666667,0.6595724137931034,0.6269811978008142,20000;40000;60000;80000
config_12,LED_a,1,w0.75,38500.0,0.41813333333333336,0.6510321839080458,0.6205011306825672,20000;40000;60000;80000
config_12,LED_a,1,w0.75,39500.0,0.4129333333333333,0.6617172413793103,0.6312004720444773,20000;40000;60000;80000
config_12,LED_a,1,w0.75,40500.0,0.3070333333333333,0.7019954022988507,0.6761746958558326,20000;40000;60000;80000
config_12,LED_a,1,w0.75,41500.0,0.30556666666666665,0.705151724137931,0.6814219978468664,20000;40000;60000;80000
config_12,LED_a,1,w0.75,42500.0,0.3146,0.7157195402298852,0.6942474028472488,20000;40000;60000;80000
config_12,LED_a,1,w0.75,43500.0,0.3015333333333333,0.7241540229885057,0.7032057433085535,20000;40000;60000;80000
config_12,LED_a,1,w0.75,44500.0,0.30896666666666667,0.7160873563218391,0.693354351506942,20000;40000;60000;80000
config_12,LED_a,1,w0.75,45500.0,0.32043333333333335,0.7123540229885058,0.6920739447385784,20000;40000;60000;80000
config_12,LED_a,1,w0.75,46500.0,0.3122333333333333,0.7114436781609195,0.6923716846412538,20000;40000;60000;80000
config_12,LED_a,1,w0.75,47500.0,0.3185,0.7168505747126438,0.6971332987467779,20000;40000;60000;80000
config_12,LED_a,1,w0.75,48500.0,0.33193333333333336,0.6971218390804599,0.6770507335698395,20000;40000;60000;80000
config_12,LED_a,1,w0.75,49500.0,0.3390666666666667,0.6953448275862069,0.6733636567519835,20000;40000;60000;80000
config_12,LED_a,1,w0.75,50500.0,0.3441666666666667,0.6970114942528736,0.6742321039690903,20000;40000;60000;80000
config_12,LED_a,1,w0.75,51500.0,0.3532666666666667,0.6909011494252875,0.6668219419856379,20000;40000;60000;80000
config_12,LED_a,1,w0.75,52500.0,0.3362,0.705832183908046,0.6787027067310559,20000;40000;60000;80000
config_12,LED_a,1,w0.75,53500.0,0.3440666666666667,0.6975379310344827,0.6676653262605522,20000;40000;60000;80000
config_12,LED_a,1,w0.75,54500.0,0.3491,0.6994850574712644,0.672358152105418,20000;40000;60000;80000
config_12,LED_a,1,w0.75,55500.0,0.34513333333333335,0.7026758620689655,0.6750446780362946,20000;40000;60000;80000
config_12,LED_a,1,w0.75,56500.0,0.3731333333333333,0.6873609195402299,0.6589328747420423,20000;40000;60000;80000
config_12,LED_a,1,w0.75,57500.0,0.36423333333333335,0.6952183908045977,0.6654839434298322,20000;40000;60000;80000
config_12,LED_a,1,w0.75,58500.0,0.3646,0.6973563218390805,0.6702904795458473,20000;40000;60000;80000
config_12,LED_a,1,w0.75,59500.0,0.35223333333333334,0.7098597701149425,0.6776563248176211,20000;40000;60000;80000
config_12,LED_a,1,w0.75,60500.0,0.2909333333333333,0.7323333333333335,0.7021068015425026,20000;40000;60000;80000
config_12,LED_a,1,w0.75,61500.0,0.3024,0.7261517241379309,0.6987877159441258,20000;40000;60000;80000
config_12,LED_a,1,w0.75,62500.0,0.29996666666666666,0.7289310344827588,0.7014429230986116,20000;40000;60000;80000
config_12,LED_a,1,w0.75,63500.0,0.2981,0.723544827586207,0.6966809509730604,20000;40000;60000;80000
config_12,LED_a,1,w0.75,64500.0,0.3139,0.7163172413793103,0.691095200805459,20000;40000;60000;80000
config_12,LED_a,1,w0.75,65500.0,0.3141,0.7166804597701149,0.690330341999967,20000;40000;60000;80000
config_12,LED_a,1,w0.75,66500.0,0.3209,0.7125540229885058,0.6888247528128195,20000;40000;60000;80000
config_12,LED_a,1,w0.75,67500.0,0.324,0.7224,0.6883417154613073,20000;40000;60000;80000
config_12,LED_a,1,w0.75,68500.0,0.3118,0.7191655172413793,0.6864424069993094,20000;40000;60000;80000
config_12,LED_a,1,w0.75,69500.0,0.31633333333333336,0.7179195402298851,0.6847030918216329,20000;40000;60000;80000
config_12,LED_a,1,w0.75,70500.0,0.3184666666666667,0.7179724137931034,0.687879110998943,20000;40000;60000;80000
config_12,LED_a,1,w0.75,71500.0,0.336,0.7047793103448277,0.6763369903911651,20000;40000;60000;80000
config_12,LED_a,1,w0.75,72500.0,0.3324,0.702096551724138,0.6729157535241971,20000;40000;60000;80000
config_12,LED_a,1,w0.75,73500.0,0.3277,0.7053586206896552,0.6739194577352472,20000;40000;60000;80000
config_12,LED_a,1,w0.75,74500.0,0.3398,0.7024160919540231,0.6683727177882108,20000;40000;60000;80000
config_12,LED_a,1,w0.75,75500.0,0.33286666666666664,0.7075954022988505,0.6789109297977222,20000;40000;60000;80000
config_12,LED_a,1,w0.75,76500.0,0.3448,0.7071425287356321,0.6767406140531629,20000;40000;60000;80000
config_12,LED_a,1,w0.75,77500.0,0.3456666666666667,0.7043425287356322,0.6786850597742604,20000;40000;60000;80000
config_12,LED_a,1,w0.75,78500.0,0.35656666666666664,0.7022022988505747,0.6755639434897259,20000;40000;60000;80000
config_12,LED_a,1,w0.75,79500.0,0.3587666666666667,0.699096551724138,0.6694805150192753,20000;40000;60000;80000
config_12,LED_a,1,w0.75,80500.0,0.2591333333333333,0.7096413793103449,0.6841177314997815,20000;40000;60000;80000
config_12,LED_a,1,w0.75,81500.0,0.24646666666666667,0.7220022988505748,0.6934720794143429,20000;40000;60000;80000
config_12,LED_a,1,w0.75,82500.0,0.2551333333333333,0.7231494252873565,0.6964198216795502,20000;40000;60000;80000
config_12,LED_a,1,w0.75,83500.0,0.2628333333333333,0.726080459770115,0.6990787398227077,20000;40000;60000;80000
config_12,LED_a,1,w0.75,84500.0,0.2658333333333333,0.7227080459770114,0.6950188807620343,20000;40000;60000;80000
config_12,LED_a,1,w0.75,85500.0,0.27616666666666667,0.7304367816091953,0.7080088565868381,20000;40000;60000;80000
config_12,LED_a,1,w0.75,86500.0,0.268,0.737567816091954,0.7141874960262795,20000;40000;60000;80000
config_12,LED_a,1,w0.75,87500.0,0.2617333333333333,0.738816091954023,0.7132029582929197,20000;40000;60000;80000
config_12,LED_a,1,w0.75,88500.0,0.2835,0.7331977011494254,0.708043092570642,20000;40000;60000;80000
config_12,LED_a,1,w0.75,89500.0,0.2679,0.7348321839080459,0.7159705863559882,20000;40000;60000;80000
config_12,LED_a,1,w0.75,90500.0,0.27786666666666665,0.7300988505747127,0.7139028547753862,20000;40000;60000;80000
config_12,LED_a,1,w0.75,91500.0,0.2946,0.7235287356321839,0.7039394650567012,20000;40000;60000;80000
config_12,LED_a,1,w0.75,92500.0,0.29506666666666664,0.7352712643678163,0.7163122663700516,20000;40000;60000;80000
config_12,LED_a,1,w0.75,93500.0,0.29833333333333334,0.7341218390804598,0.713842891418469,20000;40000;60000;80000
config_12,LED_a,1,w0.75,94500.0,0.31503333333333333,0.7209333333333333,0.7024364672180232,20000;40000;60000;80000
config_12,LED_a,1,w0.75,95500.0,0.30796666666666667,0.7357678160919541,0.7154724235244929,20000;40000;60000;80000
config_12,LED_a,1,w0.75,96500.0,0.31776666666666664,0.7302459770114942,0.7059037583826268,20000;40000;60000;80000
config_12,LED_a,1,w0.75,97500.0,0.3164666666666667,0.7322321839080459,0.7087435062264554,20000;40000;60000;80000
config_12,LED_a,1,w0.75,98500.0,0.3169666666666667,0.7363287356321839,0.7132250546370598,20000;40000;60000;80000
config_12,LED_a,1,w0.75,99500.0,0.31396666666666667,0.7262758620689655,0.7035303188578819,20000;40000;60000;80000
config_12,LED_a,1,w0.95,1500.0,0.47813333333333335,0.6073356321839081,0.5731883608705378,20000;40000;60000;80000
config_12,LED_a,1,w0.95,2500.0,0.4594,0.6068919540229886,0.5728739119810581,20000;40000;60000;80000
config_12,LED_a,1,w0.95,3500.0,0.45616666666666666,0.6213448275862068,0.5783549116352634,20000;40000;60000;80000
config_12,LED_a,1,w0.95,4500.0,0.47373333333333334,0.6093632183908045,0.5562961197149178,20000;40000;60000;80000
config_12,LED_a,1,w0.95,5500.0,0.4644,0.6211931034482759,0.5684422623989699,20000;40000;60000;80000
config_12,LED_a,1,w0.95,6500.0,0.4431333333333333,0.6360850574712644,0.5757704683034613,20000;40000;60000;80000
config_12,LED_a,1,w0.95,7500.0,0.45156666666666667,0.6381999999999999,0.5776929826891575,20000;40000;60000;80000
config_12,LED_a,1,w0.95,8500.0,0.44333333333333336,0.6611701149425289,0.5930313169215607,20000;40000;60000;80000
config_12,LED_a,1,w0.95,9500.0,0.43406666666666666,0.6547264367816091,0.5944195567520792,20000;40000;60000;80000
config_12,LED_a,1,w0.95,10500.0,0.43753333333333333,0.6521609195402299,0.6027127095449879,20000;40000;60000;80000
config_12,LED_a,1,w0.95,11500.0,0.427,0.6438712643678163,0.5955002971454862,20000;40000;60000;80000
config_12,LED_a,1,w0.95,12500.0,0.44206666666666666,0.6369195402298851,0.5884489084335355,20000;40000;60000;80000
config_12,LED_a,1,w0.95,13500.0,0.4376333333333333,0.6437793103448275,0.6002742725851352,20000;40000;60000;80000
config_12,LED_a,1,w0.95,14500.0,0.42633333333333334,0.6621908045977012,0.6036875409208579,20000;40000;60000;80000
config_12,LED_a,1,w0.95,15500.0,0.41863333333333336,0.6724275862068965,0.6158205794018271,20000;40000;60000;80000
config_12,LED_a,1,w0.95,16500.0,0.41376666666666667,0.6856114942528735,0.6207699878877819,20000;40000;60000;80000
config_12,LED_a,1,w0.95,17500.0,0.41483333333333333,0.672719540229885,0.6106363304877526,20000;40000;60000;80000
config_12,LED_a,1,w0.95,18500.0,0.4187,0.6750712643678161,0.6137956058866507,20000;40000;60000;80000
config_12,LED_a,1,w0.95,19500.0,0.4135,0.6689494252873563,0.6137950609298054,20000;40000;60000;80000
config_12,LED_a,1,w0.95,20500.0,0.35473333333333334,0.6838344827586207,0.637585265579145,20000;40000;60000;80000
config_12,LED_a,1,w0.95,21500.0,0.344,0.6922298850574713,0.6452907069547318,20000;40000;60000;80000
config_12,LED_a,1,w0.95,22500.0,0.34036666666666665,0.6917080459770115,0.6401191652398461,20000;40000;60000;80000
config_12,LED_a,1,w0.95,23500.0,0.347,0.692912643678161,0.6458473420922434,20000;40000;60000;80000
config_12,LED_a,1,w0.95,24500.0,0.3490333333333333,0.6976643678160921,0.6540867059897288,20000;40000;60000;80000
config_12,LED_a,1,w0.95,25500.0,0.3374666666666667,0.7098114942528736,0.6637401897400881,20000;40000;60000;80000
config_12,LED_a,1,w0.95,26500.0,0.3295666666666667,0.7144551724137931,0.6693552567087366,20000;40000;60000;80000
config_12,LED_a,1,w0.95,27500.0,0.33736666666666665,0.7082689655172413,0.6624217012411607,20000;40000;60000;80000
config_12,LED_a,1,w0.95,28500.0,0.3320666666666667,0.6992827586206897,0.6557303840602353,20000;40000;60000;80000
config_12,LED_a,1,w0.95,29500.0,0.3463333333333333,0.6920597701149427,0.6579009204879149,20000;40000;60000;80000
config_12,LED_a,1,w0.95,30500.0,0.36436666666666667,0.6950528735632183,0.6564201525738487,20000;40000;60000;80000
config_12,LED_a,1,w0.95,31500.0,0.36143333333333333,0.7018137931034483,0.6637616267059617,20000;40000;60000;80000
config_12,LED_a,1,w0.95,32500.0,0.37783333333333335,0.6880781609195403,0.654352879699816,20000;40000;60000;80000
config_12,LED_a,1,w0.95,33500.0,0.38653333333333334,0.6846091954022989,0.6548099117366413,20000;40000;60000;80000
config_12,LED_a,1,w0.95,34500.0,0.3786,0.692551724137931,0.6609121507276898,20000;40000;60000;80000
config_12,LED_a,1,w0.95,35500.0,0.3824666666666667,0.6839310344827586,0.6549423584136574,20000;40000;60000;80000
config_12,LED_a,1,w0.95,36500.0,0.4005,0.6744551724137932,0.6419885864497793,20000;40000;60000;80000
config_12,LED_a,1,w0.95,37500.0,0.39536666666666664,0.6779977011494253,0.6440571983847129,20000;40000;60000;80000
config_12,LED_a,1,w0.95,38500.0,0.4083,0.6742942528735631,0.6390302473280427,20000;40000;60000;80000
config_12,LED_a,1,w0.95,39500.0,0.4068333333333333,0.6773586206896552,0.6456983210446833,20000;40000;60000;80000
config_12,LED_a,1,w0.95,40500.0,0.3043666666666667,0.7186666666666667,0.691124283146452,20000;40000;60000;80000
config_12,LED_a,1,w0.95,41500.0,0.2995,0.7148045977011495,0.6898060549378225,20000;40000;60000;80000
config_12,LED_a,1,w0.95,42500.0,0.3127666666666667,0.7179908045977011,0.6914758988059361,20000;40000;60000;80000
config_12,LED_a,1,w0.95,43500.0,0.3079,0.7157632183908045,0.6900787739616614,20000;40000;60000;80000
config_12,LED_a,1,w0.95,44500.0,0.3094,0.7006459770114942,0.6748854955601986,20000;40000;60000;80000
config_12,LED_a,1,w0.95,45500.0,0.31666666666666665,0.7046114942528735,0.679119935748706,20000;40000;60000;80000
config_12,LED_a,1,w0.95,46500.0,0.30783333333333335,0.7043471264367817,0.6797357983304843,20000;40000;60000;80000
config_12,LED_a,1,w0.95,47500.0,0.3144,0.7181655172413792,0.6930732545721531,20000;40000;60000;80000
config_12,LED_a,1,w0.95,48500.0,0.32476666666666665,0.7023034482758621,0.679205801300726,20000;40000;60000;80000
config_12,LED_a,1,w0.95,49500.0,0.33243333333333336,0.703248275862069,0.6771504937010555,20000;40000;60000;80000
config_12,LED_a,1,w0.95,50500.0,0.33336666666666664,0.6954781609195403,0.6692945997713402,20000;40000;60000;80000
config_12,LED_a,1,w0.95,51500.0,0.34053333333333335,0.6798298850574712,0.6547433875608677,20000;40000;60000;80000
config_12,LED_a,1,w0.95,52500.0,0.3293,0.6940643678160919,0.6680961541349432,20000;40000;60000;80000
config_12,LED_a,1,w0.95,53500.0,0.33563333333333334,0.6949402298850575,0.6659502621656651,20000;40000;60000;80000
config_12,LED_a,1,w0.95,54500.0,0.3448,0.6929402298850575,0.6650795998075454,20000;40000;60000;80000
config_12,LED_a,1,w0.95,55500.0,0.3461,0.6951080459770114,0.6664186751660626,20000;40000;60000;80000
config_12,LED_a,1,w0.95,56500.0,0.37293333333333334,0.685328735632184,0.65762424402118,20000;40000;60000;80000
config_12,LED_a,1,w0.95,57500.0,0.36056666666666665,0.6933793103448276,0.6664271482280767,20000;40000;60000;80000
config_12,LED_a,1,w0.95,58500.0,0.3589333333333333,0.6919839080459771,0.6635136806495263,20000;40000;60000;80000
config_12,LED_a,1,w0.95,59500.0,0.3656,0.682312643678161,0.6567664533175994,20000;40000;60000;80000
config_12,LED_a,1,w0.95,60500.0,0.29793333333333333,0.7040183908045977,0.6787287771883744,20000;40000;60000;80000
config_12,LED_a,1,w0.95,61500.0,0.3011,0.7056298850574714,0.680354573536114,20000;40000;60000;80000
config_12,LED_a,1,w0.95,62500.0,0.30493333333333333,0.7151057471264367,0.6905653295961443,20000;40000;60000;80000
config_12,LED_a,1,w0.95,63500.0,0.30073333333333335,0.7098919540229885,0.6864353563342683,20000;40000;60000;80000
config_12,LED_a,1,w0.95,64500.0,0.3127,0.7091632183908045,0.6848785357469843,20000;40000;60000;80000
config_12,LED_a,1,w0.95,65500.0,0.3144,0.7074298850574712,0.6818966019889215,20000;40000;60000;80000
config_12,LED_a,1,w0.95,66500.0,0.31693333333333334,0.6981402298850574,0.6728734489437687,20000;40000;60000;80000
config_12,LED_a,1,w0.95,67500.0,0.32353333333333334,0.7092827586206897,0.6719439816583874,20000;40000;60000;80000
config_12,LED_a,1,w0.95,68500.0,0.30583333333333335,0.7171241379310345,0.675669215352746,20000;40000;60000;80000
config_12,LED_a,1,w0.95,69500.0,0.3136,0.717216091954023,0.6772661043444277,20000;40000;60000;80000
config_12,LED_a,1,w0.95,70500.0,0.31443333333333334,0.7207517241379311,0.6794786687477644,20000;40000;60000;80000
config_12,LED_a,1,w0.95,71500.0,0.324,0.7195402298850575,0.6882890387805565,20000;40000;60000;80000
config_12,LED_a,1,w0.95,72500.0,0.32363333333333333,0.7179402298850575,0.6872741017595669,20000;40000;60000;80000
config_12,LED_a,1,w0.95,73500.0,0.3102666666666667,0.7256919540229886,0.6936380163636666,20000;40000;60000;80000
config_12,LED_a,1,w0.95,74500.0,0.3259,0.7169448275862068,0.6879464376857717,20000;40000;60000;80000
config_12,LED_a,1,w0.95,75500.0,0.3182333333333333,0.7180137931034483,0.6907712339621491,20000;40000;60000;80000
config_12,LED_a,1,w0.95,76500.0,0.3285666666666667,0.7186873563218391,0.6899688537336643,20000;40000;60000;80000
config_12,LED_a,1,w0.95,77500.0,0.33166666666666667,0.7160620689655172,0.6869967035181666,20000;40000;60000;80000
config_12,LED_a,1,w0.95,78500.0,0.34253333333333336,0.7124367816091953,0.6882253210908138,20000;40000;60000;80000
config_12,LED_a,1,w0.95,79500.0,0.3441666666666667,0.7088758620689655,0.6837464738143588,20000;40000;60000;80000
config_12,LED_a,1,w0.95,80500.0,0.25056666666666666,0.7242091954022989,0.693834554925552,20000;40000;60000;80000
config_12,LED_a,1,w0.95,81500.0,0.2376,0.736622988505747,0.7034168979504698,20000;40000;60000;80000
config_12,LED_a,1,w0.95,82500.0,0.2487,0.7327816091954023,0.7019196458725334,20000;40000;60000;80000
config_12,LED_a,1,w0.95,83500.0,0.2599,0.7251977011494253,0.6973565516476201,20000;40000;60000;80000
config_12,LED_a,1,w0.95,84500.0,0.26526666666666665,0.7277494252873564,0.6974514593344011,20000;40000;60000;80000
config_12,LED_a,1,w0.95,85500.0,0.2781,0.7395149425287357,0.7089757131520695,20000;40000;60000;80000
config_12,LED_a,1,w0.95,86500.0,0.2740666666666667,0.7428528735632183,0.7156886764705883,20000;40000;60000;80000
config_12,LED_a,1,w0.95,87500.0,0.27203333333333335,0.7453264367816091,0.7172057800489543,20000;40000;60000;80000
config_12,LED_a,1,w0.95,88500.0,0.2935333333333333,0.7398298850574713,0.7141040786016224,20000;40000;60000;80000
config_12,LED_a,1,w0.95,89500.0,0.28163333333333335,0.7463724137931035,0.7253201115714344,20000;40000;60000;80000
config_12,LED_a,1,w0.95,90500.0,0.28936666666666666,0.7411793103448276,0.7184235243681432,20000;40000;60000;80000
config_12,LED_a,1,w0.95,91500.0,0.31196666666666667,0.7223425287356323,0.6997354664713323,20000;40000;60000;80000
config_12,LED_a,1,w0.95,92500.0,0.2995333333333333,0.736351724137931,0.7161805372876164,20000;40000;60000;80000
config_12,LED_a,1,w0.95,93500.0,0.294,0.743312643678161,0.7237728210614802,20000;40000;60000;80000
config_12,LED_a,1,w0.95,94500.0,0.31853333333333333,0.7366321839080461,0.7139060657539723,20000;40000;60000;80000
config_12,LED_a,1,w0.95,95500.0,0.3224,0.7446321839080459,0.7196313692917925,20000;40000;60000;80000
config_12,LED_a,1,w0.95,96500.0,0.32276666666666665,0.7465356321839081,0.7213527567020738,20000;40000;60000;80000
config_12,LED_a,1,w0.95,97500.0,0.32366666666666666,0.7479563218390805,0.7212271766800327,20000;40000;60000;80000
config_12,LED_a,1,w0.95,98500.0,0.3166333333333333,0.7495402298850575,0.7238880201679526,20000;40000;60000;80000
config_12,LED_a,1,w0.95,99500.0,0.3174,0.747351724137931,0.7199609206709976,20000;40000;60000;80000
config_12,AGR_g,1,w0.50,1500.0,0.7662333333333333,0.29081609195402297,0.25785843463835684,20000;28000;43000;50000;70000;72000;79000
config_12,AGR_g,1,w0.50,2500.0,0.7727666666666667,0.28726206896551726,0.25712796612027455,20000;28000;43000;50000;70000;72000;79000
config_12,AGR_g,1,w0.50,3500.0,0.7858,0.23855172413793105,0.2183245659416841,20000;28000;43000;50000;70000;72000;79000
config_12,AGR_g,1,w0.50,4500.0,0.7762666666666667,0.22005517241379308,0.20367883539097492,20000;28000;43000;50000;70000;72000;79000
config_12,AGR_g,1,w0.50,5500.0,0.7692,0.26649655172413794,0.2437612520288173,20000;28000;43000;50000;70000;72000;79000
config_12,AGR_g,1,w0.50,6500.0,0.7549666666666667,0.2902459770114943,0.26038948741339407,20000;28000;43000;50000;70000;72000;79000
config_12,AGR_g,1,w0.50,7500.0,0.7475666666666667,0.30474252873563223,0.26478511451855863,20000;28000;43000;50000;70000;72000;79000
config_12,AGR_g,1,w0.50,8500.0,0.7565333333333333,0.31857931034482756,0.2733374005488816,20000;28000;43000;50000;70000;72000;79000
config_12,AGR_g,1,w0.50,9500.0,0.7396,0.31832643678160916,0.2734896431541844,20000;28000;43000;50000;70000;72000;79000
config_12,AGR_g,1,w0.50,10500.0,0.7703,0.27681149425287355,0.24660975210460062,20000;28000;43000;50000;70000;72000;79000
config_12,AGR_g,1,w0.50,11500.0,0.7546333333333334,0.28137701149425287,0.25753526469112503,20000;28000;43000;50000;70000;72000;79000
config_12,AGR_g,1,w0.50,12500.0,0.7598666666666667,0.29922298850574713,0.2607058061259469,20000;28000;43000;50000;70000;72000;79000
config_12,AGR_g,1,w0.50,13500.0,0.7706666666666667,0.2778528735632184,0.24735064245088373,20000;28000;43000;50000;70000;72000;79000
config_12,AGR_g,1,w0.50,14500.0,0.7624,0.29336551724137927,0.25634982097320386,20000;28000;43000;50000;70000;72000;79000
config_12,AGR_g,1,w0.50,15500.0,0.7538666666666667,0.32913563218390807,0.2794803643527277,20000;28000;43000;50000;70000;72000;79000
config_12,AGR_g,1,w0.50,16500.0,0.7421333333333333,0.33931954022988503,0.28254353360693263,20000;28000;43000;50000;70000;72000;79000
config_12,AGR_g,1,w0.50,17500.0,0.7609,0.28709655172413795,0.2515877236099319,20000;28000;43000;50000;70000;72000;79000
config_12,AGR_g,1,w0.50,18500.0,0.7752666666666667,0.26668505747126436,0.2372514172548766,20000;28000;43000;50000;70000;72000;79000
config_12,AGR_g,1,w0.50,19500.0,0.7156666666666667,0.2877195402298851,0.25461983790042453,20000;28000;43000;50000;70000;72000;79000
config_12,AGR_g,1,w0.50,20500.0,0.4927666666666667,0.3131885057471264,0.27334222997230484,20000;28000;43000;50000;70000;72000;79000
config_12,AGR_g,1,w0.50,21500.0,0.46523333333333333,0.3608850574712643,0.3329047415324013,20000;28000;43000;50000;70000;72000;79000
config_12,AGR_g,1,w0.50,22500.0,0.5125666666666666,0.3971195402298851,0.37741320565475533,20000;28000;43000;50000;70000;72000;79000
config_12,AGR_g,1,w0.50,23500.0,0.527,0.41458850574712647,0.4002840902554073,20000;28000;43000;50000;70000;72000;79000
config_12,AGR_g,1,w0.50,24500.0,0.5521,0.45423678160919545,0.43764721611125645,20000;28000;43000;50000;70000;72000;79000
config_12,AGR_g,1,w0.50,25500.0,0.5658333333333333,0.4273034482758621,0.41740126893778673,20000;28000;43000;50000;70000;72000;79000
config_12,AGR_g,1,w0.50,26500.0,0.5688333333333333,0.3963701149425287,0.38269467599483975,20000;28000;43000;50000;70000;72000;79000
config_12,AGR_g,1,w0.50,27500.0,0.5532666666666667,0.43442758620689653,0.41792946512248347,20000;28000;43000;50000;70000;72000;79000
config_12,AGR_g,1,w0.50,28500.0,0.5005,0.4689264367816092,0.45544544009125004,20000;28000;43000;50000;70000;72000;79000
config_12,AGR_g,1,w0.50,29500.0,0.5145,0.46928045977011495,0.4511167086964736,20000;28000;43000;50000;70000;72000;79000
config_12,AGR_g,1,w0.50,30500.0,0.5168333333333334,0.4347287356321839,0.4148950249099939,20000;28000;43000;50000;70000;72000;79000
config_12,AGR_g,1,w0.50,31500.0,0.5322333333333333,0.457519540229885,0.4428763284877774,20000;28000;43000;50000;70000;72000;79000
config_12,AGR_g,1,w0.50,32500.0,0.5199333333333334,0.46552643678160915,0.4540936767025032,20000;28000;43000;50000;70000;72000;79000
config_12,AGR_g,1,w0.50,33500.0,0.5349,0.447,0.4332020389933486,20000;28000;43000;50000;70000;72000;79000
config_12,AGR_g,1,w0.50,34500.0,0.5438333333333333,0.4481448275862069,0.437778289814229,20000;28000;43000;50000;70000;72000;79000
config_12,AGR_g,1,w0.50,35500.0,0.5403666666666667,0.41368965517241374,0.39895379854151447,20000;28000;43000;50000;70000;72000;79000
config_12,AGR_g,1,w0.50,36500.0,0.5388333333333334,0.44810344827586207,0.4393956108960783,20000;28000;43000;50000;70000;72000;79000
config_12,AGR_g,1,w0.50,37500.0,0.5415333333333333,0.4471678160919541,0.4370358330682245,20000;28000;43000;50000;70000;72000;79000
config_12,AGR_g,1,w0.50,38500.0,0.5586666666666666,0.434680459770115,0.4225540386726564,20000;28000;43000;50000;70000;72000;79000
config_12,AGR_g,1,w0.50,39500.0,0.5521333333333334,0.4474022988505747,0.43795361452529613,20000;28000;43000;50000;70000;72000;79000
config_12,AGR_g,1,w0.50,40500.0,0.5281333333333333,0.4813747126436782,0.47598206159678186,20000;28000;43000;50000;70000;72000;79000
config_12,AGR_g,1,w0.50,41500.0,0.5335666666666666,0.4701724137931035,0.4623350688159952,20000;28000;43000;50000;70000;72000;79000
config_12,AGR_g,1,w0.50,42500.0,0.5227,0.43212183908045976,0.41675940114553034,20000;28000;43000;50000;70000;72000;79000
config_12,AGR_g,1,w0.50,43500.0,0.46166666666666667,0.41254712643678154,0.4036441456038021,20000;28000;43000;50000;70000;72000;79000
config_12,AGR_g,1,w0.50,44500.0,0.4658333333333333,0.4478689655172414,0.441822572368046,20000;28000;43000;50000;70000;72000;79000
config_12,AGR_g,1,w0.50,45500.0,0.4640666666666667,0.4312091954022989,0.4276157511496008,20000;28000;43000;50000;70000;72000;79000
config_12,AGR_g,1,w0.50,46500.0,0.5032333333333333,0.4666551724137931,0.4628802136122444,20000;28000;43000;50000;70000;72000;79000
config_12,AGR_g,1,w0.50,47500.0,0.5276666666666666,0.4762666666666666,0.4707868389084297,20000;28000;43000;50000;70000;72000;79000
config_12,AGR_g,1,w0.50,48500.0,0.5476666666666666,0.47916781609195397,0.4730415771251193,20000;28000;43000;50000;70000;72000;79000
config_12,AGR_g,1,w0.50,49500.0,0.5516333333333333,0.47235632183908044,0.46492429111737826,20000;28000;43000;50000;70000;72000;79000
config_12,AGR_g,1,w0.50,50500.0,0.5275333333333333,0.46750804597701145,0.46214021785060333,20000;28000;43000;50000;70000;72000;79000
config_12,AGR_g,1,w0.50,51500.0,0.5322666666666667,0.4679172413793103,0.46293272402207086,20000;28000;43000;50000;70000;72000;79000
config_12,AGR_g,1,w0.50,52500.0,0.5223333333333333,0.4758574712643678,0.46788918167415694,20000;28000;43000;50000;70000;72000;79000
config_12,AGR_g,1,w0.50,53500.0,0.5235333333333333,0.4746574712643678,0.46810684423168064,20000;28000;43000;50000;70000;72000;79000
config_12,AGR_g,1,w0.50,54500.0,0.5360333333333334,0.47394252873563214,0.467596339513575,20000;28000;43000;50000;70000;72000;79000
config_12,AGR_g,1,w0.50,55500.0,0.5269,0.4794183908045977,0.4749516201331967,20000;28000;43000;50000;70000;72000;79000
config_12,AGR_g,1,w0.50,56500.0,0.532,0.4826206896551724,0.47843743772241987,20000;28000;43000;50000;70000;72000;79000
config_12,AGR_g,1,w0.50,57500.0,0.5312666666666667,0.4714896551724138,0.4677216846101188,20000;28000;43000;50000;70000;72000;79000
config_12,AGR_g,1,w0.50,58500.0,0.5232,0.4772873563218391,0.4733396131909325,20000;28000;43000;50000;70000;72000;79000
config_12,AGR_g,1,w0.50,59500.0,0.5326333333333333,0.46891264367816093,0.46416415459458626,20000;28000;43000;50000;70000;72000;79000
config_12,AGR_g,1,w0.50,60500.0,0.5372,0.47310804597701156,0.4693731428877284,20000;28000;43000;50000;70000;72000;79000
config_12,AGR_g,1,w0.50,61500.0,0.5482333333333334,0.4608022988505747,0.4567002900395639,20000;28000;43000;50000;70000;72000;79000
config_12,AGR_g,1,w0.50,62500.0,0.5625,0.44576321839080457,0.44072600078519497,20000;28000;43000;50000;70000;72000;79000
config_12,AGR_g,1,w0.50,63500.0,0.5642666666666667,0.44255632183908045,0.4375258042895443,20000;28000;43000;50000;70000;72000;79000
config_12,AGR_g,1,w0.50,64500.0,0.5677,0.43494482758620695,0.42874344432848266,20000;28000;43000;50000;70000;72000;79000
config_12,AGR_g,1,w0.50,65500.0,0.5688666666666666,0.44913563218390795,0.4427207518194565,20000;28000;43000;50000;70000;72000;79000
config_12,AGR_g,1,w0.50,66500.0,0.5679666666666666,0.45734482758620687,0.45010208478721886,20000;28000;43000;50000;70000;72000;79000
config_12,AGR_g,1,w0.50,67500.0,0.5594,0.46618390804597704,0.4605914586033929,20000;28000;43000;50000;70000;72000;79000
config_12,AGR_g,1,w0.50,68500.0,0.5608666666666666,0.4658252873563219,0.4602699635496985,20000;28000;43000;50000;70000;72000;79000
config_12,AGR_g,1,w0.50,69500.0,0.5584666666666667,0.4658804597701149,0.4596773184373323,20000;28000;43000;50000;70000;72000;79000
config_12,AGR_g,1,w0.50,70500.0,0.5342333333333333,0.4682091954022989,0.46360853580072925,20000;28000;43000;50000;70000;72000;79000
config_12,AGR_g,1,w0.50,71500.0,0.5146333333333334,0.46945057471264373,0.4661100032851511,20000;28000;43000;50000;70000;72000;79000
config_12,AGR_g,1,w0.50,72500.0,0.4669333333333333,0.4712459770114943,0.46892286821705426,20000;28000;43000;50000;70000;72000;79000
config_12,AGR_g,1,w0.50,73500.0,0.461,0.47539310344827584,0.47378637388430767,20000;28000;43000;50000;70000;72000;79000
config_12,AGR_g,1,w0.50,74500.0,0.4657,0.47714252873563223,0.47572108581896944,20000;28000;43000;50000;70000;72000;79000
config_12,AGR_g,1,w0.50,75500.0,0.48113333333333336,0.47535632183908044,0.473565866878181,20000;28000;43000;50000;70000;72000;79000
config_12,AGR_g,1,w0.50,76500.0,0.48743333333333333,0.47844827586206895,0.4766116827666688,20000;28000;43000;50000;70000;72000;79000
config_12,AGR_g,1,w0.50,77500.0,0.5085,0.4744390804597701,0.47215039785775414,20000;28000;43000;50000;70000;72000;79000
config_12,AGR_g,1,w0.50,78500.0,0.5067,0.47735402298850577,0.47485496183206116,20000;28000;43000;50000;70000;72000;79000
config_12,AGR_g,1,w0.50,79500.0,0.49623333333333336,0.4796988505747127,0.4774460444556027,20000;28000;43000;50000;70000;72000;79000
config_12,AGR_g,1,w0.50,80500.0,0.5308666666666667,0.4760091954022989,0.4722193806664311,20000;28000;43000;50000;70000;72000;79000
config_12,AGR_g,1,w0.50,81500.0,0.5648,0.47052873563218384,0.4654570276529843,20000;28000;43000;50000;70000;72000;79000
config_12,AGR_g,1,w0.50,82500.0,0.6059333333333333,0.46057011494252875,0.45415673135177803,20000;28000;43000;50000;70000;72000;79000
config_12,AGR_g,1,w0.50,83500.0,0.6504333333333333,0.43403448275862067,0.42386118831416814,20000;28000;43000;50000;70000;72000;79000
config_12,AGR_g,1,w0.50,84500.0,0.6707666666666666,0.4236344827586207,0.4117281948277676,20000;28000;43000;50000;70000;72000;79000
config_12,AGR_g,1,w0.50,85500.0,0.7109,0.39169885057471265,0.3820239101617071,20000;28000;43000;50000;70000;72000;79000
config_12,AGR_g,1,w0.50,86500.0,0.722,0.3845011494252874,0.3779659826159408,20000;28000;43000;50000;70000;72000;79000
config_12,AGR_g,1,w0.50,87500.0,0.7439666666666667,0.3655701149425287,0.3572684073834357,20000;28000;43000;50000;70000;72000;79000
config_12,AGR_g,1,w0.50,88500.0,0.7486333333333334,0.3593034482758621,0.3519580456310326,20000;28000;43000;50000;70000;72000;79000
config_12,AGR_g,1,w0.50,89500.0,0.7693333333333333,0.33968275862068964,0.33238612004801005,20000;28000;43000;50000;70000;72000;79000
config_12,AGR_g,1,w0.50,90500.0,0.7841666666666667,0.31944597701149424,0.31319532604654066,20000;28000;43000;50000;70000;72000;79000
config_12,AGR_g,1,w0.50,91500.0,0.7870666666666667,0.3169747126436782,0.31094707642119424,20000;28000;43000;50000;70000;72000;79000
config_12,AGR_g,1,w0.50,92500.0,0.821,0.2724367816091954,0.26725746273667245,20000;28000;43000;50000;70000;72000;79000
config_12,AGR_g,1,w0.50,93500.0,0.9634666666666667,0.04640459770114942,0.03944043616982261,20000;28000;43000;50000;70000;72000;79000
config_12,AGR_g,1,w0.50,94500.0,0.966,0.04313103448275862,0.03700989949589733,20000;28000;43000;50000;70000;72000;79000
config_12,AGR_g,1,w0.50,95500.0,0.9682666666666667,0.024758620689655172,0.022597177563845113,20000;28000;43000;50000;70000;72000;79000
config_12,AGR_g,1,w0.50,96500.0,0.9690666666666666,0.007167816091954023,0.006830520137623965,20000;28000;43000;50000;70000;72000;79000
config_12,AGR_g,1,w0.50,97500.0,0.9801666666666666,0.00605287356321839,0.0057684610968907635,20000;28000;43000;50000;70000;72000;79000
config_12,AGR_g,1,w0.50,98500.0,0.9754,0.005866666666666667,0.005574004250359911,20000;28000;43000;50000;70000;72000;79000
config_12,AGR_g,1,w0.50,99500.0,0.9760666666666666,0.006363218390804597,0.006157779326803795,20000;28000;43000;50000;70000;72000;79000
config_12,AGR_g,1,w0.75,1500.0,0.7662,0.29135172413793103,0.25801517812157315,20000;28000;43000;50000;70000;72000;79000
config_12,AGR_g,1,w0.75,2500.0,0.7691,0.29663218390804597,0.26331328576031054,20000;28000;43000;50000;70000;72000;79000
config_12,AGR_g,1,w0.75,3500.0,0.7951,0.21099080459770117,0.1953546126715959,20000;28000;43000;50000;70000;72000;79000
config_12,AGR_g,1,w0.75,4500.0,0.7826666666666666,0.19682758620689655,0.18350398790525788,20000;28000;43000;50000;70000;72000;79000
config_12,AGR_g,1,w0.75,5500.0,0.7762333333333333,0.26192413793103453,0.2349237886231577,20000;28000;43000;50000;70000;72000;79000
config_12,AGR_g,1,w0.75,6500.0,0.7488333333333334,0.3139241379310345,0.27196441444240754,20000;28000;43000;50000;70000;72000;79000
config_12,AGR_g,1,w0.75,7500.0,0.7414,0.318983908045977,0.27451792754711024,20000;28000;43000;50000;70000;72000;79000
config_12,AGR_g,1,w0.75,8500.0,0.7557,0.32024137931034485,0.2737232328612729,20000;28000;43000;50000;70000;72000;79000
config_12,AGR_g,1,w0.75,9500.0,0.7347666666666667,0.32694022988505744,0.27737719806530015,20000;28000;43000;50000;70000;72000;79000
config_12,AGR_g,1,w0.75,10500.0,0.7748666666666667,0.2730666666666667,0.24263773836319444,20000;28000;43000;50000;70000;72000;79000
config_12,AGR_g,1,w0.75,11500.0,0.7550666666666667,0.27364597701149423,0.2505308697980189,20000;28000;43000;50000;70000;72000;79000
config_12,AGR_g,1,w0.75,12500.0,0.7783333333333333,0.24591724137931034,0.2260412679593669,20000;28000;43000;50000;70000;72000;79000
config_12,AGR_g,1,w0.75,13500.0,0.7774333333333333,0.25721149425287354,0.22786742842970523,20000;28000;43000;50000;70000;72000;79000
config_12,AGR_g,1,w0.75,14500.0,0.7670333333333333,0.2699057471264368,0.2376543325271408,20000;28000;43000;50000;70000;72000;79000
config_12,AGR_g,1,w0.75,15500.0,0.7565333333333333,0.31774712643678166,0.2726920171396481,20000;28000;43000;50000;70000;72000;79000
config_12,AGR_g,1,w0.75,16500.0,0.7544666666666666,0.29953563218390805,0.2629166261157829,20000;28000;43000;50000;70000;72000;79000
config_12,AGR_g,1,w0.75,17500.0,0.7760666666666667,0.24526436781609195,0.2212529833523311,20000;28000;43000;50000;70000;72000;79000
config_12,AGR_g,1,w0.75,18500.0,0.7779666666666667,0.25173103448275863,0.22613170511591177,20000;28000;43000;50000;70000;72000;79000
config_12,AGR_g,1,w0.75,19500.0,0.7245666666666667,0.26759770114942527,0.2379720293870435,20000;28000;43000;50000;70000;72000;79000
config_12,AGR_g,1,w0.75,20500.0,0.48513333333333336,0.266951724137931,0.23577556530322738,20000;28000;43000;50000;70000;72000;79000
config_12,AGR_g,1,w0.75,21500.0,0.46136666666666665,0.35240689655172414,0.3174570481917998,20000;28000;43000;50000;70000;72000;79000
config_12,AGR_g,1,w0.75,22500.0,0.5044666666666666,0.3806758620689655,0.3595921285657831,20000;28000;43000;50000;70000;72000;79000
config_12,AGR_g,1,w0.75,23500.0,0.5255333333333333,0.41080459770114947,0.394924657288323,20000;28000;43000;50000;70000;72000;79000
config_12,AGR_g,1,w0.75,24500.0,0.5428666666666667,0.45913103448275866,0.42710642325697434,20000;28000;43000;50000;70000;72000;79000
config_12,AGR_g,1,w0.75,25500.0,0.5673,0.439519540229885,0.41208371477708694,20000;28000;43000;50000;70000;72000;79000
config_12,AGR_g,1,w0.75,26500.0,0.5861666666666666,0.41740459770114935,0.399177213956406,20000;28000;43000;50000;70000;72000;79000
config_12,AGR_g,1,w0.75,27500.0,0.5645666666666667,0.44177701149425286,0.41561589297658863,20000;28000;43000;50000;70000;72000;79000
config_12,AGR_g,1,w0.75,28500.0,0.5072,0.4573747126436782,0.44698758594504473,20000;28000;43000;50000;70000;72000;79000
config_12,AGR_g,1,w0.75,29500.0,0.5288333333333334,0.4628114942528735,0.44365778591910704,20000;28000;43000;50000;70000;72000;79000
config_12,AGR_g,1,w0.75,30500.0,0.5221333333333333,0.42537931034482757,0.414623841079282,20000;28000;43000;50000;70000;72000;79000
config_12,AGR_g,1,w0.75,31500.0,0.5402666666666667,0.44674022988505746,0.4357016829887558,20000;28000;43000;50000;70000;72000;79000
config_12,AGR_g,1,w0.75,32500.0,0.5305,0.4558965517241379,0.4473486057290479,20000;28000;43000;50000;70000;72000;79000
config_12,AGR_g,1,w0.75,33500.0,0.5436333333333333,0.42586896551724135,0.41714448677130983,20000;28000;43000;50000;70000;72000;79000
config_12,AGR_g,1,w0.75,34500.0,0.5503,0.4258,0.4167710688224352,20000;28000;43000;50000;70000;72000;79000
config_12,AGR_g,1,w0.75,35500.0,0.5541333333333334,0.36729655172413794,0.35991800125340495,20000;28000;43000;50000;70000;72000;79000
config_12,AGR_g,1,w0.75,36500.0,0.5482,0.4303724137931034,0.4223365778228785,20000;28000;43000;50000;70000;72000;79000
config_12,AGR_g,1,w0.75,37500.0,0.5572333333333334,0.43670114942528737,0.42815293662745735,20000;28000;43000;50000;70000;72000;79000
config_12,AGR_g,1,w0.75,38500.0,0.5718,0.42359080459770115,0.41642221682992553,20000;28000;43000;50000;70000;72000;79000
config_12,AGR_g,1,w0.75,39500.0,0.5753666666666667,0.41859540229885056,0.41257849786485806,20000;28000;43000;50000;70000;72000;79000
config_12,AGR_g,1,w0.75,40500.0,0.5509666666666667,0.46961609195402304,0.4620832842527758,20000;28000;43000;50000;70000;72000;79000
config_12,AGR_g,1,w0.75,41500.0,0.5629,0.4611977011494253,0.4532305276338455,20000;28000;43000;50000;70000;72000;79000
config_12,AGR_g,1,w0.75,42500.0,0.5436666666666666,0.42847816091954016,0.4202162371511713,20000;28000;43000;50000;70000;72000;79000
config_12,AGR_g,1,w0.75,43500.0,0.48633333333333334,0.4173195402298851,0.4108851955492267,20000;28000;43000;50000;70000;72000;79000
config_12,AGR_g,1,w0.75,44500.0,0.46946666666666664,0.4347310344827586,0.42908108403851764,20000;28000;43000;50000;70000;72000;79000
config_12,AGR_g,1,w0.75,45500.0,0.4806,0.4245517241379311,0.4198989213594811,20000;28000;43000;50000;70000;72000;79000
config_12,AGR_g,1,w0.75,46500.0,0.5087666666666667,0.4559149425287356,0.45146110583535265,20000;28000;43000;50000;70000;72000;79000
config_12,AGR_g,1,w0.75,47500.0,0.5225,0.46473793103448274,0.4599172866798196,20000;28000;43000;50000;70000;72000;79000
config_12,AGR_g,1,w0.75,48500.0,0.5386333333333333,0.4657402298850575,0.45989346425376104,20000;28000;43000;50000;70000;72000;79000
config_12,AGR_g,1,w0.75,49500.0,0.5408666666666667,0.4738528735632184,0.46852927829125507,20000;28000;43000;50000;70000;72000;79000
config_12,AGR_g,1,w0.75,50500.0,0.5163,0.4717908045977011,0.4682044500557487,20000;28000;43000;50000;70000;72000;79000
config_12,AGR_g,1,w0.75,51500.0,0.5098333333333334,0.47280689655172414,0.4689336147029645,20000;28000;43000;50000;70000;72000;79000
config_12,AGR_g,1,w0.75,52500.0,0.5098333333333334,0.4744712643678161,0.46931805532130205,20000;28000;43000;50000;70000;72000;79000
config_12,AGR_g,1,w0.75,53500.0,0.5154,0.4758298850574713,0.47115653737179597,20000;28000;43000;50000;70000;72000;79000
config_12,AGR_g,1,w0.75,54500.0,0.5156333333333334,0.47626896551724135,0.47205925674332294,20000;28000;43000;50000;70000;72000;79000
config_12,AGR_g,1,w0.75,55500.0,0.5202333333333333,0.47497241379310345,0.47082636692548474,20000;28000;43000;50000;70000;72000;79000
config_12,AGR_g,1,w0.75,56500.0,0.5241333333333333,0.47578390804597703,0.47202750672609733,20000;28000;43000;50000;70000;72000;79000
config_12,AGR_g,1,w0.75,57500.0,0.5232,0.47605057471264367,0.4723765628652732,20000;28000;43000;50000;70000;72000;79000
config_12,AGR_g,1,w0.75,58500.0,0.5324666666666666,0.47516781609195397,0.47165347615261083,20000;28000;43000;50000;70000;72000;79000
config_12,AGR_g,1,w0.75,59500.0,0.5364333333333333,0.47233793103448274,0.4676468935420893,20000;28000;43000;50000;70000;72000;79000
config_12,AGR_g,1,w0.75,60500.0,0.5369333333333334,0.467351724137931,0.46437262824351677,20000;28000;43000;50000;70000;72000;79000
config_12,AGR_g,1,w0.75,61500.0,0.5527666666666666,0.4599977011494253,0.4559906128030541,20000;28000;43000;50000;70000;72000;79000
config_12,AGR_g,1,w0.75,62500.0,0.5570333333333334,0.4500252873563218,0.44485390745625875,20000;28000;43000;50000;70000;72000;79000
config_12,AGR_g,1,w0.75,63500.0,0.5526333333333333,0.4464206896551724,0.4399147935435697,20000;28000;43000;50000;70000;72000;79000
config_12,AGR_g,1,w0.75,64500.0,0.5665666666666667,0.43542758620689653,0.4283020144842538,20000;28000;43000;50000;70000;72000;79000
config_12,AGR_g,1,w0.75,65500.0,0.5552666666666667,0.45633563218390805,0.45056515658383006,20000;28000;43000;50000;70000;72000;79000
config_12,AGR_g,1,w0.75,66500.0,0.5650333333333334,0.4576620689655173,0.4519252912860348,20000;28000;43000;50000;70000;72000;79000
config_12,AGR_g,1,w0.75,67500.0,0.5541,0.475616091954023,0.46946752236766554,20000;28000;43000;50000;70000;72000;79000
config_12,AGR_g,1,w0.75,68500.0,0.5521333333333334,0.47521839080459777,0.4684383706822201,20000;28000;43000;50000;70000;72000;79000
config_12,AGR_g,1,w0.75,69500.0,0.5592333333333334,0.46401149425287364,0.45753103748665214,20000;28000;43000;50000;70000;72000;79000
config_12,AGR_g,1,w0.75,70500.0,0.5451333333333334,0.4668275862068965,0.46137112641779376,20000;28000;43000;50000;70000;72000;79000
config_12,AGR_g,1,w0.75,71500.0,0.5253,0.47539540229885063,0.4699614489996563,20000;28000;43000;50000;70000;72000;79000
config_12,AGR_g,1,w0.75,72500.0,0.48496666666666666,0.48413563218390804,0.48064966260020253,20000;28000;43000;50000;70000;72000;79000
config_12,AGR_g,1,w0.75,73500.0,0.49593333333333334,0.48590344827586207,0.4832391887102784,20000;28000;43000;50000;70000;72000;79000
config_12,AGR_g,1,w0.75,74500.0,0.5027666666666667,0.4879471264367816,0.4852392804796803,20000;28000;43000;50000;70000;72000;79000
config_12,AGR_g,1,w0.75,75500.0,0.5109666666666667,0.48219540229885055,0.47955984598740986,20000;28000;43000;50000;70000;72000;79000
config_12,AGR_g,1,w0.75,76500.0,0.5132,0.4845287356321839,0.4814737266348202,20000;28000;43000;50000;70000;72000;79000
config_12,AGR_g,1,w0.75,77500.0,0.5378666666666667,0.4764505747126437,0.4725223025225558,20000;28000;43000;50000;70000;72000;79000
config_12,AGR_g,1,w0.75,78500.0,0.5413,0.47261379310344825,0.4669814429570669,20000;28000;43000;50000;70000;72000;79000
config_12,AGR_g,1,w0.75,79500.0,0.5265,0.4756758620689655,0.4718505670234455,20000;28000;43000;50000;70000;72000;79000
config_12,AGR_g,1,w0.75,80500.0,0.5794666666666667,0.47076321839080454,0.46056922573274456,20000;28000;43000;50000;70000;72000;79000
config_12,AGR_g,1,w0.75,81500.0,0.6326333333333334,0.44744137931034483,0.43108763921136517,20000;28000;43000;50000;70000;72000;79000
config_12,AGR_g,1,w0.75,82500.0,0.6694,0.42785287356321844,0.4095820139200831,20000;28000;43000;50000;70000;72000;79000
config_12,AGR_g,1,w0.75,83500.0,0.694,0.4108045977011494,0.3888216665098334,20000;28000;43000;50000;70000;72000;79000
config_12,AGR_g,1,w0.75,84500.0,0.7053,0.40263218390804595,0.38224476242171573,20000;28000;43000;50000;70000;72000;79000
config_12,AGR_g,1,w0.75,85500.0,0.7160333333333333,0.3931287356321839,0.3735788050573308,20000;28000;43000;50000;70000;72000;79000
config_12,AGR_g,1,w0.75,86500.0,0.7427666666666667,0.3663379310344828,0.35028162267638907,20000;28000;43000;50000;70000;72000;79000
config_12,AGR_g,1,w0.75,87500.0,0.7747666666666667,0.33475632183908044,0.3162001294405293,20000;28000;43000;50000;70000;72000;79000
config_12,AGR_g,1,w0.75,88500.0,0.7854666666666666,0.31994022988505755,0.3017714918905807,20000;28000;43000;50000;70000;72000;79000
config_12,AGR_g,1,w0.75,89500.0,0.8530333333333333,0.22245287356321838,0.21361103673540216,20000;28000;43000;50000;70000;72000;79000
config_12,AGR_g,1,w0.75,90500.0,0.9696333333333333,0.02600229885057471,0.02252474557535415,20000;28000;43000;50000;70000;72000;79000
config_12,AGR_g,1,w0.75,91500.0,0.9668666666666667,0.028386206896551722,0.024072746270025317,20000;28000;43000;50000;70000;72000;79000
config_12,AGR_g,1,w0.75,92500.0,0.9734666666666667,0.019397701149425284,0.017546356612815128,20000;28000;43000;50000;70000;72000;79000
config_12,AGR_g,1,w0.75,93500.0,0.9803666666666667,0.012006896551724138,0.011421405786980235,20000;28000;43000;50000;70000;72000;79000
config_12,AGR_g,1,w0.75,94500.0,0.9830666666666666,0.008882758620689655,0.00850475215056542,20000;28000;43000;50000;70000;72000;79000
config_12,AGR_g,1,w0.75,95500.0,0.9772333333333333,0.006673563218390805,0.0064206186783745825,20000;28000;43000;50000;70000;72000;79000
config_12,AGR_g,1,w0.75,96500.0,0.9698333333333333,0.006429885057471264,0.006227633246844671,20000;28000;43000;50000;70000;72000;79000
config_12,AGR_g,1,w0.75,97500.0,0.9802,0.0072689655172413796,0.006951481382089707,20000;28000;43000;50000;70000;72000;79000
config_12,AGR_g,1,w0.75,98500.0,0.9757666666666667,0.005501149425287357,0.005344786444329991,20000;28000;43000;50000;70000;72000;79000
config_12,AGR_g,1,w0.75,99500.0,0.9775,0.004963218390804598,0.004860854967663446,20000;28000;43000;50000;70000;72000;79000
config_12,AGR_g,1,w0.95,1500.0,0.7657,0.2935747126436782,0.2595323797390306,20000;28000;43000;50000;70000;72000;79000
config_12,AGR_g,1,w0.95,2500.0,0.7702,0.2976965517241379,0.26440759486177706,20000;28000;43000;50000;70000;72000;79000
config_12,AGR_g,1,w0.95,3500.0,0.7905333333333333,0.22142068965517245,0.20451804898502995,20000;28000;43000;50000;70000;72000;79000
config_12,AGR_g,1,w0.95,4500.0,0.7796666666666666,0.20828045977011495,0.19400819794864116,20000;28000;43000;50000;70000;72000;79000
config_12,AGR_g,1,w0.95,5500.0,0.7819,0.24821379310344824,0.22678649612078008,20000;28000;43000;50000;70000;72000;79000
config_12,AGR_g,1,w0.95,6500.0,0.7477,0.3051609195402299,0.2692543292760655,20000;28000;43000;50000;70000;72000;79000
config_12,AGR_g,1,w0.95,7500.0,0.7443666666666666,0.308135632183908,0.2689274670924527,20000;28000;43000;50000;70000;72000;79000
config_12,AGR_g,1,w0.95,8500.0,0.7575,0.3060896551724138,0.2651320691569876,20000;28000;43000;50000;70000;72000;79000
config_12,AGR_g,1,w0.95,9500.0,0.7379333333333333,0.311535632183908,0.27051866199129687,20000;28000;43000;50000;70000;72000;79000
config_12,AGR_g,1,w0.95,10500.0,0.7712,0.271664367816092,0.2448975957450658,20000;28000;43000;50000;70000;72000;79000
config_12,AGR_g,1,w0.95,11500.0,0.7575666666666667,0.2625402298850575,0.24106027037245034,20000;28000;43000;50000;70000;72000;79000
config_12,AGR_g,1,w0.95,12500.0,0.7817333333333333,0.2397103448275862,0.22111082013219088,20000;28000;43000;50000;70000;72000;79000
config_12,AGR_g,1,w0.95,13500.0,0.7881666666666667,0.223367816091954,0.2072953002344785,20000;28000;43000;50000;70000;72000;79000
config_12,AGR_g,1,w0.95,14500.0,0.7782,0.24338850574712642,0.22265960151271094,20000;28000;43000;50000;70000;72000;79000
config_12,AGR_g,1,w0.95,15500.0,0.7650333333333333,0.3118735632183908,0.2635704095381515,20000;28000;43000;50000;70000;72000;79000
config_12,AGR_g,1,w0.95,16500.0,0.7609333333333334,0.2977655172413793,0.25592628510903614,20000;28000;43000;50000;70000;72000;79000
config_12,AGR_g,1,w0.95,17500.0,0.7684,0.27210574712643676,0.238827684488732,20000;28000;43000;50000;70000;72000;79000
config_12,AGR_g,1,w0.95,18500.0,0.7672,0.27538390804597696,0.2415368541754919,20000;28000;43000;50000;70000;72000;79000
config_12,AGR_g,1,w0.95,19500.0,0.7228666666666667,0.2704,0.24069315234611854,20000;28000;43000;50000;70000;72000;79000
config_12,AGR_g,1,w0.95,20500.0,0.4918666666666667,0.30226206896551727,0.2646645391984887,20000;28000;43000;50000;70000;72000;79000
config_12,AGR_g,1,w0.95,21500.0,0.46286666666666665,0.36427586206896545,0.33289250472907134,20000;28000;43000;50000;70000;72000;79000
config_12,AGR_g,1,w0.95,22500.0,0.4954,0.3851172413793103,0.3596742424242424,20000;28000;43000;50000;70000;72000;79000
config_12,AGR_g,1,w0.95,23500.0,0.5219,0.4146873563218391,0.40041428905519183,20000;28000;43000;50000;70000;72000;79000
config_12,AGR_g,1,w0.95,24500.0,0.5465666666666666,0.441367816091954,0.42427938261415504,20000;28000;43000;50000;70000;72000;79000
config_12,AGR_g,1,w0.95,25500.0,0.5676666666666667,0.422832183908046,0.4115337519116727,20000;28000;43000;50000;70000;72000;79000
config_12,AGR_g,1,w0.95,26500.0,0.5831666666666667,0.37966666666666665,0.3694892635885448,20000;28000;43000;50000;70000;72000;79000
config_12,AGR_g,1,w0.95,27500.0,0.5654,0.4301931034482759,0.4151361184391858,20000;28000;43000;50000;70000;72000;79000
config_12,AGR_g,1,w0.95,28500.0,0.5006666666666667,0.47011494252873565,0.4559849229703999,20000;28000;43000;50000;70000;72000;79000
config_12,AGR_g,1,w0.95,29500.0,0.5081666666666667,0.4874505747126437,0.47885959559079205,20000;28000;43000;50000;70000;72000;79000
config_12,AGR_g,1,w0.95,30500.0,0.5149666666666667,0.4484804597701149,0.4354374535448263,20000;28000;43000;50000;70000;72000;79000
config_12,AGR_g,1,w0.95,31500.0,0.5289,0.46042528735632177,0.45131615728590213,20000;28000;43000;50000;70000;72000;79000
config_12,AGR_g,1,w0.95,32500.0,0.5299,0.46242068965517247,0.4557052874624798,20000;28000;43000;50000;70000;72000;79000
config_12,AGR_g,1,w0.95,33500.0,0.5409333333333334,0.4588091954022988,0.44907282588643327,20000;28000;43000;50000;70000;72000;79000
config_12,AGR_g,1,w0.95,34500.0,0.5561,0.4473908045977012,0.4383171318708678,20000;28000;43000;50000;70000;72000;79000
config_12,AGR_g,1,w0.95,35500.0,0.5649333333333333,0.4106666666666668,0.39949027015969213,20000;28000;43000;50000;70000;72000;79000
config_12,AGR_g,1,w0.95,36500.0,0.5544333333333333,0.43870574712643673,0.42803315724478597,20000;28000;43000;50000;70000;72000;79000
config_12,AGR_g,1,w0.95,37500.0,0.5603666666666667,0.4476574712643678,0.4343493585802697,20000;28000;43000;50000;70000;72000;79000
config_12,AGR_g,1,w0.95,38500.0,0.5694333333333333,0.44688965517241375,0.4344535929038903,20000;28000;43000;50000;70000;72000;79000
config_12,AGR_g,1,w0.95,39500.0,0.5741333333333334,0.4477425287356322,0.4373451537108505,20000;28000;43000;50000;70000;72000;79000
config_12,AGR_g,1,w0.95,40500.0,0.5537666666666666,0.47590114942528733,0.46863127820643463,20000;28000;43000;50000;70000;72000;79000
config_12,AGR_g,1,w0.95,41500.0,0.5626333333333333,0.4681908045977012,0.46071248443119645,20000;28000;43000;50000;70000;72000;79000
config_12,AGR_g,1,w0.95,42500.0,0.5437666666666666,0.45787356321839084,0.44786152711553784,20000;28000;43000;50000;70000;72000;79000
config_12,AGR_g,1,w0.95,43500.0,0.48456666666666665,0.43161609195402295,0.4243202035753999,20000;28000;43000;50000;70000;72000;79000
config_12,AGR_g,1,w0.95,44500.0,0.48056666666666664,0.46319310344827586,0.45863310926852696,20000;28000;43000;50000;70000;72000;79000
config_12,AGR_g,1,w0.95,45500.0,0.48643333333333333,0.45224137931034486,0.4485258310078067,20000;28000;43000;50000;70000;72000;79000
config_12,AGR_g,1,w0.95,46500.0,0.5185666666666666,0.47454942528735633,0.4705988460469753,20000;28000;43000;50000;70000;72000;79000
config_12,AGR_g,1,w0.95,47500.0,0.5266333333333333,0.4705448275862069,0.4661925486421234,20000;28000;43000;50000;70000;72000;79000
config_12,AGR_g,1,w0.95,48500.0,0.5473666666666667,0.4732574712643678,0.46786648763418187,20000;28000;43000;50000;70000;72000;79000
config_12,AGR_g,1,w0.95,49500.0,0.5348,0.4734298850574713,0.46766525021786576,20000;28000;43000;50000;70000;72000;79000
config_12,AGR_g,1,w0.95,50500.0,0.5113333333333333,0.4760965517241379,0.47038470209204314,20000;28000;43000;50000;70000;72000;79000
config_12,AGR_g,1,w0.95,51500.0,0.5080333333333333,0.47747356321839085,0.47223827084613806,20000;28000;43000;50000;70000;72000;79000
config_12,AGR_g,1,w0.95,52500.0,0.5018333333333334,0.4765218390804597,0.47240126816334355,20000;28000;43000;50000;70000;72000;79000
config_12,AGR_g,1,w0.95,53500.0,0.5117333333333334,0.47847816091954026,0.47373185135192136,20000;28000;43000;50000;70000;72000;79000
config_12,AGR_g,1,w0.95,54500.0,0.5015,0.4855333333333333,0.48060195115016574,20000;28000;43000;50000;70000;72000;79000
config_12,AGR_g,1,w0.95,55500.0,0.5087,0.48236551724137927,0.4776972587436625,20000;28000;43000;50000;70000;72000;79000
config_12,AGR_g,1,w0.95,56500.0,0.5158,0.4794850574712644,0.47478132156389224,20000;28000;43000;50000;70000;72000;79000
config_12,AGR_g,1,w0.95,57500.0,0.5206333333333333,0.47846206896551724,0.47385912915611467,20000;28000;43000;50000;70000;72000;79000
config_12,AGR_g,1,w0.95,58500.0,0.5134,0.4776597701149425,0.4725311793566536,20000;28000;43000;50000;70000;72000;79000
config_12,AGR_g,1,w0.95,59500.0,0.5219,0.46764367816091956,0.46409401982220655,20000;28000;43000;50000;70000;72000;79000
config_12,AGR_g,1,w0.95,60500.0,0.5287666666666667,0.4730229885057471,0.46960447097875424,20000;28000;43000;50000;70000;72000;79000
config_12,AGR_g,1,w0.95,61500.0,0.5375666666666666,0.46959770114942523,0.46606466014699627,20000;28000;43000;50000;70000;72000;79000
config_12,AGR_g,1,w0.95,62500.0,0.5476,0.45675862068965517,0.4520299652170156,20000;28000;43000;50000;70000;72000;79000
config_12,AGR_g,1,w0.95,63500.0,0.5528666666666666,0.456248275862069,0.44974802319078594,20000;28000;43000;50000;70000;72000;79000
config_12,AGR_g,1,w0.95,64500.0,0.5602333333333334,0.4417264367816092,0.436448437267148,20000;28000;43000;50000;70000;72000;79000
config_12,AGR_g,1,w0.95,65500.0,0.5533333333333333,0.4613011494252873,0.45476176736697377,20000;28000;43000;50000;70000;72000;79000
config_12,AGR_g,1,w0.95,66500.0,0.5470333333333334,0.4758597701149425,0.46805217164956114,20000;28000;43000;50000;70000;72000;79000
config_12,AGR_g,1,w0.95,67500.0,0.5490333333333334,0.4816436781609196,0.4746129616922251,20000;28000;43000;50000;70000;72000;79000
config_12,AGR_g,1,w0.95,68500.0,0.5498,0.4733471264367816,0.4670214521694443,20000;28000;43000;50000;70000;72000;79000
config_12,AGR_g,1,w0.95,69500.0,0.5523,0.4694367816091954,0.4626941323797667,20000;28000;43000;50000;70000;72000;79000
config_12,AGR_g,1,w0.95,70500.0,0.5321333333333333,0.4701609195402298,0.4649928183380024,20000;28000;43000;50000;70000;72000;79000
config_12,AGR_g,1,w0.95,71500.0,0.5121666666666667,0.4771471264367816,0.47258024753598343,20000;28000;43000;50000;70000;72000;79000
config_12,AGR_g,1,w0.95,72500.0,0.4684,0.4768459770114942,0.4741437225109956,20000;28000;43000;50000;70000;72000;79000
config_12,AGR_g,1,w0.95,73500.0,0.45926666666666666,0.47835402298850577,0.47683040349282946,20000;28000;43000;50000;70000;72000;79000
config_12,AGR_g,1,w0.95,74500.0,0.4800333333333333,0.47872873563218393,0.47675429597577634,20000;28000;43000;50000;70000;72000;79000
config_12,AGR_g,1,w0.95,75500.0,0.49506666666666665,0.4794804597701149,0.47650862092250623,20000;28000;43000;50000;70000;72000;79000
config_12,AGR_g,1,w0.95,76500.0,0.5007666666666667,0.47947816091954026,0.4765583502866655,20000;28000;43000;50000;70000;72000;79000
config_12,AGR_g,1,w0.95,77500.0,0.5139666666666667,0.48446666666666666,0.47986851544786985,20000;28000;43000;50000;70000;72000;79000
config_12,AGR_g,1,w0.95,78500.0,0.5190666666666667,0.48000459770114945,0.4764597464433699,20000;28000;43000;50000;70000;72000;79000
config_12,AGR_g,1,w0.95,79500.0,0.5188333333333334,0.48008505747126434,0.47536814156373175,20000;28000;43000;50000;70000;72000;79000
config_12,AGR_g,1,w0.95,80500.0,0.5544333333333333,0.4804252873563219,0.47365302225538825,20000;28000;43000;50000;70000;72000;79000
config_12,AGR_g,1,w0.95,81500.0,0.5920333333333333,0.4692712643678161,0.45831403246970437,20000;28000;43000;50000;70000;72000;79000
config_12,AGR_g,1,w0.95,82500.0,0.6380333333333333,0.4515011494252874,0.4387534110614855,20000;28000;43000;50000;70000;72000;79000
config_12,AGR_g,1,w0.95,83500.0,0.6803666666666667,0.42218620689655173,0.4078636728815385,20000;28000;43000;50000;70000;72000;79000
config_12,AGR_g,1,w0.95,84500.0,0.7126,0.3975402298850575,0.3823967098552229,20000;28000;43000;50000;70000;72000;79000
config_12,AGR_g,1,w0.95,85500.0,0.7364,0.37713563218390805,0.36114268149907475,20000;28000;43000;50000;70000;72000;79000
config_12,AGR_g,1,w0.95,86500.0,0.7616333333333334,0.35017701149425284,0.33331191038891306,20000;28000;43000;50000;70000;72000;79000
config_12,AGR_g,1,w0.95,87500.0,0.7858666666666667,0.32434942528735633,0.3093190714543725,20000;28000;43000;50000;70000;72000;79000
config_12,AGR_g,1,w0.95,88500.0,0.7913333333333333,0.3136827586206897,0.30259679932174893,20000;28000;43000;50000;70000;72000;79000
config_12,AGR_g,1,w0.95,89500.0,0.8110666666666667,0.2944137931034483,0.28309782221006374,20000;28000;43000;50000;70000;72000;79000
config_12,AGR_g,1,w0.95,90500.0,0.8183333333333334,0.280832183908046,0.2700462640813309,20000;28000;43000;50000;70000;72000;79000
config_12,AGR_g,1,w0.95,91500.0,0.8342,0.2565977011494253,0.24589216359947502,20000;28000;43000;50000;70000;72000;79000
config_12,AGR_g,1,w0.95,92500.0,0.8574,0.2241563218390805,0.2167449254352821,20000;28000;43000;50000;70000;72000;79000
config_12,AGR_g,1,w0.95,93500.0,0.9755333333333334,0.022473563218390804,0.020308273078582687,20000;28000;43000;50000;70000;72000;79000
config_12,AGR_g,1,w0.95,94500.0,0.9781333333333333,0.0196367816091954,0.017979687429519702,20000;28000;43000;50000;70000;72000;79000
config_12,AGR_g,1,w0.95,95500.0,0.9735666666666667,0.015197701149425289,0.014351250368875476,20000;28000;43000;50000;70000;72000;79000
config_12,AGR_g,1,w0.95,96500.0,0.9673333333333334,0.01143448275862069,0.010855958479857902,20000;28000;43000;50000;70000;72000;79000
config_12,AGR_g,1,w0.95,97500.0,0.9780333333333333,0.011455172413793105,0.010882511768447085,20000;28000;43000;50000;70000;72000;79000
config_12,AGR_g,1,w0.95,98500.0,0.9752333333333333,0.007882758620689656,0.007662823777786194,20000;28000;43000;50000;70000;72000;79000
config_12,AGR_g,1,w0.95,99500.0,0.9774333333333334,0.003919540229885058,0.003879824947976934,20000;28000;43000;50000;70000;72000;79000
config_12,LED_g,1,w0.50,1500.0,0.47813333333333335,0.6083862068965518,0.5743290903123024,20000;28000;43000;50000;70000;72000;79000
config_12,LED_g,1,w0.50,2500.0,0.45993333333333336,0.6080114942528736,0.5740779286540133,20000;28000;43000;50000;70000;72000;79000
config_12,LED_g,1,w0.50,3500.0,0.45866666666666667,0.6175494252873563,0.57539450804416,20000;28000;43000;50000;70000;72000;79000
config_12,LED_g,1,w0.50,4500.0,0.47576666666666667,0.6085103448275863,0.5550683318697759,20000;28000;43000;50000;70000;72000;79000
config_12,LED_g,1,w0.50,5500.0,0.46303333333333335,0.625416091954023,0.5723033792454445,20000;28000;43000;50000;70000;72000;79000
config_12,LED_g,1,w0.50,6500.0,0.4388,0.6465885057471263,0.5848670372355934,20000;28000;43000;50000;70000;72000;79000
config_12,LED_g,1,w0.50,7500.0,0.4436,0.6511057471264368,0.5843561996958571,20000;28000;43000;50000;70000;72000;79000
config_12,LED_g,1,w0.50,8500.0,0.4412,0.6611724137931034,0.5965195171597633,20000;28000;43000;50000;70000;72000;79000
config_12,LED_g,1,w0.50,9500.0,0.4072,0.6844091954022989,0.6132294911734164,20000;28000;43000;50000;70000;72000;79000
config_12,LED_g,1,w0.50,10500.0,0.4111,0.6779034482758621,0.6181394628542033,20000;28000;43000;50000;70000;72000;79000
config_12,LED_g,1,w0.50,11500.0,0.4102,0.6649310344827586,0.6032915406594781,20000;28000;43000;50000;70000;72000;79000
config_12,LED_g,1,w0.50,12500.0,0.4236,0.6586919540229884,0.5984627562390828,20000;28000;43000;50000;70000;72000;79000
config_12,LED_g,1,w0.50,13500.0,0.40746666666666664,0.6811494252873562,0.6247820176065239,20000;28000;43000;50000;70000;72000;79000
config_12,LED_g,1,w0.50,14500.0,0.40673333333333334,0.6877816091954023,0.6266896420154864,20000;28000;43000;50000;70000;72000;79000
config_12,LED_g,1,w0.50,15500.0,0.4033333333333333,0.6854620689655173,0.6215668120786358,20000;28000;43000;50000;70000;72000;79000
config_12,LED_g,1,w0.50,16500.0,0.4038,0.6819218390804598,0.6142902607361964,20000;28000;43000;50000;70000;72000;79000
config_12,LED_g,1,w0.50,17500.0,0.4161,0.6609011494252874,0.6051108476522628,20000;28000;43000;50000;70000;72000;79000
config_12,LED_g,1,w0.50,18500.0,0.43223333333333336,0.6497218390804597,0.5920949305433787,20000;28000;43000;50000;70000;72000;79000
config_12,LED_g,1,w0.50,19500.0,0.41536666666666666,0.6491379310344828,0.5994979881609068,20000;28000;43000;50000;70000;72000;79000
config_12,LED_g,1,w0.50,20500.0,0.374,0.6582183908045977,0.6167661640256036,20000;28000;43000;50000;70000;72000;79000
config_12,LED_g,1,w0.50,21500.0,0.3601,0.6546367816091955,0.6112746961269057,20000;28000;43000;50000;70000;72000;79000
config_12,LED_g,1,w0.50,22500.0,0.37306666666666666,0.6447793103448277,0.6013867463270369,20000;28000;43000;50000;70000;72000;79000
config_12,LED_g,1,w0.50,23500.0,0.37296666666666667,0.6438436781609196,0.605450569687177,20000;28000;43000;50000;70000;72000;79000
config_12,LED_g,1,w0.50,24500.0,0.3713666666666667,0.6597425287356322,0.6155582686174744,20000;28000;43000;50000;70000;72000;79000
config_12,LED_g,1,w0.50,25500.0,0.3739,0.6666436781609195,0.6209680564123032,20000;28000;43000;50000;70000;72000;79000
config_12,LED_g,1,w0.50,26500.0,0.36236666666666667,0.6649471264367816,0.6228597094611374,20000;28000;43000;50000;70000;72000;79000
config_12,LED_g,1,w0.50,27500.0,0.3527666666666667,0.6667517241379312,0.6272063544220611,20000;28000;43000;50000;70000;72000;79000
config_12,LED_g,1,w0.50,28500.0,0.2775,0.705606896551724,0.6721495292460525,20000;28000;43000;50000;70000;72000;79000
config_12,LED_g,1,w0.50,29500.0,0.27626666666666666,0.718416091954023,0.6847825626408335,20000;28000;43000;50000;70000;72000;79000
config_12,LED_g,1,w0.50,30500.0,0.26853333333333335,0.7373655172413792,0.7019897245434852,20000;28000;43000;50000;70000;72000;79000
config_12,LED_g,1,w0.50,31500.0,0.25753333333333334,0.7461034482758622,0.7069703284819537,20000;28000;43000;50000;70000;72000;79000
config_12,LED_g,1,w0.50,32500.0,0.26566666666666666,0.7522344827586206,0.7160076170961491,20000;28000;43000;50000;70000;72000;79000
config_12,LED_g,1,w0.50,33500.0,0.2932,0.7329632183908047,0.7055389485375786,20000;28000;43000;50000;70000;72000;79000
config_12,LED_g,1,w0.50,34500.0,0.28173333333333334,0.7279586206896551,0.7006438633341685,20000;28000;43000;50000;70000;72000;79000
config_12,LED_g,1,w0.50,35500.0,0.2861,0.7267678160919541,0.6985586913229018,20000;28000;43000;50000;70000;72000;79000
config_12,LED_g,1,w0.50,36500.0,0.2842,0.7286735632183908,0.7007259386464757,20000;28000;43000;50000;70000;72000;79000
config_12,LED_g,1,w0.50,37500.0,0.2964333333333333,0.7287471264367816,0.7004605990439199,20000;28000;43000;50000;70000;72000;79000
config_12,LED_g,1,w0.50,38500.0,0.2995333333333333,0.7322735632183908,0.7046388519897473,20000;28000;43000;50000;70000;72000;79000
config_12,LED_g,1,w0.50,39500.0,0.30593333333333333,0.7192275862068965,0.6919525827209115,20000;28000;43000;50000;70000;72000;79000
config_12,LED_g,1,w0.50,40500.0,0.30873333333333336,0.7249816091954023,0.6988676343802236,20000;28000;43000;50000;70000;72000;79000
config_12,LED_g,1,w0.50,41500.0,0.30893333333333334,0.7271770114942528,0.7027072450522023,20000;28000;43000;50000;70000;72000;79000
config_12,LED_g,1,w0.50,42500.0,0.3108666666666667,0.7285563218390805,0.7044494013334729,20000;28000;43000;50000;70000;72000;79000
config_12,LED_g,1,w0.50,43500.0,0.2702,0.7295494252873564,0.70481134443236,20000;28000;43000;50000;70000;72000;79000
config_12,LED_g,1,w0.50,44500.0,0.26466666666666666,0.7421839080459771,0.7199716656813157,20000;28000;43000;50000;70000;72000;79000
config_12,LED_g,1,w0.50,45500.0,0.26266666666666666,0.7463126436781609,0.7219197281076658,20000;28000;43000;50000;70000;72000;79000
config_12,LED_g,1,w0.50,46500.0,0.2691,0.7420735632183909,0.710623149275202,20000;28000;43000;50000;70000;72000;79000
config_12,LED_g,1,w0.50,47500.0,0.27423333333333333,0.749216091954023,0.7129499345041186,20000;28000;43000;50000;70000;72000;79000
config_12,LED_g,1,w0.50,48500.0,0.2732,0.7444827586206897,0.7088685206660394,20000;28000;43000;50000;70000;72000;79000
config_12,LED_g,1,w0.50,49500.0,0.2776666666666667,0.734128735632184,0.7058243034684427,20000;28000;43000;50000;70000;72000;79000
config_12,LED_g,1,w0.50,50500.0,0.21123333333333333,0.7210988505747127,0.6923640324519231,20000;28000;43000;50000;70000;72000;79000
config_12,LED_g,1,w0.50,51500.0,0.20536666666666667,0.7107310344827585,0.6860098378742835,20000;28000;43000;50000;70000;72000;79000
config_12,LED_g,1,w0.50,52500.0,0.20363333333333333,0.7157034482758621,0.6936427978222754,20000;28000;43000;50000;70000;72000;79000
config_12,LED_g,1,w0.50,53500.0,0.2154,0.7246183908045977,0.7000835823626272,20000;28000;43000;50000;70000;72000;79000
config_12,LED_g,1,w0.50,54500.0,0.2206,0.7285310344827586,0.7059484363036693,20000;28000;43000;50000;70000;72000;79000
config_12,LED_g,1,w0.50,55500.0,0.22753333333333334,0.7512344827586206,0.7324953288490283,20000;28000;43000;50000;70000;72000;79000
config_12,LED_g,1,w0.50,56500.0,0.22343333333333334,0.7651816091954022,0.7417900971954053,20000;28000;43000;50000;70000;72000;79000
config_12,LED_g,1,w0.50,57500.0,0.22636666666666666,0.7476459770114943,0.7316759459459461,20000;28000;43000;50000;70000;72000;79000
config_12,LED_g,1,w0.50,58500.0,0.2454,0.7373310344827584,0.72112423065281,20000;28000;43000;50000;70000;72000;79000
config_12,LED_g,1,w0.50,59500.0,0.2315,0.7405149425287357,0.7304057412398923,20000;28000;43000;50000;70000;72000;79000
config_12,LED_g,1,w0.50,60500.0,0.23113333333333333,0.7531080459770115,0.7406323893960162,20000;28000;43000;50000;70000;72000;79000
config_12,LED_g,1,w0.50,61500.0,0.252,0.7507908045977013,0.729996312965647,20000;28000;43000;50000;70000;72000;79000
config_12,LED_g,1,w0.50,62500.0,0.24756666666666666,0.7516666666666667,0.7331280615815255,20000;28000;43000;50000;70000;72000;79000
config_12,LED_g,1,w0.50,63500.0,0.24673333333333333,0.7558850574712642,0.7399483208303084,20000;28000;43000;50000;70000;72000;79000
config_12,LED_g,1,w0.50,64500.0,0.25943333333333335,0.7547816091954023,0.7391453529169794,20000;28000;43000;50000;70000;72000;79000
config_12,LED_g,1,w0.50,65500.0,0.2763,0.7498298850574713,0.7345288436035718,20000;28000;43000;50000;70000;72000;79000
config_12,LED_g,1,w0.50,66500.0,0.2799,0.7482206896551724,0.7281918140453296,20000;28000;43000;50000;70000;72000;79000
config_12,LED_g,1,w0.50,67500.0,0.2949,0.7423333333333333,0.7252025817722993,20000;28000;43000;50000;70000;72000;79000
config_12,LED_g,1,w0.50,68500.0,0.2935333333333333,0.7398896551724139,0.7222630909436112,20000;28000;43000;50000;70000;72000;79000
config_12,LED_g,1,w0.50,69500.0,0.2956,0.7375908045977011,0.7185024831369061,20000;28000;43000;50000;70000;72000;79000
config_12,LED_g,1,w0.50,70500.0,0.2567,0.7504413793103448,0.7269619151768734,20000;28000;43000;50000;70000;72000;79000
config_12,LED_g,1,w0.50,71500.0,0.2562,0.7550804597701151,0.7269411750407156,20000;28000;43000;50000;70000;72000;79000
config_12,LED_g,1,w0.50,72500.0,0.25483333333333336,0.7576620689655171,0.7267736612922208,20000;28000;43000;50000;70000;72000;79000
config_12,LED_g,1,w0.50,73500.0,0.24346666666666666,0.7652459770114944,0.7388663528555083,20000;28000;43000;50000;70000;72000;79000
config_12,LED_g,1,w0.50,74500.0,0.23666666666666666,0.7721793103448276,0.7453873247273537,20000;28000;43000;50000;70000;72000;79000
config_12,LED_g,1,w0.50,75500.0,0.25376666666666664,0.7714,0.7434355172149766,20000;28000;43000;50000;70000;72000;79000
config_12,LED_g,1,w0.50,76500.0,0.25883333333333336,0.7641126436781609,0.7366502567126046,20000;28000;43000;50000;70000;72000;79000
config_12,LED_g,1,w0.50,77500.0,0.2534,0.7746873563218392,0.7394655407531733,20000;28000;43000;50000;70000;72000;79000
config_12,LED_g,1,w0.50,78500.0,0.2558,0.7637333333333333,0.7336500947418285,20000;28000;43000;50000;70000;72000;79000
config_12,LED_g,1,w0.50,79500.0,0.20136666666666667,0.787193103448276,0.7573802351745664,20000;28000;43000;50000;70000;72000;79000
config_12,LED_g,1,w0.50,80500.0,0.2132,0.7812551724137932,0.7526793227130253,20000;28000;43000;50000;70000;72000;79000
config_12,LED_g,1,w0.50,81500.0,0.213,0.779264367816092,0.7551281832221601,20000;28000;43000;50000;70000;72000;79000
config_12,LED_g,1,w0.50,82500.0,0.21716666666666667,0.7820643678160919,0.7581962320930377,20000;28000;43000;50000;70000;72000;79000
config_12,LED_g,1,w0.50,83500.0,0.22806666666666667,0.7779379310344828,0.7553473571619573,20000;28000;43000;50000;70000;72000;79000
config_12,LED_g,1,w0.50,84500.0,0.22053333333333333,0.782577011494253,0.758755976685472,20000;28000;43000;50000;70000;72000;79000
config_12,LED_g,1,w0.50,85500.0,0.2232,0.787464367816092,0.7661308818564105,20000;28000;43000;50000;70000;72000;79000
config_12,LED_g,1,w0.50,86500.0,0.23263333333333333,0.778377011494253,0.7566200602813128,20000;28000;43000;50000;70000;72000;79000
config_12,LED_g,1,w0.50,87500.0,0.24713333333333334,0.7735402298850574,0.7523756477987421,20000;28000;43000;50000;70000;72000;79000
config_12,LED_g,1,w0.50,88500.0,0.2549666666666667,0.7702183908045978,0.7454132993568743,20000;28000;43000;50000;70000;72000;79000
config_12,LED_g,1,w0.50,89500.0,0.2596,0.7724965517241381,0.7459416586306654,20000;28000;43000;50000;70000;72000;79000
config_12,LED_g,1,w0.50,90500.0,0.24516666666666667,0.7748965517241378,0.7463384238864414,20000;28000;43000;50000;70000;72000;79000
config_12,LED_g,1,w0.50,91500.0,0.25483333333333336,0.7754528735632183,0.7467113086837895,20000;28000;43000;50000;70000;72000;79000
config_12,LED_g,1,w0.50,92500.0,0.25556666666666666,0.7802781609195404,0.7495412253882842,20000;28000;43000;50000;70000;72000;79000
config_12,LED_g,1,w0.50,93500.0,0.2595,0.7869402298850575,0.7560031283870332,20000;28000;43000;50000;70000;72000;79000
config_12,LED_g,1,w0.50,94500.0,0.2639666666666667,0.7862942528735632,0.749207096554077,20000;28000;43000;50000;70000;72000;79000
config_12,LED_g,1,w0.50,95500.0,0.2704,0.788232183908046,0.7493040293891975,20000;28000;43000;50000;70000;72000;79000
config_12,LED_g,1,w0.50,96500.0,0.2854,0.7854574712643677,0.7402044956972232,20000;28000;43000;50000;70000;72000;79000
config_12,LED_g,1,w0.50,97500.0,0.28276666666666667,0.7889172413793104,0.7461412836818987,20000;28000;43000;50000;70000;72000;79000
config_12,LED_g,1,w0.50,98500.0,0.2902666666666667,0.7818804597701149,0.7366050655869081,20000;28000;43000;50000;70000;72000;79000
config_12,LED_g,1,w0.50,99500.0,0.2876666666666667,0.7793425287356323,0.7329054054054054,20000;28000;43000;50000;70000;72000;79000
config_12,LED_g,1,w0.75,1500.0,0.4781,0.6074735632183907,0.5737606530116244,20000;28000;43000;50000;70000;72000;79000
config_12,LED_g,1,w0.75,2500.0,0.45803333333333335,0.6098321839080459,0.5761936776037149,20000;28000;43000;50000;70000;72000;79000
config_12,LED_g,1,w0.75,3500.0,0.45793333333333336,0.618912643678161,0.5794964407805561,20000;28000;43000;50000;70000;72000;79000
config_12,LED_g,1,w0.75,4500.0,0.4787,0.5997241379310345,0.5573603103859929,20000;28000;43000;50000;70000;72000;79000
config_12,LED_g,1,w0.75,5500.0,0.4675666666666667,0.6128068965517242,0.5672116727263692,20000;28000;43000;50000;70000;72000;79000
config_12,LED_g,1,w0.75,6500.0,0.45563333333333333,0.6212022988505748,0.5821341738852016,20000;28000;43000;50000;70000;72000;79000
config_12,LED_g,1,w0.75,7500.0,0.46646666666666664,0.6133172413793103,0.5729451657298247,20000;28000;43000;50000;70000;72000;79000
config_12,LED_g,1,w0.75,8500.0,0.45776666666666666,0.6399057471264368,0.5860413261794244,20000;28000;43000;50000;70000;72000;79000
config_12,LED_g,1,w0.75,9500.0,0.4437333333333333,0.6408206896551725,0.5875835886580134,20000;28000;43000;50000;70000;72000;79000
config_12,LED_g,1,w0.75,10500.0,0.44183333333333336,0.6452091954022989,0.5972928547182621,20000;28000;43000;50000;70000;72000;79000
config_12,LED_g,1,w0.75,11500.0,0.4362333333333333,0.6319632183908046,0.5797917448405254,20000;28000;43000;50000;70000;72000;79000
config_12,LED_g,1,w0.75,12500.0,0.44813333333333333,0.6340298850574713,0.5780292818331081,20000;28000;43000;50000;70000;72000;79000
config_12,LED_g,1,w0.75,13500.0,0.4332,0.6516666666666667,0.5951640637955421,20000;28000;43000;50000;70000;72000;79000
config_12,LED_g,1,w0.75,14500.0,0.4309,0.6581218390804598,0.5984772445405749,20000;28000;43000;50000;70000;72000;79000
config_12,LED_g,1,w0.75,15500.0,0.415,0.6779172413793103,0.6154335583517848,20000;28000;43000;50000;70000;72000;79000
config_12,LED_g,1,w0.75,16500.0,0.4028333333333333,0.6883103448275861,0.6337281323877069,20000;28000;43000;50000;70000;72000;79000
config_12,LED_g,1,w0.75,17500.0,0.41276666666666667,0.6716022988505747,0.621856406196508,20000;28000;43000;50000;70000;72000;79000
config_12,LED_g,1,w0.75,18500.0,0.4214333333333333,0.6647448275862069,0.6164804005607043,20000;28000;43000;50000;70000;72000;79000
config_12,LED_g,1,w0.75,19500.0,0.4094,0.6639977011494252,0.6175512938711367,20000;28000;43000;50000;70000;72000;79000
config_12,LED_g,1,w0.75,20500.0,0.36446666666666666,0.6772574712643679,0.6364811122569801,20000;28000;43000;50000;70000;72000;79000
config_12,LED_g,1,w0.75,21500.0,0.3438333333333333,0.6795241379310344,0.6386686005871661,20000;28000;43000;50000;70000;72000;79000
config_12,LED_g,1,w0.75,22500.0,0.3571666666666667,0.6742988505747126,0.6356467900656045,20000;28000;43000;50000;70000;72000;79000
config_12,LED_g,1,w0.75,23500.0,0.3616666666666667,0.6742091954022988,0.6382548861498291,20000;28000;43000;50000;70000;72000;79000
config_12,LED_g,1,w0.75,24500.0,0.3567,0.6834620689655173,0.6461549105680404,20000;28000;43000;50000;70000;72000;79000
config_12,LED_g,1,w0.75,25500.0,0.35933333333333334,0.6912482758620689,0.6445229416529487,20000;28000;43000;50000;70000;72000;79000
config_12,LED_g,1,w0.75,26500.0,0.3572,0.6935195402298849,0.6503453333333334,20000;28000;43000;50000;70000;72000;79000
config_12,LED_g,1,w0.75,27500.0,0.3512,0.6955862068965517,0.6506474196306197,20000;28000;43000;50000;70000;72000;79000
config_12,LED_g,1,w0.75,28500.0,0.28046666666666664,0.7215011494252872,0.6814916029360901,20000;28000;43000;50000;70000;72000;79000
config_12,LED_g,1,w0.75,29500.0,0.2758,0.7296344827586208,0.6951169190051765,20000;28000;43000;50000;70000;72000;79000
config_12,LED_g,1,w0.75,30500.0,0.28163333333333335,0.7410965517241379,0.7083633244302342,20000;28000;43000;50000;70000;72000;79000
config_12,LED_g,1,w0.75,31500.0,0.2598,0.7499885057471265,0.7155314483947034,20000;28000;43000;50000;70000;72000;79000
config_12,LED_g,1,w0.75,32500.0,0.2638333333333333,0.7535172413793103,0.7173596208056743,20000;28000;43000;50000;70000;72000;79000
config_12,LED_g,1,w0.75,33500.0,0.29033333333333333,0.7351310344827586,0.7044126141110207,20000;28000;43000;50000;70000;72000;79000
config_12,LED_g,1,w0.75,34500.0,0.265,0.7463678160919539,0.7140973053559111,20000;28000;43000;50000;70000;72000;79000
config_12,LED_g,1,w0.75,35500.0,0.2754666666666667,0.7446919540229886,0.7137483548803454,20000;28000;43000;50000;70000;72000;79000
config_12,LED_g,1,w0.75,36500.0,0.2783333333333333,0.7409701149425287,0.7110366066602919,20000;28000;43000;50000;70000;72000;79000
config_12,LED_g,1,w0.75,37500.0,0.2967,0.7330896551724138,0.703644571363731,20000;28000;43000;50000;70000;72000;79000
config_12,LED_g,1,w0.75,38500.0,0.29883333333333334,0.7388873563218392,0.7145109319303864,20000;28000;43000;50000;70000;72000;79000
config_12,LED_g,1,w0.75,39500.0,0.3011333333333333,0.728687356321839,0.7020876989389919,20000;28000;43000;50000;70000;72000;79000
config_12,LED_g,1,w0.75,40500.0,0.3011666666666667,0.7294620689655174,0.7029153187265643,20000;28000;43000;50000;70000;72000;79000
config_12,LED_g,1,w0.75,41500.0,0.3103666666666667,0.7310206896551723,0.7038629782742547,20000;28000;43000;50000;70000;72000;79000
config_12,LED_g,1,w0.75,42500.0,0.30946666666666667,0.7275080459770115,0.7049776189975832,20000;28000;43000;50000;70000;72000;79000
config_12,LED_g,1,w0.75,43500.0,0.26666666666666666,0.7317954022988505,0.7109921511501501,20000;28000;43000;50000;70000;72000;79000
config_12,LED_g,1,w0.75,44500.0,0.2631,0.7375885057471264,0.7147630527467129,20000;28000;43000;50000;70000;72000;79000
config_12,LED_g,1,w0.75,45500.0,0.26266666666666666,0.7379172413793104,0.7084331292224959,20000;28000;43000;50000;70000;72000;79000
config_12,LED_g,1,w0.75,46500.0,0.25553333333333333,0.7490643678160919,0.7179985222038866,20000;28000;43000;50000;70000;72000;79000
config_12,LED_g,1,w0.75,47500.0,0.2715,0.7481103448275862,0.7190933222262248,20000;28000;43000;50000;70000;72000;79000
config_12,LED_g,1,w0.75,48500.0,0.2717,0.7387425287356322,0.7092007072415384,20000;28000;43000;50000;70000;72000;79000
config_12,LED_g,1,w0.75,49500.0,0.2713,0.7434252873563219,0.7151225025489729,20000;28000;43000;50000;70000;72000;79000
config_12,LED_g,1,w0.75,50500.0,0.2135,0.7437724137931034,0.718328123026399,20000;28000;43000;50000;70000;72000;79000
config_12,LED_g,1,w0.75,51500.0,0.20956666666666668,0.7365034482758621,0.7143554691205769,20000;28000;43000;50000;70000;72000;79000
config_12,LED_g,1,w0.75,52500.0,0.20563333333333333,0.749809195402299,0.7282523149668352,20000;28000;43000;50000;70000;72000;79000
config_12,LED_g,1,w0.75,53500.0,0.21473333333333333,0.7540229885057471,0.7314849482141128,20000;28000;43000;50000;70000;72000;79000
config_12,LED_g,1,w0.75,54500.0,0.21673333333333333,0.753512643678161,0.7335994057778621,20000;28000;43000;50000;70000;72000;79000
config_12,LED_g,1,w0.75,55500.0,0.22003333333333333,0.7665218390804598,0.7469134251800217,20000;28000;43000;50000;70000;72000;79000
config_12,LED_g,1,w0.75,56500.0,0.2157,0.7738275862068966,0.7514038707841184,20000;28000;43000;50000;70000;72000;79000
config_12,LED_g,1,w0.75,57500.0,0.2195,0.7698390804597701,0.7529120693727435,20000;28000;43000;50000;70000;72000;79000
config_12,LED_g,1,w0.75,58500.0,0.24543333333333334,0.7575793103448275,0.7400625514621904,20000;28000;43000;50000;70000;72000;79000
config_12,LED_g,1,w0.75,59500.0,0.2309,0.7618091954022989,0.7471624606125984,20000;28000;43000;50000;70000;72000;79000
config_12,LED_g,1,w0.75,60500.0,0.2311,0.7624045977011493,0.744587978887439,20000;28000;43000;50000;70000;72000;79000
config_12,LED_g,1,w0.75,61500.0,0.2447,0.7582482758620689,0.7388034474307655,20000;28000;43000;50000;70000;72000;79000
config_12,LED_g,1,w0.75,62500.0,0.2363,0.758832183908046,0.741971843003413,20000;28000;43000;50000;70000;72000;79000
config_12,LED_g,1,w0.75,63500.0,0.23746666666666666,0.7594390804597702,0.7453517580626381,20000;28000;43000;50000;70000;72000;79000
config_12,LED_g,1,w0.75,64500.0,0.24463333333333334,0.7569862068965518,0.7374029284016718,20000;28000;43000;50000;70000;72000;79000
config_12,LED_g,1,w0.75,65500.0,0.25966666666666666,0.7539724137931036,0.7311720701890828,20000;28000;43000;50000;70000;72000;79000
config_12,LED_g,1,w0.75,66500.0,0.24616666666666667,0.7707954022988506,0.7468580880291562,20000;28000;43000;50000;70000;72000;79000
config_12,LED_g,1,w0.75,67500.0,0.26256666666666667,0.7640160919540231,0.7366336121162741,20000;28000;43000;50000;70000;72000;79000
config_12,LED_g,1,w0.75,68500.0,0.26016666666666666,0.7640114942528736,0.7409125280668292,20000;28000;43000;50000;70000;72000;79000
config_12,LED_g,1,w0.75,69500.0,0.2703,0.7590114942528736,0.7322257448862742,20000;28000;43000;50000;70000;72000;79000
config_12,LED_g,1,w0.75,70500.0,0.2439,0.7519241379310346,0.7261071266212061,20000;28000;43000;50000;70000;72000;79000
config_12,LED_g,1,w0.75,71500.0,0.24873333333333333,0.7569471264367816,0.7241667233663938,20000;28000;43000;50000;70000;72000;79000
config_12,LED_g,1,w0.75,72500.0,0.24753333333333333,0.759048275862069,0.7196180160777341,20000;28000;43000;50000;70000;72000;79000
config_12,LED_g,1,w0.75,73500.0,0.24026666666666666,0.7650873563218389,0.7272723120735048,20000;28000;43000;50000;70000;72000;79000
config_12,LED_g,1,w0.75,74500.0,0.2381,0.7704045977011493,0.7353194152757819,20000;28000;43000;50000;70000;72000;79000
config_12,LED_g,1,w0.75,75500.0,0.24613333333333334,0.7707701149425287,0.7344706562357178,20000;28000;43000;50000;70000;72000;79000
config_12,LED_g,1,w0.75,76500.0,0.2516,0.769167816091954,0.7374167251188527,20000;28000;43000;50000;70000;72000;79000
config_12,LED_g,1,w0.75,77500.0,0.2542,0.7671999999999999,0.7240952479875356,20000;28000;43000;50000;70000;72000;79000
config_12,LED_g,1,w0.75,78500.0,0.2537333333333333,0.7612574712643678,0.727172505116167,20000;28000;43000;50000;70000;72000;79000
config_12,LED_g,1,w0.75,79500.0,0.19163333333333332,0.7854459770114942,0.7546073449546161,20000;28000;43000;50000;70000;72000;79000
config_12,LED_g,1,w0.75,80500.0,0.20113333333333333,0.7916482758620689,0.7623282922374429,20000;28000;43000;50000;70000;72000;79000
config_12,LED_g,1,w0.75,81500.0,0.20406666666666667,0.7849816091954023,0.758739336492891,20000;28000;43000;50000;70000;72000;79000
config_12,LED_g,1,w0.75,82500.0,0.21153333333333332,0.7874045977011495,0.7591974248927038,20000;28000;43000;50000;70000;72000;79000
config_12,LED_g,1,w0.75,83500.0,0.22453333333333333,0.7905218390804598,0.764570509033241,20000;28000;43000;50000;70000;72000;79000
config_12,LED_g,1,w0.75,84500.0,0.22116666666666668,0.7939655172413793,0.7644663232329696,20000;28000;43000;50000;70000;72000;79000
config_12,LED_g,1,w0.75,85500.0,0.22256666666666666,0.7922735632183908,0.7659642673686913,20000;28000;43000;50000;70000;72000;79000
config_12,LED_g,1,w0.75,86500.0,0.2212,0.7875954022988505,0.7623321878211716,20000;28000;43000;50000;70000;72000;79000
config_12,LED_g,1,w0.75,87500.0,0.23986666666666667,0.792712643678161,0.7682183042108278,20000;28000;43000;50000;70000;72000;79000
config_12,LED_g,1,w0.75,88500.0,0.23913333333333334,0.788744827586207,0.7617158271338521,20000;28000;43000;50000;70000;72000;79000
config_12,LED_g,1,w0.75,89500.0,0.24356666666666665,0.7908712643678161,0.7665271556705001,20000;28000;43000;50000;70000;72000;79000
config_12,LED_g,1,w0.75,90500.0,0.23793333333333333,0.794977011494253,0.7732848284997604,20000;28000;43000;50000;70000;72000;79000
config_12,LED_g,1,w0.75,91500.0,0.24423333333333333,0.7942735632183908,0.773261906095921,20000;28000;43000;50000;70000;72000;79000
config_12,LED_g,1,w0.75,92500.0,0.2528,0.7927885057471263,0.7690956217255088,20000;28000;43000;50000;70000;72000;79000
config_12,LED_g,1,w0.75,93500.0,0.24216666666666667,0.8014459770114943,0.7788254428148988,20000;28000;43000;50000;70000;72000;79000
config_12,LED_g,1,w0.75,94500.0,0.2466,0.800416091954023,0.774929960658281,20000;28000;43000;50000;70000;72000;79000
config_12,LED_g,1,w0.75,95500.0,0.2539666666666667,0.8000367816091953,0.7691742292490118,20000;28000;43000;50000;70000;72000;79000
config_12,LED_g,1,w0.75,96500.0,0.27703333333333335,0.7990068965517241,0.7669984846012169,20000;28000;43000;50000;70000;72000;79000
config_12,LED_g,1,w0.75,97500.0,0.2711,0.7977517241379312,0.7678774808150304,20000;28000;43000;50000;70000;72000;79000
config_12,LED_g,1,w0.75,98500.0,0.2771666666666667,0.7931609195402298,0.7580535714285714,20000;28000;43000;50000;70000;72000;79000
config_12,LED_g,1,w0.75,99500.0,0.284,0.7871862068965517,0.756132328972292,20000;28000;43000;50000;70000;72000;79000
config_12,LED_g,1,w0.95,1500.0,0.4777,0.608296551724138,0.5742019289307573,20000;28000;43000;50000;70000;72000;79000
config_12,LED_g,1,w0.95,2500.0,0.45963333333333334,0.6085011494252874,0.5736700873676985,20000;28000;43000;50000;70000;72000;79000
config_12,LED_g,1,w0.95,3500.0,0.4586,0.6179425287356322,0.5734759925383941,20000;28000;43000;50000;70000;72000;79000
config_12,LED_g,1,w0.95,4500.0,0.4776,0.6066367816091954,0.5570094064535822,20000;28000;43000;50000;70000;72000;79000
config_12,LED_g,1,w0.95,5500.0,0.4617,0.6280321839080459,0.56830149343404,20000;28000;43000;50000;70000;72000;79000
config_12,LED_g,1,w0.95,6500.0,0.44483333333333336,0.6397379310344828,0.5794133436985549,20000;28000;43000;50000;70000;72000;79000
config_12,LED_g,1,w0.95,7500.0,0.44656666666666667,0.6421080459770115,0.5863963587713112,20000;28000;43000;50000;70000;72000;79000
config_12,LED_g,1,w0.95,8500.0,0.43743333333333334,0.6621632183908047,0.6004624211683478,20000;28000;43000;50000;70000;72000;79000
config_12,LED_g,1,w0.95,9500.0,0.4193,0.6693931034482759,0.6121003390319555,20000;28000;43000;50000;70000;72000;79000
config_12,LED_g,1,w0.95,10500.0,0.42496666666666666,0.6600321839080461,0.617615220968972,20000;28000;43000;50000;70000;72000;79000
config_12,LED_g,1,w0.95,11500.0,0.42123333333333335,0.6450229885057472,0.601237945741026,20000;28000;43000;50000;70000;72000;79000
config_12,LED_g,1,w0.95,12500.0,0.4276,0.65376091954023,0.6075644178476439,20000;28000;43000;50000;70000;72000;79000
config_12,LED_g,1,w0.95,13500.0,0.4235333333333333,0.6632068965517242,0.6155944758510508,20000;28000;43000;50000;70000;72000;79000
config_12,LED_g,1,w0.95,14500.0,0.4162666666666667,0.6718275862068965,0.6193679709078501,20000;28000;43000;50000;70000;72000;79000
config_12,LED_g,1,w0.95,15500.0,0.4159,0.6744206896551724,0.6194629207957838,20000;28000;43000;50000;70000;72000;79000
config_12,LED_g,1,w0.95,16500.0,0.4174333333333333,0.6755563218390803,0.6133748375274339,20000;28000;43000;50000;70000;72000;79000
config_12,LED_g,1,w0.95,17500.0,0.42523333333333335,0.663151724137931,0.6067805889630276,20000;28000;43000;50000;70000;72000;79000
config_12,LED_g,1,w0.95,18500.0,0.43816666666666665,0.6474528735632182,0.5959446448714005,20000;28000;43000;50000;70000;72000;79000
config_12,LED_g,1,w0.95,19500.0,0.4317,0.6332160919540231,0.5933071109744392,20000;28000;43000;50000;70000;72000;79000
config_12,LED_g,1,w0.95,20500.0,0.3766,0.6603632183908047,0.6206972648400747,20000;28000;43000;50000;70000;72000;79000
config_12,LED_g,1,w0.95,21500.0,0.34896666666666665,0.6714390804597702,0.6264311302434851,20000;28000;43000;50000;70000;72000;79000
config_12,LED_g,1,w0.95,22500.0,0.35786666666666667,0.6695103448275861,0.6257337685657851,20000;28000;43000;50000;70000;72000;79000
config_12,LED_g,1,w0.95,23500.0,0.3640333333333333,0.6607241379310343,0.6200258670573606,20000;28000;43000;50000;70000;72000;79000
config_12,LED_g,1,w0.95,24500.0,0.3484,0.685535632183908,0.6445144037907546,20000;28000;43000;50000;70000;72000;79000
config_12,LED_g,1,w0.95,25500.0,0.3585333333333333,0.6899747126436782,0.6497326694157007,20000;28000;43000;50000;70000;72000;79000
config_12,LED_g,1,w0.95,26500.0,0.35063333333333335,0.6888275862068965,0.6478801243313191,20000;28000;43000;50000;70000;72000;79000
config_12,LED_g,1,w0.95,27500.0,0.344,0.6839701149425288,0.6492233084709643,20000;28000;43000;50000;70000;72000;79000
config_12,LED_g,1,w0.95,28500.0,0.2788,0.7101563218390805,0.6844949767304427,20000;28000;43000;50000;70000;72000;79000
config_12,LED_g,1,w0.95,29500.0,0.26863333333333334,0.7264459770114943,0.6974969700642346,20000;28000;43000;50000;70000;72000;79000
config_12,LED_g,1,w0.95,30500.0,0.27613333333333334,0.7385241379310346,0.712791056480229,20000;28000;43000;50000;70000;72000;79000
config_12,LED_g,1,w0.95,31500.0,0.2632,0.7396045977011494,0.711242430099214,20000;28000;43000;50000;70000;72000;79000
config_12,LED_g,1,w0.95,32500.0,0.2769666666666667,0.7383977011494253,0.7065133660217877,20000;28000;43000;50000;70000;72000;79000
config_12,LED_g,1,w0.95,33500.0,0.29286666666666666,0.7333494252873562,0.7041512340504795,20000;28000;43000;50000;70000;72000;79000
config_12,LED_g,1,w0.95,34500.0,0.27286666666666665,0.7344114942528736,0.7065473167498599,20000;28000;43000;50000;70000;72000;79000
config_12,LED_g,1,w0.95,35500.0,0.2776666666666667,0.7301908045977012,0.7022900723472668,20000;28000;43000;50000;70000;72000;79000
config_12,LED_g,1,w0.95,36500.0,0.29283333333333333,0.7288597701149426,0.697595310677054,20000;28000;43000;50000;70000;72000;79000
config_12,LED_g,1,w0.95,37500.0,0.29483333333333334,0.7401402298850575,0.710207763295595,20000;28000;43000;50000;70000;72000;79000
config_12,LED_g,1,w0.95,38500.0,0.3036,0.7404459770114943,0.7110976456608118,20000;28000;43000;50000;70000;72000;79000
config_12,LED_g,1,w0.95,39500.0,0.3116333333333333,0.7229195402298851,0.6915106929593111,20000;28000;43000;50000;70000;72000;79000
config_12,LED_g,1,w0.95,40500.0,0.30733333333333335,0.7279655172413793,0.6986231299940159,20000;28000;43000;50000;70000;72000;79000
config_12,LED_g,1,w0.95,41500.0,0.3172333333333333,0.7258827586206897,0.6952264458367629,20000;28000;43000;50000;70000;72000;79000
config_12,LED_g,1,w0.95,42500.0,0.3199666666666667,0.7104850574712643,0.6838846802292907,20000;28000;43000;50000;70000;72000;79000
config_12,LED_g,1,w0.95,43500.0,0.28036666666666665,0.7207609195402299,0.69720884644383,20000;28000;43000;50000;70000;72000;79000
config_12,LED_g,1,w0.95,44500.0,0.27973333333333333,0.7205264367816092,0.6949309433143264,20000;28000;43000;50000;70000;72000;79000
config_12,LED_g,1,w0.95,45500.0,0.2825666666666667,0.7213310344827586,0.6969764902108732,20000;28000;43000;50000;70000;72000;79000
config_12,LED_g,1,w0.95,46500.0,0.27946666666666664,0.7238390804597701,0.6954914831312382,20000;28000;43000;50000;70000;72000;79000
config_12,LED_g,1,w0.95,47500.0,0.28633333333333333,0.7207494252873563,0.6954163461538462,20000;28000;43000;50000;70000;72000;79000
config_12,LED_g,1,w0.95,48500.0,0.2936666666666667,0.7127724137931035,0.6887120974596278,20000;28000;43000;50000;70000;72000;79000
config_12,LED_g,1,w0.95,49500.0,0.28626666666666667,0.7233126436781608,0.6984786053581608,20000;28000;43000;50000;70000;72000;79000
config_12,LED_g,1,w0.95,50500.0,0.22276666666666667,0.7293586206896551,0.7025863379794954,20000;28000;43000;50000;70000;72000;79000
config_12,LED_g,1,w0.95,51500.0,0.21103333333333332,0.7178183908045976,0.697717464925012,20000;28000;43000;50000;70000;72000;79000
config_12,LED_g,1,w0.95,52500.0,0.2131,0.7237011494252875,0.7032930209488242,20000;28000;43000;50000;70000;72000;79000
config_12,LED_g,1,w0.95,53500.0,0.2242,0.7284275862068965,0.7072678933105121,20000;28000;43000;50000;70000;72000;79000
config_12,LED_g,1,w0.95,54500.0,0.22723333333333334,0.7252528735632183,0.70516599077829,20000;28000;43000;50000;70000;72000;79000
config_12,LED_g,1,w0.95,55500.0,0.24016666666666667,0.7497655172413794,0.7228736553989324,20000;28000;43000;50000;70000;72000;79000
config_12,LED_g,1,w0.95,56500.0,0.24023333333333333,0.7595494252873564,0.7338129197495732,20000;28000;43000;50000;70000;72000;79000
config_12,LED_g,1,w0.95,57500.0,0.23713333333333333,0.7432045977011494,0.7202605677173731,20000;28000;43000;50000;70000;72000;79000
config_12,LED_g,1,w0.95,58500.0,0.24756666666666666,0.7235540229885058,0.7050382779779877,20000;28000;43000;50000;70000;72000;79000
config_12,LED_g,1,w0.95,59500.0,0.23493333333333333,0.7250183908045977,0.7075424885409692,20000;28000;43000;50000;70000;72000;79000
config_12,LED_g,1,w0.95,60500.0,0.23166666666666666,0.7302459770114943,0.7145064186098095,20000;28000;43000;50000;70000;72000;79000
config_12,LED_g,1,w0.95,61500.0,0.2549666666666667,0.724744827586207,0.6995801324192337,20000;28000;43000;50000;70000;72000;79000
config_12,LED_g,1,w0.95,62500.0,0.2521333333333333,0.7242160919540229,0.7020475770106398,20000;28000;43000;50000;70000;72000;79000
config_12,LED_g,1,w0.95,63500.0,0.24756666666666666,0.746719540229885,0.7241469371727748,20000;28000;43000;50000;70000;72000;79000
config_12,LED_g,1,w0.95,64500.0,0.2587,0.7431149425287357,0.717401151901105,20000;28000;43000;50000;70000;72000;79000
config_12,LED_g,1,w0.95,65500.0,0.2666,0.7396,0.7175722460981678,20000;28000;43000;50000;70000;72000;79000
config_12,LED_g,1,w0.95,66500.0,0.2639666666666667,0.7466873563218391,0.7223445746426059,20000;28000;43000;50000;70000;72000;79000
config_12,LED_g,1,w0.95,67500.0,0.2868,0.7338206896551724,0.7130442616142239,20000;28000;43000;50000;70000;72000;79000
config_12,LED_g,1,w0.95,68500.0,0.2830666666666667,0.7451011494252874,0.72178679841092,20000;28000;43000;50000;70000;72000;79000
config_12,LED_g,1,w0.95,69500.0,0.2921,0.7395747126436781,0.7166695788787982,20000;28000;43000;50000;70000;72000;79000
config_12,LED_g,1,w0.95,70500.0,0.2613,0.7505724137931035,0.7155603365888906,20000;28000;43000;50000;70000;72000;79000
config_12,LED_g,1,w0.95,71500.0,0.2553,0.7538827586206897,0.7147248429192847,20000;28000;43000;50000;70000;72000;79000
config_12,LED_g,1,w0.95,72500.0,0.2533666666666667,0.7532896551724139,0.7138230283689607,20000;28000;43000;50000;70000;72000;79000
config_12,LED_g,1,w0.95,73500.0,0.2427,0.7604344827586207,0.7239350669736291,20000;28000;43000;50000;70000;72000;79000
config_12,LED_g,1,w0.95,74500.0,0.23906666666666668,0.7638735632183907,0.7296184591040542,20000;28000;43000;50000;70000;72000;79000
config_12,LED_g,1,w0.95,75500.0,0.24986666666666665,0.7671057471264369,0.7306437211981566,20000;28000;43000;50000;70000;72000;79000
config_12,LED_g,1,w0.95,76500.0,0.2597333333333333,0.7610827586206897,0.7274463961235614,20000;28000;43000;50000;70000;72000;79000
config_12,LED_g,1,w0.95,77500.0,0.26166666666666666,0.7657264367816092,0.7275501350907757,20000;28000;43000;50000;70000;72000;79000
config_12,LED_g,1,w0.95,78500.0,0.24993333333333334,0.7643609195402298,0.7305326037391701,20000;28000;43000;50000;70000;72000;79000
config_12,LED_g,1,w0.95,79500.0,0.19843333333333332,0.7927310344827587,0.7554893592457186,20000;28000;43000;50000;70000;72000;79000
config_12,LED_g,1,w0.95,80500.0,0.21813333333333335,0.7885011494252874,0.7521681110293882,20000;28000;43000;50000;70000;72000;79000
config_12,LED_g,1,w0.95,81500.0,0.22606666666666667,0.7881126436781609,0.7528082568523841,20000;28000;43000;50000;70000;72000;79000
config_12,LED_g,1,w0.95,82500.0,0.23463333333333333,0.7946114942528737,0.7548854105828758,20000;28000;43000;50000;70000;72000;79000
config_12,LED_g,1,w0.95,83500.0,0.24713333333333334,0.7950413793103447,0.7581726024429216,20000;28000;43000;50000;70000;72000;79000
config_12,LED_g,1,w0.95,84500.0,0.24216666666666667,0.8010183908045977,0.7643701333942701,20000;28000;43000;50000;70000;72000;79000
config_12,LED_g,1,w0.95,85500.0,0.23796666666666666,0.798096551724138,0.7682610453448124,20000;28000;43000;50000;70000;72000;79000
config_12,LED_g,1,w0.95,86500.0,0.24573333333333333,0.7919333333333333,0.7620449916482569,20000;28000;43000;50000;70000;72000;79000
config_12,LED_g,1,w0.95,87500.0,0.2581,0.7904781609195403,0.7630558248788046,20000;28000;43000;50000;70000;72000;79000
config_12,LED_g,1,w0.95,88500.0,0.2619666666666667,0.7831402298850575,0.751486700198288,20000;28000;43000;50000;70000;72000;79000
config_12,LED_g,1,w0.95,89500.0,0.26826666666666665,0.7790114942528735,0.7490772968799672,20000;28000;43000;50000;70000;72000;79000
config_12,LED_g,1,w0.95,90500.0,0.2634666666666667,0.7813701149425286,0.7464471950257527,20000;28000;43000;50000;70000;72000;79000
config_12,LED_g,1,w0.95,91500.0,0.26666666666666666,0.7781586206896552,0.7463579081337499,20000;28000;43000;50000;70000;72000;79000
config_12,LED_g,1,w0.95,92500.0,0.27066666666666667,0.7731333333333333,0.7405814303749807,20000;28000;43000;50000;70000;72000;79000
config_12,LED_g,1,w0.95,93500.0,0.2729666666666667,0.7817701149425289,0.7460906686815263,20000;28000;43000;50000;70000;72000;79000
config_12,LED_g,1,w0.95,94500.0,0.27216666666666667,0.7808,0.7464387474496585,20000;28000;43000;50000;70000;72000;79000
config_12,LED_g,1,w0.95,95500.0,0.27576666666666666,0.7771517241379309,0.7329597901723586,20000;28000;43000;50000;70000;72000;79000
config_12,LED_g,1,w0.95,96500.0,0.2961,0.7719287356321839,0.7241389175408209,20000;28000;43000;50000;70000;72000;79000
config_12,LED_g,1,w0.95,97500.0,0.29236666666666666,0.7746597701149426,0.7326034493000417,20000;28000;43000;50000;70000;72000;79000
config_12,LED_g,1,w0.95,98500.0,0.29986666666666667,0.7731977011494253,0.7232999529485571,20000;28000;43000;50000;70000;72000;79000
config_12,LED_g,1,w0.95,99500.0,0.30643333333333334,0.7634689655172414,0.7150891391941394,20000;28000;43000;50000;70000;72000;79000
