dataset,config,label_pct,diversity_measure,seed,inference_mode,training_mode,use_mmr,use_pseudo_label,unsup_drift,inference_relevance,global_acc,f1_score,drift_count,total_instances,elapsed_s,lbd_updates,lbd_instances,lbd_gap_mean,lbd_conf_mean,lbd_gap_pre_mean,lbd_conf_pre_mean,lbd_pool_updates
Electricity,config_0,5,disagreement,42,capymoa,capymoa,False,True,False,capymoa_sleade,0.784,0.514,-1,44312,26.3,0,0,,,,,0
Electricity,config_0,5,disagreement,43,capymoa,capymoa,False,True,False,capymoa_sleade,0.7917,0.5186,-1,44312,26.4,0,0,,,,,0
Electricity,config_0,1,disagreement,42,capymoa,capymoa,False,True,False,capymoa_sleade,0.7532,0.4868,-1,44312,24.1,0,0,,,,,0
Electricity,config_0,5,disagreement,44,capymoa,capymoa,False,True,False,capymoa_sleade,0.7817,0.5136,-1,44312,27.5,0,0,,,,,0
Electricity,config_0,1,disagreement,43,capymoa,capymoa,False,True,False,capymoa_sleade,0.7674,0.4993,-1,44312,25.0,0,0,,,,,0
Electricity,config_0,1,disagreement,44,capymoa,capymoa,False,True,False,capymoa_sleade,0.732,0.4801,-1,44312,25.9,0,0,,,,,0
Electricity,config_1,5,disagreement,42,margin,none,False,False,False,margin,0.7946,0.7825,0,44312,98.2,0,0,,,,,0
Electricity,config_1,5,disagreement,43,margin,none,False,False,False,margin,0.7922,0.7821,0,44312,103.7,0,0,,,,,0
Electricity,config_1,1,disagreement,42,margin,none,False,False,False,margin,0.7585,0.7344,0,44312,92.2,0,0,,,,,0
Electricity,config_1,5,disagreement,44,margin,none,False,False,False,margin,0.7908,0.7807,0,44312,121.1,0,0,,,,,0
Electricity,config_1,1,disagreement,43,margin,none,False,False,False,margin,0.7576,0.7323,0,44312,88.8,0,0,,,,,0
Electricity,config_1,1,disagreement,44,margin,none,False,False,False,margin,0.7594,0.7399,0,44312,102.1,0,0,,,,,0
Electricity,config_2,5,disagreement,42,mlhat_A,none,False,False,False,mlhat_A,0.794,0.522,0,44312,103.3,0,0,,,,,0
Electricity,config_2,5,disagreement,43,mlhat_A,none,False,False,False,mlhat_A,0.7918,0.5206,0,44312,104.6,0,0,,,,,0
Electricity,config_2,5,disagreement,44,mlhat_A,none,False,False,False,mlhat_A,0.8019,0.5288,0,44312,117.9,0,0,,,,,0
Electricity,config_2,1,disagreement,42,mlhat_A,none,False,False,False,mlhat_A,0.7517,0.4851,0,44312,88.9,0,0,,,,,0
Electricity,config_2,1,disagreement,43,mlhat_A,none,False,False,False,mlhat_A,0.7486,0.4821,0,44312,87.9,0,0,,,,,0
Electricity,config_2,1,disagreement,44,mlhat_A,none,False,False,False,mlhat_A,0.7517,0.4855,0,44312,103.5,0,0,,,,,0
Electricity,config_3,5,disagreement,42,sqrtAM,none,False,False,False,sqrtAM,0.797,0.7856,0,44312,103.9,0,0,,,,,0
Electricity,config_3,5,disagreement,43,sqrtAM,none,False,False,False,sqrtAM,0.7939,0.7836,0,44312,108.1,0,0,,,,,0
Electricity,config_3,1,disagreement,42,sqrtAM,none,False,False,False,sqrtAM,0.7567,0.7324,0,44312,90.1,0,0,,,,,0
Electricity,config_3,5,disagreement,44,sqrtAM,none,False,False,False,sqrtAM,0.7971,0.7877,0,44312,118.2,0,0,,,,,0
Electricity,config_3,1,disagreement,43,sqrtAM,none,False,False,False,sqrtAM,0.7564,0.7318,0,44312,89.4,0,0,,,,,0
Electricity,config_3,1,disagreement,44,sqrtAM,none,False,False,False,sqrtAM,0.7582,0.7366,0,44312,103.6,0,0,,,,,0
Electricity,config_4,5,disagreement,42,mmr,none,True,False,False,mmr,0.8057,0.7961,0,44312,109.3,0,0,,,,,0
Electricity,config_4,5,disagreement,43,mmr,none,True,False,False,mmr,0.8028,0.7944,0,44312,114.0,0,0,,,,,0
Electricity,config_4,1,disagreement,42,mmr,none,True,False,False,mmr,0.7575,0.7376,0,44312,95.9,0,0,,,,,0
Electricity,config_4,5,disagreement,44,mmr,none,True,False,False,mmr,0.8064,0.7986,0,44312,125.0,0,0,,,,,0
Electricity,config_4,1,disagreement,43,mmr,none,True,False,False,mmr,0.7617,0.7434,0,44312,96.5,0,0,,,,,0
Electricity,config_4,1,disagreement,44,mmr,none,True,False,False,mmr,0.7608,0.7447,0,44312,111.1,0,0,,,,,0
Electricity,config_5,5,disagreement,42,none,self_train_M,False,True,False,none,0.7778,0.5089,0,44312,145.6,945155,42096,0.0,0.0,,,1020568
Electricity,config_5,5,disagreement,43,none,self_train_M,False,True,False,none,0.7801,0.5104,0,44312,146.2,949836,42096,0.0,0.0,,,1079348
Electricity,config_5,1,disagreement,42,none,self_train_M,False,True,False,none,0.7485,0.4786,0,44312,119.4,996273,43868,0.0,0.0,,,693401
Electricity,config_5,5,disagreement,44,none,self_train_M,False,True,False,none,0.7846,0.7724,0,44312,150.8,936692,42096,0.0,0.0,,,907931
Electricity,config_5,1,disagreement,43,none,self_train_M,False,True,False,none,0.7476,0.4789,0,44312,119.1,977748,43868,0.0,0.0,,,724205
Electricity,config_5,1,disagreement,44,none,self_train_M,False,True,False,none,0.7498,0.4829,0,44312,132.5,978617,43868,0.0,0.0,,,618880
Electricity,config_6,5,disagreement,42,none,disagree_c,False,True,False,none,0.7887,0.5175,0,44312,135.2,15079,10314,0.3622113018536623,0.9592102284291704,0.0034964802802824,0.8381560538187067,1255627
Electricity,config_6,5,disagreement,43,none,disagree_c,False,True,False,none,0.783,0.7706,0,44312,128.1,14539,9432,0.3500002206396527,0.9566113497347868,0.0017010962770297,0.8367835205390718,1207858
Electricity,config_6,1,disagreement,42,none,disagree_c,False,True,False,none,0.7445,0.478,0,44312,114.1,14159,9968,0.3463523796344788,0.9558608999759438,-0.0044421830408217,0.8242652985112617,1166252
Electricity,config_6,5,disagreement,44,none,disagree_c,False,True,False,none,0.7839,0.5152,0,44312,135.2,12383,8587,0.3617358080395153,0.9594410579577296,-0.0064382392199888,0.8246591534658857,1155046
Electricity,config_6,1,disagreement,43,none,disagree_c,False,True,False,none,0.7481,0.4799,0,44312,112.2,11625,8272,0.3169811407380161,0.9568023730071572,-0.0157234684368903,0.8108127936606504,1054687
Electricity,config_6,1,disagreement,44,none,disagree_c,False,True,False,none,0.7484,0.4819,0,44312,129.2,11351,8255,0.3492023276568525,0.9581230880464146,0.0012072692246342,0.8104986589894044,1116501
Electricity,config_7,5,disagreement,42,none,train_C,False,True,False,none,0.7809,0.5114,0,44312,150.8,942032,42093,0.0,0.0,,,1065860
Electricity,config_7,5,disagreement,43,none,train_C,False,True,False,none,0.7798,0.5105,0,44312,147.4,926047,42095,0.0,0.0,,,1086222
Electricity,config_7,1,disagreement,42,none,train_C,False,True,False,none,0.7519,0.4821,0,44312,118.8,1000230,43868,0.0,0.0,,,675991
Electricity,config_7,5,disagreement,44,none,train_C,False,True,False,none,0.7839,0.5139,0,44312,151.1,936616,42096,0.0,0.0,,,964742
Electricity,config_7,1,disagreement,43,none,train_C,False,True,False,none,0.7465,0.4783,0,44312,118.9,989390,43868,0.0,0.0,,,701367
Electricity,config_7,1,disagreement,44,none,train_C,False,True,False,none,0.7521,0.4859,0,44312,133.2,971005,43868,0.0,0.0,,,620700
Electricity,config_8,5,disagreement,42,none,train_w,False,True,False,none,0.7877,0.5169,0,44312,137.8,39224,18092,0.3288906802943188,0.9684086170708942,0.0606666268653423,0.8998462637980951,1339710
Electricity,config_8,5,disagreement,43,none,train_w,False,True,False,none,0.7847,0.7724,0,44312,129.8,45651,18743,0.334895379183939,0.967634316036774,0.0614502581672914,0.8963656846097101,1225674
Electricity,config_8,1,disagreement,42,none,train_w,False,True,False,none,0.7498,0.4829,0,44312,116.2,38135,18785,0.3177901829006983,0.966579157667542,0.058803684727521,0.8868642831087857,1266423
Electricity,config_8,5,disagreement,44,none,train_w,False,True,False,none,0.7876,0.776,0,44312,152.6,45762,18871,0.3343685726075781,0.9661109151122046,0.0627278002254899,0.8961823974389632,1258930
Electricity,config_8,1,disagreement,43,none,train_w,False,True,False,none,0.7475,0.7173,0,44312,112.9,48109,19403,0.337202920779287,0.97036125253918,0.0719380146961449,0.8897999311209169,1221158
Electricity,config_8,1,disagreement,44,none,train_w,False,True,False,none,0.7403,0.476,0,44312,130.7,36229,16958,0.2987757316119952,0.9621305601000384,0.060744724742804,0.8722840610197149,1220069
Electricity,config_9,5,disagreement,42,sqrtAM,train_C,False,True,False,sqrtAM,0.7919,0.7795,0,44312,154.2,921371,42096,0.0,0.0,,,1658350
Electricity,config_9,5,disagreement,43,sqrtAM,train_C,False,True,False,sqrtAM,0.7906,0.7783,0,44312,162.0,938708,42096,0.0,0.0,,,1691903
Electricity,config_9,5,disagreement,44,sqrtAM,train_C,False,True,False,sqrtAM,0.7949,0.7841,0,44312,157.8,923837,42096,0.0,0.0,,,1652665
Electricity,config_9,1,disagreement,42,sqrtAM,train_C,False,True,False,sqrtAM,0.7564,0.7306,0,44312,133.8,993387,43868,0.0,0.0,,,1639140
Electricity,config_9,1,disagreement,43,sqrtAM,train_C,False,True,False,sqrtAM,0.7528,0.7263,0,44312,136.9,993577,43868,0.0,0.0,,,1704970
Electricity,config_9,1,disagreement,44,sqrtAM,train_C,False,True,False,sqrtAM,0.7528,0.728,0,44312,144.9,972220,43868,0.0,0.0,,,1447763
Electricity,config_10,5,disagreement,42,mmr,train_C,True,True,False,mmr,0.7976,0.787,0,44312,165.9,945487,42096,0.0,0.0,,,1666107
Electricity,config_10,5,disagreement,43,mmr,train_C,True,True,False,mmr,0.797,0.7869,0,44312,163.7,938996,42096,0.0,0.0,,,1667675
Electricity,config_10,1,disagreement,42,mmr,train_C,True,True,False,mmr,0.7564,0.7339,0,44312,141.2,968566,43868,0.0,0.0,,,1564866
Electricity,config_10,5,disagreement,44,mmr,train_C,True,True,False,mmr,0.7982,0.7883,0,44312,169.1,923250,42096,0.0,0.0,,,1623119
Electricity,config_10,1,disagreement,43,mmr,train_C,True,True,False,mmr,0.756,0.7344,0,44312,141.3,1021217,43868,0.0,0.0,,,1595798
Electricity,config_10,1,disagreement,44,mmr,train_C,True,True,False,mmr,0.7537,0.7352,0,44312,151.4,964105,43868,0.0,0.0,,,1393000
Electricity,config_11,5,disagreement,42,sqrtAM,train_w,False,True,False,sqrtAM,0.7958,0.7847,0,44312,140.5,43471,19275,0.3439373417685832,0.9694009183472392,0.0647200059182613,0.9012333780158074,1794833
Electricity,config_11,5,disagreement,43,sqrtAM,train_w,False,True,False,sqrtAM,0.7965,0.7861,0,44312,137.6,44073,19382,0.3288287436943516,0.9676785373738128,0.0562949719657959,0.8950484575968383,1769223
Electricity,config_11,1,disagreement,42,sqrtAM,train_w,False,True,False,sqrtAM,0.753,0.7306,0,44312,124.4,36680,18033,0.3207362134578042,0.9678621887462387,0.0612706535942436,0.8857853815828991,1783039
Electricity,config_11,5,disagreement,44,sqrtAM,train_w,False,True,False,sqrtAM,0.7972,0.7876,0,44312,152.0,44310,18171,0.322152870960972,0.9633643152082312,0.0594331273106058,0.8897595894436024,1716640
Electricity,config_11,1,disagreement,43,sqrtAM,train_w,False,True,False,sqrtAM,0.7515,0.7258,0,44312,123.9,40705,18768,0.3117074545404856,0.9639226209163207,0.0593585588063444,0.8795504729261607,1746431
Electricity,config_11,1,disagreement,44,sqrtAM,train_w,False,True,False,sqrtAM,0.7573,0.7383,0,44312,138.0,40098,17726,0.3355377090578302,0.9657246088029612,0.0581563012176387,0.869162570203817,1660723
Electricity,config_12,5,disagreement,42,mmr,train_w,True,True,False,mmr,0.801,0.7925,0,44312,145.3,41286,17825,0.3498065378752703,0.9705909937219536,0.0700992829609065,0.9037627907215524,1766663
Electricity,config_12,5,disagreement,43,mmr,train_w,True,True,False,mmr,0.8029,0.7941,0,44312,143.9,45222,18431,0.3327631713592606,0.9677213263452824,0.0645813733911925,0.8960940199630799,1692107
Electricity,config_12,5,disagreement,44,mmr,train_w,True,True,False,mmr,0.804,0.795,0,44312,149.9,46076,18881,0.3283876537663752,0.965521273827496,0.0637025776376332,0.8953986242560996,1700228
Electricity,config_12,1,disagreement,42,mmr,train_w,True,True,False,mmr,0.7546,0.7344,0,44312,128.7,35457,17619,0.3127805150971936,0.969953930849159,0.0755152862855852,0.8932444874760985,1749162
Electricity,config_12,1,disagreement,43,mmr,train_w,True,True,False,mmr,0.759,0.7401,0,44312,128.7,34800,17263,0.295511100826853,0.9602837720531996,0.0401991559419798,0.8649276937263646,1581479
Electricity,config_12,1,disagreement,44,mmr,train_w,True,True,False,mmr,0.7601,0.7438,0,44312,129.0,37446,17824,0.3135782175992512,0.9633335776350376,0.0526137586120851,0.8672120807025323,1556975
Electricity,config_base,5,disagreement,42,none,none,False,False,False,none,0.7874,0.5166,0,44312,106.8,0,0,,,,,0
Electricity,config_base,5,disagreement,43,none,none,False,False,False,none,0.7824,0.7704,0,44312,111.3,0,0,,,,,0
Electricity,config_base,1,disagreement,42,none,none,False,False,False,none,0.7541,0.4846,0,44312,92.0,0,0,,,,,0
Electricity,config_base,5,disagreement,44,none,none,False,False,False,none,0.7873,0.7769,0,44312,122.1,0,0,,,,,0
Electricity,config_base,1,disagreement,43,none,none,False,False,False,none,0.7502,0.4799,0,44312,92.1,0,0,,,,,0
Electricity,config_base,1,disagreement,44,none,none,False,False,False,none,0.7533,0.4857,0,44312,113.3,0,0,,,,,0
AGR_g,config_0,5,disagreement,42,capymoa,capymoa,False,True,False,capymoa_sleade,0.7857,0.7809,-1,99000,91.8,0,0,,,,,0
AGR_g,config_0,5,disagreement,43,capymoa,capymoa,False,True,False,capymoa_sleade,0.7764,0.7726,-1,99000,103.5,0,0,,,,,0
AGR_g,config_0,5,disagreement,44,capymoa,capymoa,False,True,False,capymoa_sleade,0.7764,0.7711,-1,99000,101.3,0,0,,,,,0
AGR_g,config_0,1,disagreement,42,capymoa,capymoa,False,True,False,capymoa_sleade,0.7298,0.7198,-1,99000,79.7,0,0,,,,,0
AGR_g,config_0,1,disagreement,43,capymoa,capymoa,False,True,False,capymoa_sleade,0.7276,0.719,-1,99000,80.3,0,0,,,,,0
AGR_g,config_0,1,disagreement,44,capymoa,capymoa,False,True,False,capymoa_sleade,0.7196,0.705,-1,99000,75.8,0,0,,,,,0
AGR_g,config_1,5,disagreement,42,margin,none,False,False,False,margin,0.7707,0.7652,4,99000,248.0,0,0,,,,,0
AGR_g,config_1,5,disagreement,43,margin,none,False,False,False,margin,0.7781,0.7729,3,99000,240.7,0,0,,,,,0
AGR_g,config_1,1,disagreement,42,margin,none,False,False,False,margin,0.7257,0.709,2,99000,180.7,0,0,,,,,0
AGR_g,config_1,5,disagreement,44,margin,none,False,False,False,margin,0.7737,0.7676,5,99000,230.6,0,0,,,,,0
AGR_g,config_1,1,disagreement,43,margin,none,False,False,False,margin,0.7274,0.7159,2,99000,187.7,0,0,,,,,0
AGR_g,config_1,1,disagreement,44,margin,none,False,False,False,margin,0.7241,0.7075,2,99000,188.4,0,0,,,,,0
AGR_g,config_2,5,disagreement,42,mlhat_A,none,False,False,False,mlhat_A,0.793,0.7858,10,99000,230.8,0,0,,,,,0
AGR_g,config_2,5,disagreement,43,mlhat_A,none,False,False,False,mlhat_A,0.7714,0.7585,4,99000,237.9,0,0,,,,,0
AGR_g,config_2,5,disagreement,44,mlhat_A,none,False,False,False,mlhat_A,0.813,0.8047,8,99000,167.9,0,0,,,,,0
AGR_g,config_2,1,disagreement,42,mlhat_A,none,False,False,False,mlhat_A,0.7153,0.694,3,99000,186.4,0,0,,,,,0
AGR_g,config_2,1,disagreement,43,mlhat_A,none,False,False,False,mlhat_A,0.7112,0.6791,2,99000,189.3,0,0,,,,,0
AGR_g,config_2,1,disagreement,44,mlhat_A,none,False,False,False,mlhat_A,0.7186,0.6985,4,99000,182.3,0,0,,,,,0
AGR_g,config_3,5,disagreement,42,sqrtAM,none,False,False,False,sqrtAM,0.773,0.7682,3,99000,181.2,0,0,,,,,0
AGR_g,config_3,5,disagreement,43,sqrtAM,none,False,False,False,sqrtAM,0.7805,0.7757,4,99000,240.0,0,0,,,,,0
AGR_g,config_3,5,disagreement,44,sqrtAM,none,False,False,False,sqrtAM,0.7759,0.7713,4,99000,227.5,0,0,,,,,0
AGR_g,config_3,1,disagreement,42,sqrtAM,none,False,False,False,sqrtAM,0.7272,0.7112,3,99000,180.6,0,0,,,,,0
AGR_g,config_3,1,disagreement,43,sqrtAM,none,False,False,False,sqrtAM,0.7258,0.7145,3,99000,187.0,0,0,,,,,0
AGR_g,config_3,1,disagreement,44,sqrtAM,none,False,False,False,sqrtAM,0.7248,0.7088,2,99000,188.3,0,0,,,,,0
AGR_g,config_4,5,disagreement,42,mmr,none,True,False,False,mmr,0.7927,0.787,6,99000,254.3,0,0,,,,,0
AGR_g,config_4,5,disagreement,43,mmr,none,True,False,False,mmr,0.7897,0.7836,3,99000,235.2,0,0,,,,,0
AGR_g,config_4,5,disagreement,44,mmr,none,True,False,False,mmr,0.7973,0.7911,9,99000,192.7,0,0,,,,,0
AGR_g,config_4,1,disagreement,42,mmr,none,True,False,False,mmr,0.7331,0.7165,2,99000,192.4,0,0,,,,,0
AGR_g,config_4,1,disagreement,43,mmr,none,True,False,False,mmr,0.7323,0.7202,2,99000,201.3,0,0,,,,,0
AGR_g,config_4,1,disagreement,44,mmr,none,True,False,False,mmr,0.731,0.7144,2,99000,202.6,0,0,,,,,0
AGR_g,config_5,5,disagreement,42,none,self_train_M,False,True,False,none,0.7472,0.7284,4,99000,279.3,1775202,94050,0.0,0.0,,,1557855
AGR_g,config_5,5,disagreement,43,none,self_train_M,False,True,False,none,0.7715,0.7552,3,99000,292.0,1801036,94050,0.0,0.0,,,1502622
AGR_g,config_5,5,disagreement,44,none,self_train_M,False,True,False,none,0.7903,0.7808,7,99000,294.1,2026604,94050,0.0,0.0,,,2053276
AGR_g,config_5,1,disagreement,42,none,self_train_M,False,True,False,none,0.671,0.6027,3,99000,249.4,1746235,98010,0.0,0.0,,,1188412
AGR_g,config_5,1,disagreement,43,none,self_train_M,False,True,False,none,0.6959,0.6546,4,99000,208.1,1819600,98010,0.0,0.0,,,1518569
AGR_g,config_5,1,disagreement,44,none,self_train_M,False,True,False,none,0.7174,0.6993,3,99000,227.0,2013692,98010,0.0,0.0,,,1933996
AGR_g,config_6,5,disagreement,42,none,disagree_c,False,True,False,none,0.7568,0.7423,5,99000,234.9,11103,8048,0.2775356688134179,0.9607220167274882,-0.052845363750871,0.7362025823840304,1606748
AGR_g,config_6,5,disagreement,43,none,disagree_c,False,True,False,none,0.765,0.7509,5,99000,265.5,13314,9690,0.2573953252285308,0.963248434367834,-0.0507942481186491,0.7327321612922919,1572566
AGR_g,config_6,5,disagreement,44,none,disagree_c,False,True,False,none,0.7859,0.7766,7,99000,210.0,5096,3881,0.352752878496385,0.9631759865750372,-0.0419944387887665,0.7727598306044945,2103570
AGR_g,config_6,1,disagreement,42,none,disagree_c,False,True,False,none,0.7016,0.6728,2,99000,203.8,13063,9482,0.257601615441524,0.9596491274381984,-0.0374491636199456,0.7042268968492529,1057225
AGR_g,config_6,1,disagreement,43,none,disagree_c,False,True,False,none,0.7139,0.6871,2,99000,211.8,14781,10476,0.2588389092359119,0.961429981173466,-0.0384890709912296,0.7130302209286453,1167468
AGR_g,config_6,1,disagreement,44,none,disagree_c,False,True,False,none,0.7093,0.6922,4,99000,223.0,12422,8912,0.3094003509799506,0.9608092427784612,-0.0378623652465396,0.7293550505554174,1472175
AGR_g,config_7,5,disagreement,42,none,train_C,False,True,False,none,0.7479,0.7324,5,99000,277.0,1746547,94048,0.0,0.0,,,1547073
AGR_g,config_7,5,disagreement,43,none,train_C,False,True,False,none,0.782,0.7702,5,99000,280.5,1835236,94050,0.0,0.0,,,1679520
AGR_g,config_7,5,disagreement,44,none,train_C,False,True,False,none,0.8008,0.791,6,99000,291.9,2025689,94050,0.0,0.0,,,2155481
AGR_g,config_7,1,disagreement,42,none,train_C,False,True,False,none,0.677,0.6129,3,99000,228.2,1710728,98010,0.0,0.0,,,1288768
AGR_g,config_7,1,disagreement,43,none,train_C,False,True,False,none,0.6994,0.6608,4,99000,239.7,1809333,98010,0.0,0.0,,,1492117
AGR_g,config_7,1,disagreement,44,none,train_C,False,True,False,none,0.7202,0.7031,3,99000,241.6,2005399,98010,0.0,0.0,,,1824302
AGR_g,config_8,5,disagreement,43,none,train_w,False,True,False,none,0.7734,0.7637,5,99000,232.0,31711,15624,0.3466549798632101,0.9525698829427582,-0.0186019773018355,0.7841445739849087,1622030
AGR_g,config_8,5,disagreement,42,none,train_w,False,True,False,none,0.7466,0.7325,5,99000,273.8,28678,14169,0.3365076112927649,0.9528246511195894,-0.0239910665268463,0.7680667129808033,1475073
AGR_g,config_8,5,disagreement,44,none,train_w,False,True,False,none,0.8029,0.7957,5,99000,209.8,28073,13867,0.4090953403456998,0.9532912590784391,-0.0121466532242835,0.8211167991323877,2155457
AGR_g,config_8,1,disagreement,42,none,train_w,False,True,False,none,0.7023,0.6788,3,99000,184.2,35795,17643,0.3114875988251507,0.9529406425517736,-0.0111757163508547,0.7466410733369853,991027
AGR_g,config_8,1,disagreement,43,none,train_w,False,True,False,none,0.7172,0.6992,2,99000,214.0,43671,19799,0.3228260991073292,0.954258745028986,-0.0068193168320871,0.7669490901338705,1207530
AGR_g,config_8,1,disagreement,44,none,train_w,False,True,False,none,0.7332,0.7209,3,99000,225.8,32556,18901,0.3450323096590191,0.9576928689018728,-0.0063090861952887,0.7909553484751912,1724407
AGR_g,config_9,5,disagreement,43,sqrtAM,train_C,False,True,False,sqrtAM,0.7995,0.7942,4,99000,269.5,1797042,94050,0.0,0.0,,,2359719
AGR_g,config_9,5,disagreement,42,sqrtAM,train_C,False,True,False,sqrtAM,0.8014,0.7952,9,99000,298.5,1826993,94050,0.0,0.0,,,2325428
AGR_g,config_9,1,disagreement,42,sqrtAM,train_C,False,True,False,sqrtAM,0.7124,0.6943,2,99000,239.2,1678070,98010,0.0,0.0,,,1591032
AGR_g,config_9,5,disagreement,44,sqrtAM,train_C,False,True,False,sqrtAM,0.8018,0.7955,10,99000,255.9,1912117,94050,0.0,0.0,,,2774730
AGR_g,config_9,1,disagreement,44,sqrtAM,train_C,False,True,False,sqrtAM,0.7184,0.7026,2,99000,241.4,1664095,98010,0.0,0.0,,,1611560
AGR_g,config_9,1,disagreement,43,sqrtAM,train_C,False,True,False,sqrtAM,0.7182,0.7057,1,99000,251.3,1759703,98010,0.0,0.0,,,1837645
AGR_g,config_10,5,disagreement,43,mmr,train_C,True,True,False,mmr,0.8143,0.8086,9,99000,288.7,1882340,94050,0.0,0.0,,,2503865
AGR_g,config_10,5,disagreement,42,mmr,train_C,True,True,False,mmr,0.7914,0.7813,6,99000,317.7,1890940,94050,0.0,0.0,,,2393073
AGR_g,config_10,1,disagreement,42,mmr,train_C,True,True,False,mmr,0.7098,0.6874,2,99000,255.4,1700456,98010,0.0,0.0,,,1648766
AGR_g,config_10,5,disagreement,44,mmr,train_C,True,True,False,mmr,0.8033,0.796,4,99000,317.8,1808031,94050,0.0,0.0,,,2362031
AGR_g,config_10,1,disagreement,43,mmr,train_C,True,True,False,mmr,0.7092,0.6967,2,99000,262.9,1777281,98010,0.0,0.0,,,1775736
AGR_g,config_10,1,disagreement,44,mmr,train_C,True,True,False,mmr,0.7216,0.7039,3,99000,263.9,1762050,98010,0.0,0.0,,,1855870
AGR_g,config_11,5,disagreement,42,sqrtAM,train_w,False,True,False,sqrtAM,0.8039,0.8001,5,99000,282.9,33568,16616,0.3565489694772171,0.9506832891195712,-0.0191838939347567,0.7909097356713005,2361160
AGR_g,config_11,5,disagreement,43,sqrtAM,train_w,False,True,False,sqrtAM,0.7863,0.7833,5,99000,287.7,35530,16590,0.3638635772926068,0.9507248910991092,-0.0129454990508286,0.7952217935480078,2357011
AGR_g,config_11,5,disagreement,44,sqrtAM,train_w,False,True,False,sqrtAM,0.789,0.7848,6,99000,227.1,29326,14339,0.3552708826593462,0.9520968785085604,-0.0191827212830538,0.7803312598502499,2184658
AGR_g,config_11,1,disagreement,42,sqrtAM,train_w,False,True,False,sqrtAM,0.7277,0.7209,2,99000,218.2,27307,14459,0.3199371884408498,0.9534291128367468,-0.0187706209724479,0.7452701199386501,1605341
AGR_g,config_11,1,disagreement,43,sqrtAM,train_w,False,True,False,sqrtAM,0.7255,0.7178,3,99000,220.8,39743,18118,0.3214309989044302,0.954722112602193,-0.0127725662351207,0.7589353738951109,1896759
AGR_g,config_11,1,disagreement,44,sqrtAM,train_w,False,True,False,sqrtAM,0.7174,0.711,2,99000,216.6,32266,15615,0.3062268734357886,0.95084808862158,-0.0120985406212411,0.7479650436524584,1657821
AGR_g,config_12,5,disagreement,42,mmr,train_w,True,True,False,mmr,0.8104,0.8059,7,99000,247.0,31098,15812,0.3576691724267347,0.9516227028213868,-0.0198407674466624,0.789432511089855,2329020
AGR_g,config_12,5,disagreement,43,mmr,train_w,True,True,False,mmr,0.8025,0.7972,5,99000,291.9,31020,14447,0.3463539349920606,0.9501378658021096,-0.0204996916155462,0.7835296712457152,2177795
AGR_g,config_12,5,disagreement,44,mmr,train_w,True,True,False,mmr,0.8071,0.8029,6,99000,309.4,35616,17263,0.3548281123586737,0.9523326360200184,-0.0162195068381485,0.7947853479266305,2410761
AGR_g,config_12,1,disagreement,42,mmr,train_w,True,True,False,mmr,0.7151,0.7064,1,99000,237.0,29684,14855,0.3010776371398777,0.949976069690104,-0.0162197119912638,0.7453897103556777,1647257
AGR_g,config_12,1,disagreement,43,mmr,train_w,True,True,False,mmr,0.7228,0.716,2,99000,237.3,34646,16075,0.3281421553150099,0.9505001487154628,-0.0167554019518091,0.7572356017383454,1808574
AGR_g,config_12,1,disagreement,44,mmr,train_w,True,True,False,mmr,0.7355,0.7281,2,99000,242.1,32805,15732,0.3225609558801537,0.948462241338575,-0.0055158229197039,0.7605662004250219,1881704
AGR_g,config_base,5,disagreement,42,none,none,False,False,False,none,0.753,0.7392,7,99000,203.5,0,0,,,,,0
AGR_g,config_base,5,disagreement,43,none,none,False,False,False,none,0.7682,0.7526,8,99000,227.6,0,0,,,,,0
AGR_g,config_base,1,disagreement,42,none,none,False,False,False,none,0.6859,0.6284,2,99000,160.3,0,0,,,,,0
AGR_g,config_base,5,disagreement,44,none,none,False,False,False,none,0.801,0.7905,8,99000,241.3,0,0,,,,,0
AGR_g,config_base,1,disagreement,43,none,none,False,False,False,none,0.7019,0.666,2,99000,186.1,0,0,,,,,0
AGR_g,config_base,1,disagreement,44,none,none,False,False,False,none,0.7203,0.6998,3,99000,186.7,0,0,,,,,0
AGR_a,config_0,5,disagreement,42,capymoa,capymoa,False,True,False,capymoa_sleade,0.7628,0.7588,-1,99000,90.3,0,0,,,,,0
AGR_a,config_0,5,disagreement,44,capymoa,capymoa,False,True,False,capymoa_sleade,0.7612,0.7579,-1,99000,103.0,0,0,,,,,0
AGR_a,config_0,5,disagreement,43,capymoa,capymoa,False,True,False,capymoa_sleade,0.7688,0.7673,-1,99000,104.4,0,0,,,,,0
AGR_a,config_0,1,disagreement,43,capymoa,capymoa,False,True,False,capymoa_sleade,0.6894,0.6893,-1,99000,79.2,0,0,,,,,0
AGR_a,config_0,1,disagreement,42,capymoa,capymoa,False,True,False,capymoa_sleade,0.7115,0.7108,-1,99000,81.1,0,0,,,,,0
AGR_a,config_0,1,disagreement,44,capymoa,capymoa,False,True,False,capymoa_sleade,0.7093,0.7082,-1,99000,70.7,0,0,,,,,0
AGR_a,config_1,5,disagreement,42,margin,none,False,False,False,margin,0.7594,0.7554,2,99000,194.3,0,0,,,,,0
AGR_a,config_1,5,disagreement,43,margin,none,False,False,False,margin,0.7701,0.7671,3,99000,230.8,0,0,,,,,0
AGR_a,config_1,5,disagreement,44,margin,none,False,False,False,margin,0.7639,0.7617,1,99000,197.6,0,0,,,,,0
AGR_a,config_1,1,disagreement,42,margin,none,False,False,False,margin,0.6801,0.6794,0,99000,186.9,0,0,,,,,0
AGR_a,config_1,1,disagreement,43,margin,none,False,False,False,margin,0.6837,0.682,0,99000,183.4,0,0,,,,,0
AGR_a,config_1,1,disagreement,44,margin,none,False,False,False,margin,0.6711,0.6703,0,99000,182.3,0,0,,,,,0
AGR_a,config_2,5,disagreement,42,mlhat_A,none,False,False,False,mlhat_A,0.7991,0.798,8,99000,170.2,0,0,,,,,0
AGR_a,config_2,5,disagreement,43,mlhat_A,none,False,False,False,mlhat_A,0.7852,0.7848,7,99000,201.0,0,0,,,,,0
AGR_a,config_2,5,disagreement,44,mlhat_A,none,False,False,False,mlhat_A,0.7838,0.783,8,99000,170.4,0,0,,,,,0
AGR_a,config_2,1,disagreement,42,mlhat_A,none,False,False,False,mlhat_A,0.6709,0.6708,1,99000,181.1,0,0,,,,,0
AGR_a,config_2,1,disagreement,43,mlhat_A,none,False,False,False,mlhat_A,0.6661,0.6654,0,99000,179.4,0,0,,,,,0
AGR_a,config_2,1,disagreement,44,mlhat_A,none,False,False,False,mlhat_A,0.6693,0.6691,1,99000,181.3,0,0,,,,,0
AGR_a,config_3,5,disagreement,42,sqrtAM,none,False,False,False,sqrtAM,0.7611,0.7554,4,99000,210.3,0,0,,,,,0
AGR_a,config_3,5,disagreement,43,sqrtAM,none,False,False,False,sqrtAM,0.7653,0.7616,2,99000,225.5,0,0,,,,,0
AGR_a,config_3,5,disagreement,44,sqrtAM,none,False,False,False,sqrtAM,0.7656,0.7625,1,99000,197.1,0,0,,,,,0
AGR_a,config_3,1,disagreement,42,sqrtAM,none,False,False,False,sqrtAM,0.6851,0.6839,0,99000,181.5,0,0,,,,,0
AGR_a,config_3,1,disagreement,43,sqrtAM,none,False,False,False,sqrtAM,0.6849,0.683,0,99000,181.2,0,0,,,,,0
AGR_a,config_3,1,disagreement,44,sqrtAM,none,False,False,False,sqrtAM,0.6698,0.6689,0,99000,158.9,0,0,,,,,0
AGR_a,config_4,5,disagreement,42,mmr,none,True,False,False,mmr,0.7745,0.7716,5,99000,216.7,0,0,,,,,0
AGR_a,config_4,5,disagreement,43,mmr,none,True,False,False,mmr,0.7846,0.7824,3,99000,251.4,0,0,,,,,0
AGR_a,config_4,5,disagreement,44,mmr,none,True,False,False,mmr,0.7713,0.7677,2,99000,252.7,0,0,,,,,0
AGR_a,config_4,1,disagreement,42,mmr,none,True,False,False,mmr,0.6868,0.6859,0,99000,198.5,0,0,,,,,0
AGR_a,config_4,1,disagreement,43,mmr,none,True,False,False,mmr,0.6879,0.6865,0,99000,193.8,0,0,,,,,0
AGR_a,config_4,1,disagreement,44,mmr,none,True,False,False,mmr,0.6725,0.6718,0,99000,191.5,0,0,,,,,0
AGR_a,config_5,5,disagreement,42,none,self_train_M,False,True,False,none,0.7283,0.7283,6,99000,229.2,1761375,94050,0.0,0.0,,,918866
AGR_a,config_5,5,disagreement,43,none,self_train_M,False,True,False,none,0.7744,0.7738,8,99000,260.2,1905088,94050,0.0,0.0,,,1222305
AGR_a,config_5,5,disagreement,44,none,self_train_M,False,True,False,none,0.782,0.7808,1,99000,235.2,1867307,94050,0.0,0.0,,,1267779
AGR_a,config_5,1,disagreement,42,none,self_train_M,False,True,False,none,0.6183,0.6043,0,99000,229.9,1635981,98010,0.0,0.0,,,605838
AGR_a,config_5,1,disagreement,43,none,self_train_M,False,True,False,none,0.6583,0.6568,0,99000,227.6,1724714,98010,0.0,0.0,,,758914
AGR_a,config_5,1,disagreement,44,none,self_train_M,False,True,False,none,0.6719,0.6719,1,99000,222.8,1950347,98010,0.0,0.0,,,1350924
AGR_a,config_6,5,disagreement,42,none,disagree_c,False,True,False,none,0.7202,0.7191,0,99000,224.8,9873,6912,0.3146167375533167,0.9565621321823154,-0.0723238080075013,0.6786269592436008,652832
AGR_a,config_6,5,disagreement,43,none,disagree_c,False,True,False,none,0.7948,0.7934,5,99000,238.6,17514,12545,0.3505705960300015,0.9580040401177196,-0.0613008900202487,0.7362909188629182,1235450
AGR_a,config_6,5,disagreement,44,none,disagree_c,False,True,False,none,0.7586,0.7562,1,99000,203.0,4337,3189,0.504803000288388,0.953598944129527,-0.0604761190234471,0.7222890856464741,1157399
AGR_a,config_6,1,disagreement,42,none,disagree_c,False,True,False,none,0.6446,0.6446,0,99000,203.4,9734,6846,0.2729442487337288,0.9559453887193936,-0.0658664118026139,0.6737944873008536,589057
AGR_a,config_6,1,disagreement,43,none,disagree_c,False,True,False,none,0.6672,0.6672,0,99000,206.9,10480,7247,0.2603811814076774,0.9587095288235136,-0.0640481290165079,0.6799531715544828,686475
AGR_a,config_6,1,disagreement,44,none,disagree_c,False,True,False,none,0.6797,0.6795,1,99000,215.4,7225,5511,0.3553576404341183,0.961049994034262,-0.0544794565490743,0.7125792699939604,1174322
AGR_a,config_7,5,disagreement,42,none,train_C,False,True,False,none,0.7328,0.7326,5,99000,228.6,1715155,94050,0.0,0.0,,,902331
AGR_a,config_7,5,disagreement,43,none,train_C,False,True,False,none,0.7682,0.768,5,99000,292.8,1839546,94050,0.0,0.0,,,1166478
AGR_a,config_7,5,disagreement,44,none,train_C,False,True,False,none,0.7611,0.7592,2,99000,224.6,1834293,94050,0.0,0.0,,,1276129
AGR_a,config_7,1,disagreement,42,none,train_C,False,True,False,none,0.6094,0.5955,0,99000,221.9,1595345,98010,0.0,0.0,,,584833
AGR_a,config_7,1,disagreement,43,none,train_C,False,True,False,none,0.6432,0.6389,0,99000,227.4,1686148,98010,0.0,0.0,,,779574
AGR_a,config_7,1,disagreement,44,none,train_C,False,True,False,none,0.6699,0.6699,1,99000,243.7,1949136,98010,0.0,0.0,,,1339477
AGR_a,config_8,5,disagreement,42,none,train_w,False,True,False,none,0.7258,0.7236,1,99000,228.8,36058,17791,0.3889382391305379,0.9505118165443812,-0.0251269554983463,0.7440715208486566,724451
AGR_a,config_8,5,disagreement,43,none,train_w,False,True,False,none,0.7867,0.7842,3,99000,236.5,51247,25775,0.3900169519235134,0.9526715285323232,-0.0224949528971338,0.7870060153355436,1239929
AGR_a,config_8,5,disagreement,44,none,train_w,False,True,False,none,0.7715,0.7661,5,99000,207.3,42314,20963,0.4342399483369468,0.9527876873230706,-0.0110885963899868,0.8073807756642678,1552177
AGR_a,config_8,1,disagreement,42,none,train_w,False,True,False,none,0.6572,0.657,0,99000,206.1,33237,16067,0.3650519220593748,0.9517143841357124,-0.021025218834944,0.7367588950949487,625568
AGR_a,config_8,1,disagreement,43,none,train_w,False,True,False,none,0.6618,0.6616,0,99000,208.2,37097,17021,0.3521657633320161,0.9492402895183762,-0.0253098804135682,0.745267448845676,722674
AGR_a,config_8,1,disagreement,44,none,train_w,False,True,False,none,0.6877,0.6872,1,99000,217.8,27848,16020,0.4058872948895625,0.9529026689748188,-0.0219308146692049,0.7655460992356945,1176959
AGR_a,config_9,5,disagreement,42,sqrtAM,train_C,False,True,False,sqrtAM,0.7469,0.7429,3,99000,298.8,1695223,94050,0.0,0.0,,,1585014
AGR_a,config_9,5,disagreement,43,sqrtAM,train_C,False,True,False,sqrtAM,0.7746,0.7715,5,99000,275.4,1775173,94050,0.0,0.0,,,2203763
AGR_a,config_9,5,disagreement,44,sqrtAM,train_C,False,True,False,sqrtAM,0.7687,0.7636,2,99000,273.3,1668166,94050,0.0,0.0,,,1851238
AGR_a,config_9,1,disagreement,42,sqrtAM,train_C,False,True,False,sqrtAM,0.6661,0.6658,0,99000,237.9,1606745,98010,0.0,0.0,,,1037412
AGR_a,config_9,1,disagreement,43,sqrtAM,train_C,False,True,False,sqrtAM,0.6812,0.6805,0,99000,244.9,1713683,98010,0.0,0.0,,,1393096
AGR_a,config_9,1,disagreement,44,sqrtAM,train_C,False,True,False,sqrtAM,0.6822,0.6816,0,99000,235.8,1642860,98010,0.0,0.0,,,1144063
AGR_a,config_10,5,disagreement,42,mmr,train_C,True,True,False,mmr,0.7786,0.7759,5,99000,284.1,1701998,94050,0.0,0.0,,,1933634
AGR_a,config_10,5,disagreement,43,mmr,train_C,True,True,False,mmr,0.8109,0.8093,7,99000,299.6,1887608,94050,0.0,0.0,,,2479169
AGR_a,config_10,5,disagreement,44,mmr,train_C,True,True,False,mmr,0.7446,0.742,2,99000,324.7,1725839,94050,0.0,0.0,,,1750557
AGR_a,config_10,1,disagreement,42,mmr,train_C,True,True,False,mmr,0.6729,0.6724,0,99000,255.0,1596783,98010,0.0,0.0,,,1126749
AGR_a,config_10,1,disagreement,43,mmr,train_C,True,True,False,mmr,0.6808,0.6796,0,99000,260.3,1734347,98010,0.0,0.0,,,1369010
AGR_a,config_10,1,disagreement,44,mmr,train_C,True,True,False,mmr,0.6849,0.6848,0,99000,253.7,1646835,98010,0.0,0.0,,,1229975
AGR_a,config_11,5,disagreement,42,sqrtAM,train_w,False,True,False,sqrtAM,0.7768,0.7711,3,99000,248.1,44877,21616,0.3960932096952427,0.9498960748368168,-0.0255663239463929,0.7618216858625088,1882613
AGR_a,config_11,5,disagreement,43,sqrtAM,train_w,False,True,False,sqrtAM,0.7908,0.7863,4,99000,289.9,54176,25115,0.3855286264009003,0.9520003437499126,-0.0185023519210814,0.7810285803544234,2211812
AGR_a,config_11,5,disagreement,44,sqrtAM,train_w,False,True,False,sqrtAM,0.7775,0.7712,3,99000,292.4,45901,22841,0.3970982698064642,0.9528727114691474,-0.0192544424518258,0.7724105913214537,2053827
AGR_a,config_11,1,disagreement,42,sqrtAM,train_w,False,True,False,sqrtAM,0.6795,0.6756,0,99000,219.1,28779,14397,0.3515443384815157,0.9498923861047556,-0.0285079984763326,0.7312517360475923,1302696
AGR_a,config_11,1,disagreement,43,sqrtAM,train_w,False,True,False,sqrtAM,0.6827,0.6781,0,99000,220.4,33901,16838,0.3506408028587866,0.9487462053420588,-0.0306057334909287,0.7382635413426477,1479567
AGR_a,config_11,1,disagreement,44,sqrtAM,train_w,False,True,False,sqrtAM,0.6865,0.6806,0,99000,219.5,35076,16067,0.3583086035205997,0.946733348287486,-0.0206231725862648,0.7359474088655522,1371929
AGR_a,config_12,5,disagreement,42,mmr,train_w,True,True,False,mmr,0.7865,0.7818,5,99000,301.6,48807,22869,0.3892120973334789,0.9497887170530832,-0.0197082773687249,0.7665169617719748,1951827
AGR_a,config_12,5,disagreement,43,mmr,train_w,True,True,False,mmr,0.8089,0.8062,3,99000,272.7,56716,26408,0.3777233299780035,0.9499514011500672,-0.0101605635358444,0.7960060378918631,2342737
AGR_a,config_12,5,disagreement,44,mmr,train_w,True,True,False,mmr,0.7696,0.7633,3,99000,260.6,47822,23758,0.3945085758982726,0.9519278044659074,-0.0138083219657148,0.7719068130763374,1919161
AGR_a,config_12,1,disagreement,42,mmr,train_w,True,True,False,mmr,0.6816,0.6772,0,99000,235.1,34240,15190,0.3386317425146837,0.9485328678620492,-0.0199721966361863,0.7308409467110051,1292318
AGR_a,config_12,1,disagreement,43,mmr,train_w,True,True,False,mmr,0.6882,0.6837,0,99000,237.3,41370,18159,0.3628616696823658,0.9487825137494044,-0.0178917129090576,0.746542335947628,1495173
AGR_a,config_12,1,disagreement,44,mmr,train_w,True,True,False,mmr,0.68,0.6753,0,99000,236.8,36397,16646,0.3580122088049462,0.9481593907722404,-0.0145837903060167,0.7416858072370033,1465253
AGR_a,config_base,5,disagreement,42,none,none,False,False,False,none,0.7407,0.7407,5,99000,185.2,0,0,,,,,0
AGR_a,config_base,5,disagreement,43,none,none,False,False,False,none,0.7539,0.7535,0,99000,240.6,0,0,,,,,0
AGR_a,config_base,5,disagreement,44,none,none,False,False,False,none,0.7797,0.7778,9,99000,234.2,0,0,,,,,0
AGR_a,config_base,1,disagreement,42,none,none,False,False,False,none,0.6422,0.6388,0,99000,184.6,0,0,,,,,0
AGR_a,config_base,1,disagreement,43,none,none,False,False,False,none,0.6609,0.6598,0,99000,181.2,0,0,,,,,0
AGR_a,config_base,1,disagreement,44,none,none,False,False,False,none,0.6608,0.6604,1,99000,182.0,0,0,,,,,0
LED_a,config_0,5,disagreement,42,capymoa,capymoa,False,True,False,capymoa_sleade,0.6825,0.6785,-1,99000,253.3,0,0,,,,,0
LED_a,config_0,5,disagreement,43,capymoa,capymoa,False,True,False,capymoa_sleade,0.6735,0.67,-1,99000,245.3,0,0,,,,,0
LED_a,config_0,5,disagreement,44,capymoa,capymoa,False,True,False,capymoa_sleade,0.688,0.6842,-1,99000,258.2,0,0,,,,,0
LED_a,config_0,1,disagreement,42,capymoa,capymoa,False,True,False,capymoa_sleade,0.5932,0.5874,-1,99000,266.9,0,0,,,,,0
LED_a,config_0,1,disagreement,43,capymoa,capymoa,False,True,False,capymoa_sleade,0.5999,0.5935,-1,99000,274.7,0,0,,,,,0
LED_a,config_0,1,disagreement,44,capymoa,capymoa,False,True,False,capymoa_sleade,0.6098,0.6023,-1,99000,274.7,0,0,,,,,0
LED_a,config_1,5,disagreement,42,margin,none,False,False,False,margin,0.6576,0.6539,1,99000,236.5,0,0,,,,,0
LED_a,config_1,5,disagreement,43,margin,none,False,False,False,margin,0.6449,0.6355,0,99000,234.8,0,0,,,,,0
LED_a,config_1,1,disagreement,42,margin,none,False,False,False,margin,0.5339,0.5165,0,99000,184.1,0,0,,,,,0
LED_a,config_1,5,disagreement,44,margin,none,False,False,False,margin,0.6598,0.6563,1,99000,230.7,0,0,,,,,0
LED_a,config_1,1,disagreement,43,margin,none,False,False,False,margin,0.5427,0.5252,0,99000,183.8,0,0,,,,,0
LED_a,config_1,1,disagreement,44,margin,none,False,False,False,margin,0.5547,0.5408,0,99000,185.1,0,0,,,,,0
LED_a,config_2,5,disagreement,42,mlhat_A,none,False,False,False,mlhat_A,0.6644,0.6643,2,99000,232.5,0,0,,,,,0
LED_a,config_2,5,disagreement,43,mlhat_A,none,False,False,False,mlhat_A,0.6456,0.6431,2,99000,233.1,0,0,,,,,0
LED_a,config_2,1,disagreement,42,mlhat_A,none,False,False,False,mlhat_A,0.5343,0.5214,0,99000,185.1,0,0,,,,,0
LED_a,config_2,5,disagreement,44,mlhat_A,none,False,False,False,mlhat_A,0.6469,0.6448,1,99000,232.2,0,0,,,,,0
LED_a,config_2,1,disagreement,43,mlhat_A,none,False,False,False,mlhat_A,0.5359,0.52,0,99000,182.5,0,0,,,,,0
LED_a,config_2,1,disagreement,44,mlhat_A,none,False,False,False,mlhat_A,0.5482,0.5437,1,99000,185.3,0,0,,,,,0
LED_a,config_3,5,disagreement,42,sqrtAM,none,False,False,False,sqrtAM,0.6634,0.6615,1,99000,233.8,0,0,,,,,0
LED_a,config_3,5,disagreement,43,sqrtAM,none,False,False,False,sqrtAM,0.6527,0.6454,0,99000,241.2,0,0,,,,,0
LED_a,config_3,1,disagreement,42,sqrtAM,none,False,False,False,sqrtAM,0.5428,0.5281,0,99000,184.1,0,0,,,,,0
LED_a,config_3,5,disagreement,44,sqrtAM,none,False,False,False,sqrtAM,0.6514,0.6479,1,99000,236.0,0,0,,,,,0
LED_a,config_3,1,disagreement,43,sqrtAM,none,False,False,False,sqrtAM,0.5482,0.532,0,99000,181.1,0,0,,,,,0
LED_a,config_3,1,disagreement,44,sqrtAM,none,False,False,False,sqrtAM,0.5656,0.5546,0,99000,188.8,0,0,,,,,0
LED_a,config_4,5,disagreement,42,mmr,none,True,False,False,mmr,0.6697,0.6675,1,99000,244.3,0,0,,,,,0
LED_a,config_4,5,disagreement,43,mmr,none,True,False,False,mmr,0.6558,0.6487,0,99000,250.4,0,0,,,,,0
LED_a,config_4,1,disagreement,42,mmr,none,True,False,False,mmr,0.5536,0.5398,0,99000,198.4,0,0,,,,,0
LED_a,config_4,5,disagreement,44,mmr,none,True,False,False,mmr,0.6613,0.6583,1,99000,244.6,0,0,,,,,0
LED_a,config_4,1,disagreement,43,mmr,none,True,False,False,mmr,0.5552,0.5397,0,99000,193.6,0,0,,,,,0
LED_a,config_4,1,disagreement,44,mmr,none,True,False,False,mmr,0.5739,0.5635,0,99000,197.9,0,0,,,,,0
LED_a,config_5,5,disagreement,42,none,self_train_M,False,True,False,none,0.6333,0.6303,1,99000,269.2,1293546,94044,0.0,0.0,,,256425
LED_a,config_5,5,disagreement,43,none,self_train_M,False,True,False,none,0.6278,0.6246,1,99000,268.6,1223956,93984,0.0,0.0,,,216500
LED_a,config_5,1,disagreement,42,none,self_train_M,False,True,False,none,0.5074,0.4941,0,99000,207.7,969632,97929,0.0,0.0,,,36013
LED_a,config_5,5,disagreement,44,none,self_train_M,False,True,False,none,0.6387,0.6362,1,99000,265.4,1300694,94046,0.0,0.0,,,187213
LED_a,config_5,1,disagreement,43,none,self_train_M,False,True,False,none,0.5185,0.5033,0,99000,203.1,835732,97321,0.0,0.0,,,3945
LED_a,config_5,1,disagreement,44,none,self_train_M,False,True,False,none,0.5115,0.5021,1,99000,215.0,1162762,98005,0.0,0.0,,,184083
LED_a,config_6,5,disagreement,42,none,disagree_c,False,True,False,none,0.6559,0.6537,2,99000,260.1,8695,5918,0.4879792727003701,0.9533342586902442,-0.0180121734615084,0.5991923591626264,548645
LED_a,config_6,5,disagreement,43,none,disagree_c,False,True,False,none,0.6202,0.615,1,99000,249.9,2979,1856,0.5242668038629302,0.9479922677130744,-0.024248181728166,0.5405330742387904,155064
LED_a,config_6,5,disagreement,44,none,disagree_c,False,True,False,none,0.6406,0.6365,1,99000,248.5,5293,2837,0.4561457265656226,0.9447415910409522,-0.0246042536403616,0.5628411764349296,224569
LED_a,config_6,1,disagreement,42,none,disagree_c,False,True,False,none,0.5189,0.5035,0,99000,197.0,1762,1140,0.4809160327937266,0.9458687228462856,-0.0681102574707026,0.4731887902611668,86653
LED_a,config_6,1,disagreement,43,none,disagree_c,False,True,False,none,0.5152,0.496,0,99000,195.1,546,266,0.5764775711975726,0.9387394214980376,-0.0321823728012802,0.4579210894499005,16146
LED_a,config_6,1,disagreement,44,none,disagree_c,False,True,False,none,0.5402,0.5258,0,99000,196.4,1365,711,0.4979374024777164,0.941669824428435,-0.0614916940770337,0.4609581945074449,46902
LED_a,config_7,5,disagreement,43,none,train_C,False,True,False,none,0.6149,0.6111,1,99000,267.0,1230790,93915,0.0,0.0,,,212168
LED_a,config_7,5,disagreement,42,none,train_C,False,True,False,none,0.633,0.6307,1,99000,271.1,1304168,94029,0.0,0.0,,,294753
LED_a,config_7,1,disagreement,42,none,train_C,False,True,False,none,0.5093,0.4906,0,99000,207.3,963227,97910,0.0,0.0,,,62482
LED_a,config_7,5,disagreement,44,none,train_C,False,True,False,none,0.6313,0.6296,1,99000,272.3,1322793,94044,0.0,0.0,,,184904
LED_a,config_7,1,disagreement,43,none,train_C,False,True,False,none,0.5125,0.4943,0,99000,200.6,793012,97288,0.0,0.0,,,8087
LED_a,config_7,1,disagreement,44,none,train_C,False,True,False,none,0.5257,0.5207,1,99000,215.3,1186590,97972,0.0,0.0,,,183071
LED_a,config_8,5,disagreement,42,none,train_w,False,True,False,none,0.6549,0.6529,1,99000,256.9,105859,27777,0.4905558666179855,0.9588751224865084,0.089129048872906,0.7168766009782854,281256
LED_a,config_8,5,disagreement,43,none,train_w,False,True,False,none,0.6257,0.6202,2,99000,257.9,103696,24949,0.5246347485613695,0.9631978981393876,0.0966840600869909,0.6930549888659113,178854
LED_a,config_8,5,disagreement,44,none,train_w,False,True,False,none,0.6446,0.6417,1,99000,253.7,110194,29389,0.4806036488075924,0.960348769295136,0.0905432277622698,0.7167517832025543,222091
LED_a,config_8,1,disagreement,42,none,train_w,False,True,False,none,0.5278,0.5134,0,99000,197.7,44267,12430,0.5013618953882031,0.9558823823430216,0.0111741908737179,0.5963981789690689,29780
LED_a,config_8,1,disagreement,43,none,train_w,False,True,False,none,0.5382,0.5232,0,99000,194.2,44550,11315,0.5343234434943511,0.962943198312162,0.0196692915218121,0.5777217510397518,16314
LED_a,config_8,1,disagreement,44,none,train_w,False,True,False,none,0.564,0.5524,0,99000,194.5,50921,13050,0.5077136262256915,0.958981022121568,0.0195844395743237,0.5973837461179746,25116
LED_a,config_9,5,disagreement,43,sqrtAM,train_C,False,True,False,sqrtAM,0.6612,0.6545,0,99000,275.4,950175,93851,0.0,0.0,,,709269
LED_a,config_9,5,disagreement,42,sqrtAM,train_C,False,True,False,sqrtAM,0.6215,0.6173,1,99000,301.4,1328455,94034,0.0,0.0,,,1444738
LED_a,config_9,1,disagreement,42,sqrtAM,train_C,False,True,False,sqrtAM,0.5466,0.5352,0,99000,224.5,971202,97919,0.0,0.0,,,682957
LED_a,config_9,5,disagreement,44,sqrtAM,train_C,False,True,False,sqrtAM,0.6627,0.6552,0,99000,280.3,1042934,94029,0.0,0.0,,,739220
LED_a,config_9,1,disagreement,43,sqrtAM,train_C,False,True,False,sqrtAM,0.5472,0.5311,0,99000,220.4,845081,97403,0.0,0.0,,,547388
LED_a,config_9,1,disagreement,44,sqrtAM,train_C,False,True,False,sqrtAM,0.5728,0.5651,0,99000,222.9,959225,97975,0.0,0.0,,,570883
LED_a,config_10,5,disagreement,42,mmr,train_C,True,True,False,mmr,0.6433,0.6401,1,99000,323.2,1382510,94045,0.0,0.0,,,1765034
LED_a,config_10,5,disagreement,43,mmr,train_C,True,True,False,mmr,0.6618,0.6558,0,99000,293.0,947873,93952,0.0,0.0,,,839931
LED_a,config_10,1,disagreement,42,mmr,train_C,True,True,False,mmr,0.5606,0.5492,0,99000,239.5,955877,97926,0.0,0.0,,,808765
LED_a,config_10,5,disagreement,44,mmr,train_C,True,True,False,mmr,0.642,0.6374,1,99000,323.9,1340053,94046,0.0,0.0,,,1727429
LED_a,config_10,1,disagreement,43,mmr,train_C,True,True,False,mmr,0.5548,0.5426,0,99000,233.3,859334,97641,0.0,0.0,,,733605
LED_a,config_10,1,disagreement,44,mmr,train_C,True,True,False,mmr,0.5759,0.5664,0,99000,237.0,939089,97944,0.0,0.0,,,819183
LED_a,config_11,5,disagreement,42,sqrtAM,train_w,False,True,False,sqrtAM,0.6684,0.6651,1,99000,273.2,104341,27660,0.4806785906235262,0.9603878946466782,0.0854704035189639,0.713383355768928,1323244
LED_a,config_11,5,disagreement,43,sqrtAM,train_w,False,True,False,sqrtAM,0.6631,0.6572,0,99000,273.9,110335,23602,0.575377906989716,0.9740869796959694,0.1304601835074434,0.6651033720717747,573517
LED_a,config_11,1,disagreement,42,sqrtAM,train_w,False,True,False,sqrtAM,0.5742,0.562,0,99000,206.0,51628,13264,0.5131053191783937,0.9584426133191046,0.0241091310908065,0.6012258327887877,513294
LED_a,config_11,5,disagreement,44,sqrtAM,train_w,False,True,False,sqrtAM,0.6511,0.6466,1,99000,272.1,102951,26513,0.4927084617818991,0.9618097673088178,0.0908995155342966,0.7036443644054265,1233417
LED_a,config_11,1,disagreement,43,sqrtAM,train_w,False,True,False,sqrtAM,0.5668,0.5516,0,99000,202.5,49771,12568,0.5308200537756624,0.9653028497922536,0.0262140583493006,0.5827200493351992,395760
LED_a,config_11,1,disagreement,44,sqrtAM,train_w,False,True,False,sqrtAM,0.5941,0.584,0,99000,205.5,43072,11921,0.5080362846869494,0.9556948915962036,0.0052902004351476,0.5872277121216537,430019
LED_a,config_12,5,disagreement,42,mmr,train_w,True,True,False,mmr,0.6684,0.6644,1,99000,303.6,97731,26622,0.4884686902393927,0.9593425904634952,0.0819662135681963,0.7099535377179029,1651200
LED_a,config_12,5,disagreement,43,mmr,train_w,True,True,False,mmr,0.6557,0.6487,0,99000,302.0,109167,23248,0.5696191535279297,0.9747194790031524,0.1270186033445773,0.6625295648527718,818998
LED_a,config_12,1,disagreement,42,mmr,train_w,True,True,False,mmr,0.5786,0.5681,0,99000,232.4,51072,13437,0.5190700092773396,0.9620548282567392,0.0251091247233743,0.599036937145728,670818
LED_a,config_12,5,disagreement,44,mmr,train_w,True,True,False,mmr,0.6597,0.656,1,99000,306.3,93949,26468,0.4836165551367751,0.960814311232106,0.0841250271021445,0.70327030331423,1441281
LED_a,config_12,1,disagreement,43,mmr,train_w,True,True,False,mmr,0.5767,0.5631,0,99000,226.9,53473,13894,0.5329887879467742,0.9682419300029274,0.0403728863392491,0.5932855498777789,527480
LED_a,config_12,1,disagreement,44,mmr,train_w,True,True,False,mmr,0.589,0.578,0,99000,227.2,50320,12677,0.5147829855722583,0.9579967907178546,0.0257938798853611,0.5921578159743414,518746
LED_a,config_base,5,disagreement,42,none,none,False,False,False,none,0.6488,0.6476,2,99000,232.8,0,0,,,,,0
LED_a,config_base,5,disagreement,43,none,none,False,False,False,none,0.611,0.6049,1,99000,233.7,0,0,,,,,0
LED_a,config_base,5,disagreement,44,none,none,False,False,False,none,0.6398,0.6379,1,99000,230.1,0,0,,,,,0
LED_a,config_base,1,disagreement,42,none,none,False,False,False,none,0.5007,0.4816,0,99000,180.6,0,0,,,,,0
LED_a,config_base,1,disagreement,43,none,none,False,False,False,none,0.5136,0.495,0,99000,179.9,0,0,,,,,0
LED_a,config_base,1,disagreement,44,none,none,False,False,False,none,0.5414,0.5357,1,99000,184.7,0,0,,,,,0
LED_g,config_0,5,disagreement,42,capymoa,capymoa,False,True,False,capymoa_sleade,0.6616,0.6586,-1,99000,244.2,0,0,,,,,0
LED_g,config_0,5,disagreement,43,capymoa,capymoa,False,True,False,capymoa_sleade,0.6469,0.6426,-1,99000,263.8,0,0,,,,,0
LED_g,config_0,5,disagreement,44,capymoa,capymoa,False,True,False,capymoa_sleade,0.6689,0.666,-1,99000,257.3,0,0,,,,,0
LED_g,config_0,1,disagreement,42,capymoa,capymoa,False,True,False,capymoa_sleade,0.5398,0.5299,-1,99000,260.7,0,0,,,,,0
LED_g,config_0,1,disagreement,43,capymoa,capymoa,False,True,False,capymoa_sleade,0.5301,0.5233,-1,99000,263.0,0,0,,,,,0
LED_g,config_0,1,disagreement,44,capymoa,capymoa,False,True,False,capymoa_sleade,0.543,0.5369,-1,99000,269.8,0,0,,,,,0
LED_g,config_1,5,disagreement,42,margin,none,False,False,False,margin,0.6221,0.6161,2,99000,241.9,0,0,,,,,0
LED_g,config_1,5,disagreement,43,margin,none,False,False,False,margin,0.6128,0.602,3,99000,232.9,0,0,,,,,0
LED_g,config_1,1,disagreement,42,margin,none,False,False,False,margin,0.4746,0.4592,0,99000,183.0,0,0,,,,,0
LED_g,config_1,5,disagreement,44,margin,none,False,False,False,margin,0.6109,0.6046,1,99000,232.8,0,0,,,,,0
LED_g,config_1,1,disagreement,43,margin,none,False,False,False,margin,0.4705,0.4504,0,99000,182.1,0,0,,,,,0
LED_g,config_1,1,disagreement,44,margin,none,False,False,False,margin,0.4711,0.4553,0,99000,182.8,0,0,,,,,0
LED_g,config_2,5,disagreement,42,mlhat_A,none,False,False,False,mlhat_A,0.6293,0.6274,3,99000,233.1,0,0,,,,,0
LED_g,config_2,5,disagreement,43,mlhat_A,none,False,False,False,mlhat_A,0.6053,0.6021,2,99000,232.0,0,0,,,,,0
LED_g,config_2,1,disagreement,42,mlhat_A,none,False,False,False,mlhat_A,0.4624,0.4517,0,99000,183.0,0,0,,,,,0
LED_g,config_2,5,disagreement,44,mlhat_A,none,False,False,False,mlhat_A,0.607,0.6033,1,99000,233.1,0,0,,,,,0
LED_g,config_2,1,disagreement,43,mlhat_A,none,False,False,False,mlhat_A,0.473,0.4664,1,99000,181.0,0,0,,,,,0
LED_g,config_2,1,disagreement,44,mlhat_A,none,False,False,False,mlhat_A,0.4779,0.4749,1,99000,182.2,0,0,,,,,0
LED_g,config_3,5,disagreement,42,sqrtAM,none,False,False,False,sqrtAM,0.629,0.6249,3,99000,232.6,0,0,,,,,0
LED_g,config_3,5,disagreement,43,sqrtAM,none,False,False,False,sqrtAM,0.6234,0.6142,4,99000,237.2,0,0,,,,,0
LED_g,config_3,1,disagreement,42,sqrtAM,none,False,False,False,sqrtAM,0.4832,0.4705,0,99000,182.3,0,0,,,,,0
LED_g,config_3,5,disagreement,44,sqrtAM,none,False,False,False,sqrtAM,0.6094,0.6043,2,99000,231.3,0,0,,,,,0
LED_g,config_3,1,disagreement,43,sqrtAM,none,False,False,False,sqrtAM,0.4828,0.4636,0,99000,183.7,0,0,,,,,0
LED_g,config_3,1,disagreement,44,sqrtAM,none,False,False,False,sqrtAM,0.4864,0.4728,0,99000,180.7,0,0,,,,,0
LED_g,config_4,5,disagreement,42,mmr,none,True,False,False,mmr,0.6432,0.6398,1,99000,251.3,0,0,,,,,0
LED_g,config_4,5,disagreement,43,mmr,none,True,False,False,mmr,0.6256,0.6171,3,99000,253.4,0,0,,,,,0
LED_g,config_4,1,disagreement,42,mmr,none,True,False,False,mmr,0.4933,0.4819,0,99000,201.8,0,0,,,,,0
LED_g,config_4,5,disagreement,44,mmr,none,True,False,False,mmr,0.6236,0.6199,1,99000,255.3,0,0,,,,,0
LED_g,config_4,1,disagreement,43,mmr,none,True,False,False,mmr,0.4911,0.4745,0,99000,220.0,0,0,,,,,0
LED_g,config_4,1,disagreement,44,mmr,none,True,False,False,mmr,0.4961,0.4839,0,99000,219.4,0,0,,,,,0
LED_g,config_5,5,disagreement,42,none,self_train_M,False,True,False,none,0.578,0.5754,5,99000,290.5,1196371,94041,0.0,0.0,,,227530
LED_g,config_5,5,disagreement,43,none,self_train_M,False,True,False,none,0.5611,0.5564,3,99000,294.7,1183677,93973,0.0,0.0,,,229129
LED_g,config_5,1,disagreement,42,none,self_train_M,False,True,False,none,0.3733,0.3666,1,99000,240.9,1164623,98002,0.0,0.0,,,114544
LED_g,config_5,5,disagreement,44,none,self_train_M,False,True,False,none,0.5904,0.586,1,99000,301.1,1194757,94046,0.0,0.0,,,140663
LED_g,config_5,1,disagreement,43,none,self_train_M,False,True,False,none,0.402,0.3815,0,99000,221.3,831975,97677,0.0,0.0,,,1678
LED_g,config_5,1,disagreement,44,none,self_train_M,False,True,False,none,0.3827,0.3765,1,99000,236.0,1107513,98007,0.0,0.0,,,134817
Electricity,config_13,5,disagreement,42,none,self_train_A,False,True,False,none,0.7744,0.5062,0,44312,221.2,962329,41993,0.0,0.0,,,929505
Electricity,config_13,5,disagreement,43,none,self_train_A,False,True,False,none,0.7773,0.5083,0,44312,227.4,965837,42011,0.0,0.0,,,960813
Electricity,config_13,1,disagreement,42,none,self_train_A,False,True,False,none,0.75,0.4817,0,44312,178.5,957811,43375,0.0,0.0,,,723857
Electricity,config_13,5,disagreement,44,none,self_train_A,False,True,False,none,0.7813,0.5124,0,44312,235.3,973224,42051,0.0,0.0,,,871904
Electricity,config_13,1,disagreement,43,none,self_train_A,False,True,False,none,0.7397,0.4701,0,44312,183.3,982360,43755,0.0,0.0,,,824077
Electricity,config_13,1,disagreement,44,none,self_train_A,False,True,False,none,0.752,0.4855,0,44312,199.9,981368,43815,0.0,0.0,,,614572
AGR_g,config_13,5,disagreement,42,none,self_train_A,False,True,False,none,0.7692,0.7558,7,99000,431.4,1991743,94014,0.0,0.0,,,1520441
AGR_g,config_13,5,disagreement,43,none,self_train_A,False,True,False,none,0.7828,0.7747,7,99000,435.4,2067151,94018,0.0,0.0,,,1826409
AGR_g,config_13,5,disagreement,44,none,self_train_A,False,True,False,none,0.8081,0.799,7,99000,441.0,2189900,94047,0.0,0.0,,,2172856
AGR_g,config_13,1,disagreement,42,none,self_train_A,False,True,False,none,0.6827,0.6325,2,99000,381.0,1917099,97910,0.0,0.0,,,1253392
AGR_g,config_13,1,disagreement,43,none,self_train_A,False,True,False,none,0.702,0.6711,3,99000,366.4,1967866,97809,0.0,0.0,,,1336741
AGR_g,config_13,1,disagreement,44,none,self_train_A,False,True,False,none,0.7118,0.6918,3,99000,379.7,2049150,97054,0.0,0.0,,,1724468
AGR_a,config_13,5,disagreement,42,none,self_train_A,False,True,False,none,0.7187,0.7182,2,99000,259.7,1899581,94037,0.0,0.0,,,836426
AGR_a,config_13,5,disagreement,43,none,self_train_A,False,True,False,none,0.7676,0.766,0,99000,280.2,1914165,94048,0.0,0.0,,,832529
AGR_a,config_13,5,disagreement,44,none,self_train_A,False,True,False,none,0.7893,0.7855,3,99000,218.5,2112579,93960,0.0,0.0,,,1510821
AGR_a,config_13,1,disagreement,42,none,self_train_A,False,True,False,none,0.627,0.6203,0,99000,186.1,1750543,98010,0.0,0.0,,,594841
AGR_a,config_13,1,disagreement,43,none,self_train_A,False,True,False,none,0.6632,0.6631,0,99000,189.4,1822552,98004,0.0,0.0,,,748994
AGR_a,config_13,1,disagreement,44,none,self_train_A,False,True,False,none,0.6671,0.667,1,99000,182.2,1939777,97941,0.0,0.0,,,1290505
LED_a,config_13,5,disagreement,43,none,self_train_A,False,True,False,none,0.6127,0.6079,1,99000,227.1,1139698,93210,0.0,0.0,,,161831
LED_a,config_13,5,disagreement,42,none,self_train_A,False,True,False,none,0.6299,0.6253,1,99000,234.7,1261598,93241,0.0,0.0,,,394446
LED_a,config_13,1,disagreement,42,none,self_train_A,False,True,False,none,0.5036,0.4878,0,99000,179.6,832116,95922,0.0,0.0,,,30542
LED_a,config_13,5,disagreement,44,none,self_train_A,False,True,False,none,0.6477,0.6441,1,99000,236.3,1283754,93450,0.0,0.0,,,226576
LED_a,config_13,1,disagreement,43,none,self_train_A,False,True,False,none,0.5086,0.491,0,99000,180.4,871219,95178,0.0,0.0,,,21423
LED_a,config_13,1,disagreement,44,none,self_train_A,False,True,False,none,0.5187,0.5142,1,99000,185.0,968153,95304,0.0,0.0,,,116240
LED_g,config_6,5,disagreement,42,none,disagree_c,False,True,False,none,0.6138,0.61,1,99000,226.8,4130,2709,0.4950876930629475,0.9493028304250004,-0.0495635260547627,0.5218545894519843,243993
LED_g,config_6,5,disagreement,43,none,disagree_c,False,True,False,none,0.5818,0.5759,1,99000,228.3,2516,1643,0.5084740897613609,0.9510717614165876,-0.0487270462794413,0.4957202270747367,140298
LED_g,config_6,5,disagreement,44,none,disagree_c,False,True,False,none,0.6029,0.598,1,99000,230.5,4337,2319,0.4477825373261615,0.945942292860972,-0.0516303992836091,0.5084821475494744,185549
LED_g,config_6,1,disagreement,42,none,disagree_c,False,True,False,none,0.477,0.4703,1,99000,181.0,1940,1273,0.5266621652385943,0.9477070742978928,-0.0695030467014036,0.4666596887258459,109924
LED_g,config_6,1,disagreement,43,none,disagree_c,False,True,False,none,0.4414,0.423,0,99000,176.7,184,87,0.6124819133932177,0.937406296851577,-0.0621105113455361,0.4249781103746461,5228
LED_g,config_6,1,disagreement,44,none,disagree_c,False,True,False,none,0.4442,0.4298,0,99000,178.6,936,512,0.5571629892310223,0.9423445328617658,-0.0691057623782776,0.4306892095229881,32752
LED_g,config_7,5,disagreement,42,none,train_C,False,True,False,none,0.5944,0.593,4,99000,253.8,1300008,94049,0.0,0.0,,,396821
LED_g,config_7,5,disagreement,43,none,train_C,False,True,False,none,0.5599,0.556,3,99000,244.2,1069676,93891,0.0,0.0,,,140058
LED_g,config_7,1,disagreement,42,none,train_C,False,True,False,none,0.3779,0.3703,1,99000,198.1,1128664,98009,0.0,0.0,,,136956
LED_g,config_7,5,disagreement,44,none,train_C,False,True,False,none,0.5844,0.5795,1,99000,248.6,1173409,94026,0.0,0.0,,,169553
LED_g,config_7,1,disagreement,43,none,train_C,False,True,False,none,0.3972,0.3757,0,99000,186.9,787838,97395,0.0,0.0,,,8457
LED_g,config_7,1,disagreement,44,none,train_C,False,True,False,none,0.3804,0.3744,1,99000,197.7,1055852,97993,0.0,0.0,,,122188
LED_g,config_8,5,disagreement,42,none,train_w,False,True,False,none,0.6171,0.6125,1,99000,233.1,89573,23258,0.5036337687257546,0.9608512178733716,0.0670566053550827,0.6740241373182798,208101
LED_g,config_8,5,disagreement,43,none,train_w,False,True,False,none,0.5972,0.5929,1,99000,235.8,86141,20568,0.5194626198319624,0.96301640857662,0.0769547966477407,0.6536977708205844,121310
LED_g,config_8,5,disagreement,44,none,train_w,False,True,False,none,0.6067,0.6017,1,99000,236.6,85189,23361,0.4813738503973902,0.9602284160587418,0.0665283838588148,0.669829470035103,162319
LED_g,config_8,1,disagreement,42,none,train_w,False,True,False,none,0.4567,0.4352,0,99000,183.5,30211,8704,0.5180962047904318,0.9579997261503708,-0.0066329296455288,0.5580232774167144,38303
LED_g,config_8,1,disagreement,43,none,train_w,False,True,False,none,0.4661,0.4461,0,99000,184.5,41298,10561,0.538184128750267,0.9697795030386216,0.0222724193565818,0.559262702185045,25465
LED_g,config_8,1,disagreement,44,none,train_w,False,True,False,none,0.4896,0.4843,1,99000,187.3,36397,10827,0.5074827716994085,0.9564388680937612,0.0105495727008674,0.5840865340598921,98901
LED_g,config_9,5,disagreement,43,sqrtAM,train_C,False,True,False,sqrtAM,0.6289,0.6209,2,99000,257.3,979031,93811,0.0,0.0,,,503365
LED_g,config_9,5,disagreement,42,sqrtAM,train_C,False,True,False,sqrtAM,0.5723,0.5675,1,99000,281.2,1231837,94018,0.0,0.0,,,1007738
LED_g,config_9,1,disagreement,42,sqrtAM,train_C,False,True,False,sqrtAM,0.4431,0.4287,0,99000,207.0,939806,97961,0.0,0.0,,,353696
LED_g,config_9,5,disagreement,44,sqrtAM,train_C,False,True,False,sqrtAM,0.6322,0.6262,1,99000,258.8,998387,94024,0.0,0.0,,,496904
LED_g,config_9,1,disagreement,43,sqrtAM,train_C,False,True,False,sqrtAM,0.4431,0.4248,0,99000,204.2,817774,97308,0.0,0.0,,,384873
LED_g,config_9,1,disagreement,44,sqrtAM,train_C,False,True,False,sqrtAM,0.4559,0.4437,0,99000,206.8,903038,97993,0.0,0.0,,,398947
LED_g,config_10,5,disagreement,42,mmr,train_C,True,True,False,mmr,0.5896,0.5847,1,99000,309.4,1267243,94042,0.0,0.0,,,1291911
LED_g,config_10,5,disagreement,43,mmr,train_C,True,True,False,mmr,0.6287,0.6211,1,99000,282.0,963550,93926,0.0,0.0,,,751312
LED_g,config_10,1,disagreement,42,mmr,train_C,True,True,False,mmr,0.4547,0.4406,0,99000,229.9,932766,97990,0.0,0.0,,,556585
LED_g,config_10,5,disagreement,44,mmr,train_C,True,True,False,mmr,0.5918,0.5859,4,99000,307.8,1206144,94017,0.0,0.0,,,1326755
LED_g,config_10,1,disagreement,43,mmr,train_C,True,True,False,mmr,0.4434,0.427,0,99000,228.6,813833,97538,0.0,0.0,,,567006
LED_g,config_10,1,disagreement,44,mmr,train_C,True,True,False,mmr,0.4648,0.4544,0,99000,229.2,888809,97951,0.0,0.0,,,636769
LED_g,config_11,5,disagreement,42,sqrtAM,train_w,False,True,False,sqrtAM,0.6427,0.6382,1,99000,268.4,91741,22983,0.5209692023418411,0.9618372584178748,0.0819125477297342,0.6759153727798178,1116101
LED_g,config_11,5,disagreement,43,sqrtAM,train_w,False,True,False,sqrtAM,0.629,0.6206,3,99000,251.5,87294,19661,0.5580283954305497,0.9682648194265784,0.0921254230153492,0.6435560211418525,626283
LED_g,config_11,1,disagreement,42,sqrtAM,train_w,False,True,False,sqrtAM,0.519,0.5044,0,99000,195.8,35421,10057,0.5195471769514904,0.9582539327441147,0.0252720961749371,0.5682173774328148,285404
LED_g,config_11,5,disagreement,44,sqrtAM,train_w,False,True,False,sqrtAM,0.6222,0.616,1,99000,260.4,83986,21035,0.5103708417253934,0.9631360020930564,0.0742330696658996,0.6567299520093927,874627
LED_g,config_11,1,disagreement,43,sqrtAM,train_w,False,True,False,sqrtAM,0.5159,0.5003,0,99000,192.2,37556,9421,0.5376223992869434,0.9644018316116104,0.0089781510663395,0.5522502052213273,227441
LED_g,config_11,1,disagreement,44,sqrtAM,train_w,False,True,False,sqrtAM,0.5207,0.5071,0,99000,195.1,28121,7655,0.5338754735556884,0.957352848511045,-0.0172878786878996,0.5444005864571325,258226
LED_g,config_12,5,disagreement,42,mmr,train_w,True,True,False,mmr,0.6401,0.6349,1,99000,295.0,88533,21480,0.5270244131507541,0.9622814734684356,0.0753506153148072,0.6660093189670643,1119840
LED_g,config_12,5,disagreement,43,mmr,train_w,True,True,False,mmr,0.6318,0.6225,2,99000,283.4,86504,19764,0.5571806506422551,0.97103613116528,0.092658718975728,0.6417523524805457,799578
LED_g,config_12,1,disagreement,42,mmr,train_w,True,True,False,mmr,0.523,0.5096,0,99000,219.2,31794,8883,0.5291982496313872,0.9614017421535824,0.01281566799474,0.5590706086725671,524462
LED_g,config_12,5,disagreement,44,mmr,train_w,True,True,False,mmr,0.6248,0.6191,2,99000,282.8,96266,22825,0.5272630919613994,0.9677562357530082,0.0906732266099853,0.6645909192024775,1070648
LED_g,config_12,1,disagreement,43,mmr,train_w,True,True,False,mmr,0.5238,0.507,0,99000,219.4,34844,9159,0.5172880782865092,0.961480508123664,0.0028427008463467,0.5525258191170993,388886
LED_g,config_12,1,disagreement,44,mmr,train_w,True,True,False,mmr,0.541,0.5288,0,99000,220.8,36123,9453,0.5283056718906611,0.9580483086856908,0.0013588541699349,0.5585942368424326,467161
LED_g,config_13,5,disagreement,42,none,self_train_A,False,True,False,none,0.5977,0.5945,4,99000,256.7,1089308,92729,0.0,0.0,,,262865
LED_g,config_13,5,disagreement,43,none,self_train_A,False,True,False,none,0.5596,0.5532,3,99000,255.2,1016713,92657,0.0,0.0,,,208321
LED_g,config_13,1,disagreement,42,none,self_train_A,False,True,False,none,0.4185,0.3993,0,99000,196.8,681169,93535,0.0,0.0,,,55627
LED_g,config_13,5,disagreement,44,none,self_train_A,False,True,False,none,0.6017,0.5989,2,99000,252.2,1080697,92958,0.0,0.0,,,131173
LED_g,config_13,1,disagreement,43,none,self_train_A,False,True,False,none,0.4128,0.3922,0,99000,193.1,654584,91213,0.0,0.0,,,12676
LED_g,config_13,1,disagreement,44,none,self_train_A,False,True,False,none,0.4068,0.3981,1,99000,196.6,659892,91008,0.0,0.0,,,105963
LED_g,config_base,5,disagreement,42,none,none,False,False,False,none,0.6052,0.6012,1,99000,223.8,0,0,,,,,0
LED_g,config_base,5,disagreement,43,none,none,False,False,False,none,0.5743,0.5679,1,99000,226.7,0,0,,,,,0
LED_g,config_base,1,disagreement,42,none,none,False,False,False,none,0.4221,0.4047,0,99000,176.1,0,0,,,,,0
LED_g,config_base,5,disagreement,44,none,none,False,False,False,none,0.6081,0.606,3,99000,224.6,0,0,,,,,0
LED_g,config_base,1,disagreement,43,none,none,False,False,False,none,0.4382,0.4165,0,99000,176.9,0,0,,,,,0
LED_g,config_base,1,disagreement,44,none,none,False,False,False,none,0.4583,0.452,1,99000,183.0,0,0,,,,,0
RBF_m,config_0,5,disagreement,42,capymoa,capymoa,False,True,False,capymoa_sleade,0.82,0.8035,-1,99000,117.6,0,0,,,,,0
RBF_m,config_0,5,disagreement,43,capymoa,capymoa,False,True,False,capymoa_sleade,0.8237,0.8087,-1,99000,124.3,0,0,,,,,0
RBF_m,config_0,5,disagreement,44,capymoa,capymoa,False,True,False,capymoa_sleade,0.8314,0.8162,-1,99000,128.8,0,0,,,,,0
RBF_m,config_0,1,disagreement,42,capymoa,capymoa,False,True,False,capymoa_sleade,0.73,0.6959,-1,99000,130.3,0,0,,,,,0
RBF_m,config_0,1,disagreement,43,capymoa,capymoa,False,True,False,capymoa_sleade,0.7362,0.711,-1,99000,132.9,0,0,,,,,0
RBF_m,config_0,1,disagreement,44,capymoa,capymoa,False,True,False,capymoa_sleade,0.7422,0.72,-1,99000,115.0,0,0,,,,,0
RBF_m,config_1,5,disagreement,42,margin,none,False,False,False,margin,0.826,0.8095,4,99000,170.8,0,0,,,,,0
RBF_m,config_1,5,disagreement,43,margin,none,False,False,False,margin,0.827,0.8108,5,99000,164.1,0,0,,,,,0
RBF_m,config_1,1,disagreement,42,margin,none,False,False,False,margin,0.7714,0.7519,3,99000,130.1,0,0,,,,,0
RBF_m,config_1,5,disagreement,44,margin,none,False,False,False,margin,0.8258,0.8098,5,99000,162.7,0,0,,,,,0
RBF_m,config_1,1,disagreement,44,margin,none,False,False,False,margin,0.7731,0.7537,5,99000,130.2,0,0,,,,,0
RBF_m,config_1,1,disagreement,43,margin,none,False,False,False,margin,0.7738,0.7572,3,99000,132.3,0,0,,,,,0
RBF_m,config_2,5,disagreement,43,mlhat_A,none,False,False,False,mlhat_A,0.8258,0.8086,5,99000,162.4,0,0,,,,,0
RBF_m,config_2,5,disagreement,42,mlhat_A,none,False,False,False,mlhat_A,0.8218,0.8058,6,99000,163.7,0,0,,,,,0
RBF_m,config_2,1,disagreement,42,mlhat_A,none,False,False,False,mlhat_A,0.7633,0.7422,4,99000,131.0,0,0,,,,,0
RBF_m,config_2,5,disagreement,44,mlhat_A,none,False,False,False,mlhat_A,0.8176,0.8012,5,99000,162.2,0,0,,,,,0
RBF_m,config_2,1,disagreement,43,mlhat_A,none,False,False,False,mlhat_A,0.7755,0.7572,4,99000,131.4,0,0,,,,,0
RBF_m,config_2,1,disagreement,44,mlhat_A,none,False,False,False,mlhat_A,0.7551,0.734,4,99000,129.6,0,0,,,,,0
RBF_m,config_3,5,disagreement,42,sqrtAM,none,False,False,False,sqrtAM,0.8235,0.8073,3,99000,163.6,0,0,,,,,0
RBF_m,config_3,5,disagreement,43,sqrtAM,none,False,False,False,sqrtAM,0.8252,0.8086,5,99000,164.8,0,0,,,,,0
RBF_m,config_3,1,disagreement,42,sqrtAM,none,False,False,False,sqrtAM,0.7712,0.7523,2,99000,130.8,0,0,,,,,0
RBF_m,config_3,5,disagreement,44,sqrtAM,none,False,False,False,sqrtAM,0.8255,0.8092,5,99000,173.1,0,0,,,,,0
RBF_m,config_3,1,disagreement,43,sqrtAM,none,False,False,False,sqrtAM,0.7765,0.7574,3,99000,129.6,0,0,,,,,0
RBF_m,config_3,1,disagreement,44,sqrtAM,none,False,False,False,sqrtAM,0.7727,0.7528,4,99000,132.7,0,0,,,,,0
RBF_m,config_4,5,disagreement,42,mmr,none,True,False,False,mmr,0.826,0.8083,4,99000,176.4,0,0,,,,,0
RBF_m,config_4,5,disagreement,43,mmr,none,True,False,False,mmr,0.8265,0.8102,4,99000,177.2,0,0,,,,,0
RBF_m,config_4,1,disagreement,42,mmr,none,True,False,False,mmr,0.7766,0.7559,4,99000,143.3,0,0,,,,,0
RBF_m,config_4,5,disagreement,44,mmr,none,True,False,False,mmr,0.822,0.8058,4,99000,176.2,0,0,,,,,0
RBF_m,config_4,1,disagreement,43,mmr,none,True,False,False,mmr,0.7727,0.7532,3,99000,142.8,0,0,,,,,0
RBF_m,config_4,1,disagreement,44,mmr,none,True,False,False,mmr,0.7686,0.7489,3,99000,143.7,0,0,,,,,0
RBF_m,config_5,5,disagreement,42,none,self_train_M,False,True,False,none,0.8254,0.808,6,99000,251.8,2170834,94050,0.0,0.0,,,2051708
RBF_m,config_5,5,disagreement,43,none,self_train_M,False,True,False,none,0.8236,0.8082,5,99000,249.7,2077696,94050,0.0,0.0,,,1854116
RBF_m,config_5,1,disagreement,42,none,self_train_M,False,True,False,none,0.7641,0.7437,4,99000,199.7,1972047,98010,0.0,0.0,,,1440646
RBF_m,config_5,5,disagreement,44,none,self_train_M,False,True,False,none,0.8184,0.8005,6,99000,253.9,2116682,94050,0.0,0.0,,,1967087
RBF_m,config_5,1,disagreement,43,none,self_train_M,False,True,False,none,0.7692,0.7517,5,99000,191.8,1903220,98010,0.0,0.0,,,1181939
RBF_m,config_5,1,disagreement,44,none,self_train_M,False,True,False,none,0.764,0.7433,5,99000,195.7,1881708,98010,0.0,0.0,,,1309317
RBF_m,config_6,5,disagreement,42,none,disagree_c,False,True,False,none,0.8085,0.7911,5,99000,201.6,17237,12498,0.4326701672811902,0.9591796316264756,-0.1088182340598905,0.6587363899095195,1321742
RBF_m,config_6,5,disagreement,43,none,disagree_c,False,True,False,none,0.8135,0.7945,6,99000,203.8,16323,11698,0.4193338922305154,0.958436054900375,-0.1082153143134375,0.6726721174213615,1437462
RBF_m,config_6,5,disagreement,44,none,disagree_c,False,True,False,none,0.7972,0.7795,6,99000,200.6,15158,10995,0.4323704772083896,0.9579850858316076,-0.1043756558758348,0.6584441755721048,1298587
RBF_m,config_6,1,disagreement,42,none,disagree_c,False,True,False,none,0.744,0.7218,4,99000,161.4,15607,10754,0.4368052797857052,0.9573555632641196,-0.109658792935732,0.6212688477710109,1039542
RBF_m,config_6,1,disagreement,43,none,disagree_c,False,True,False,none,0.7602,0.7397,4,99000,158.0,13170,9021,0.4402722750377812,0.954117246615979,-0.1178393824397978,0.6133902240799634,885279
RBF_m,config_6,1,disagreement,44,none,disagree_c,False,True,False,none,0.7553,0.7345,5,99000,167.6,14421,10121,0.4658065305438815,0.9563041445785124,-0.0941811633231485,0.6354757959236313,1082301
RBF_m,config_7,5,disagreement,42,none,train_C,False,True,False,none,0.8271,0.8114,5,99000,252.1,2140756,94050,0.0,0.0,,,2013702
RBF_m,config_7,5,disagreement,43,none,train_C,False,True,False,none,0.8254,0.8103,5,99000,256.4,2086737,94050,0.0,0.0,,,1939151
RBF_m,config_7,1,disagreement,42,none,train_C,False,True,False,none,0.7704,0.7519,4,99000,199.7,1964643,98010,0.0,0.0,,,1396219
RBF_m,config_7,5,disagreement,44,none,train_C,False,True,False,none,0.8197,0.8033,6,99000,260.8,2124189,94050,0.0,0.0,,,2004894
RBF_m,config_7,1,disagreement,43,none,train_C,False,True,False,none,0.7685,0.7507,5,99000,195.1,1947996,98010,0.0,0.0,,,1247869
RBF_m,config_7,1,disagreement,44,none,train_C,False,True,False,none,0.7642,0.7461,5,99000,196.6,1890873,98010,0.0,0.0,,,1379358
RBF_m,config_8,5,disagreement,42,none,train_w,False,True,False,none,0.7977,0.7792,5,99000,197.8,71324,27990,0.4306774199673429,0.9621629306713636,-0.0240425951184243,0.7344947640739836,1229272
RBF_m,config_8,5,disagreement,43,none,train_w,False,True,False,none,0.8046,0.786,6,99000,201.6,62782,26969,0.4217380790596811,0.9610235033106244,-0.0286478174970042,0.7342394677789742,1318920
RBF_m,config_8,5,disagreement,44,none,train_w,False,True,False,none,0.7946,0.7757,6,99000,208.6,63676,26453,0.430306696510525,0.9611718621030092,-0.0275192573556976,0.7327454082256083,1299669
RBF_m,config_8,1,disagreement,42,none,train_w,False,True,False,none,0.7295,0.7074,3,99000,164.3,68167,26164,0.4501871683488502,0.9613282293241532,2.7035599707085123e-05,0.705496376396602,977032
RBF_m,config_8,1,disagreement,43,none,train_w,False,True,False,none,0.7126,0.6877,3,99000,160.1,61129,22968,0.4534622418396428,0.9612480156044524,-0.0019181452522377,0.6897910955407318,859835
RBF_m,config_8,1,disagreement,44,none,train_w,False,True,False,none,0.7265,0.7031,5,99000,164.8,60142,23165,0.4420018392340893,0.9601164661979302,-0.0061640036819961,0.7071760178180813,1007793
RBF_m,config_9,5,disagreement,42,sqrtAM,train_C,False,True,False,sqrtAM,0.8186,0.8029,2,99000,259.4,2083813,94050,0.0,0.0,,,2428404
RBF_m,config_9,5,disagreement,43,sqrtAM,train_C,False,True,False,sqrtAM,0.8231,0.8066,4,99000,262.4,2102774,94050,0.0,0.0,,,2492867
RBF_m,config_9,1,disagreement,42,sqrtAM,train_C,False,True,False,sqrtAM,0.7737,0.7542,2,99000,219.0,1896870,98010,0.0,0.0,,,2099955
RBF_m,config_9,5,disagreement,44,sqrtAM,train_C,False,True,False,sqrtAM,0.8197,0.8027,5,99000,264.0,2049269,94050,0.0,0.0,,,2457473
RBF_m,config_9,1,disagreement,43,sqrtAM,train_C,False,True,False,sqrtAM,0.7772,0.7549,4,99000,222.1,2052367,98010,0.0,0.0,,,2158863
RBF_m,config_9,1,disagreement,44,sqrtAM,train_C,False,True,False,sqrtAM,0.7723,0.7513,4,99000,219.8,1958160,98010,0.0,0.0,,,2186094
RBF_m,config_10,5,disagreement,42,mmr,train_C,True,True,False,mmr,0.8202,0.8021,4,99000,287.5,2203145,94050,0.0,0.0,,,2634360
RBF_m,config_10,5,disagreement,43,mmr,train_C,True,True,False,mmr,0.8234,0.8053,4,99000,290.2,2136713,94050,0.0,0.0,,,2606332
RBF_m,config_10,1,disagreement,42,mmr,train_C,True,True,False,mmr,0.7716,0.7513,4,99000,237.2,1913095,98010,0.0,0.0,,,2176981
RBF_m,config_10,5,disagreement,44,mmr,train_C,True,True,False,mmr,0.8188,0.8017,4,99000,280.8,2054641,94050,0.0,0.0,,,2539397
RBF_m,config_10,1,disagreement,43,mmr,train_C,True,True,False,mmr,0.7733,0.7519,3,99000,233.8,1923589,98010,0.0,0.0,,,2088864
RBF_m,config_10,1,disagreement,44,mmr,train_C,True,True,False,mmr,0.7723,0.7508,4,99000,235.8,1795588,98010,0.0,0.0,,,2187752
RBF_m,config_11,5,disagreement,42,sqrtAM,train_w,False,True,False,sqrtAM,0.8142,0.7963,3,99000,233.4,64099,28714,0.4123894576303263,0.9616434203106428,-0.0303308645778124,0.743687207877263,2255842
RBF_m,config_11,5,disagreement,43,sqrtAM,train_w,False,True,False,sqrtAM,0.82,0.8025,4,99000,232.3,66669,28822,0.4192355373115389,0.9615472722718448,-0.0324419240501387,0.7430929955623109,2269741
RBF_m,config_11,1,disagreement,42,sqrtAM,train_w,False,True,False,sqrtAM,0.7596,0.7397,2,99000,181.0,71242,25724,0.4485900065725894,0.9617544874482792,0.0140334596046322,0.7136870318656887,1803727
RBF_m,config_11,5,disagreement,44,sqrtAM,train_w,False,True,False,sqrtAM,0.8177,0.8007,4,99000,225.4,69842,29396,0.4189909442068467,0.9620728025820848,-0.0244172528884663,0.7415467399310929,2215294
RBF_m,config_11,1,disagreement,43,sqrtAM,train_w,False,True,False,sqrtAM,0.7675,0.748,3,99000,181.9,65731,23896,0.4438580084244546,0.9585441958252224,-0.011377759642311,0.6957972462125818,1590716
RBF_m,config_11,1,disagreement,44,sqrtAM,train_w,False,True,False,sqrtAM,0.751,0.7314,3,99000,186.2,67018,25220,0.4553112293893253,0.9607268314918704,0.0220052928831602,0.7119579040410966,1682092
RBF_m,config_12,5,disagreement,42,mmr,train_w,True,True,False,mmr,0.8154,0.7974,4,99000,250.7,63307,28124,0.4104828885146079,0.961856251655606,-0.0333554317503208,0.7433417422094464,2365073
RBF_m,config_12,5,disagreement,43,mmr,train_w,True,True,False,mmr,0.8037,0.786,4,99000,240.7,64176,26752,0.4222682524624873,0.9606167324469028,-0.0284587512776364,0.7257878634603036,2127289
RBF_m,config_12,1,disagreement,42,mmr,train_w,True,True,False,mmr,0.76,0.7403,3,99000,208.0,70558,26046,0.4401118521037866,0.9608953246525308,-0.0054244690613355,0.7108465348831149,1859215
RBF_m,config_12,5,disagreement,44,mmr,train_w,True,True,False,mmr,0.8164,0.7997,4,99000,253.8,67002,28737,0.4310142420332525,0.9627154951696816,-0.0248234251265531,0.7439373268915078,2333310
RBF_m,config_12,1,disagreement,43,mmr,train_w,True,True,False,mmr,0.7571,0.7363,4,99000,202.6,61213,23631,0.4474860441303299,0.9609804755781168,-0.0088310749677532,0.6945296950500569,1707665
RBF_m,config_12,1,disagreement,44,mmr,train_w,True,True,False,mmr,0.7587,0.7399,5,99000,201.5,62861,24169,0.4387683957713775,0.959747961123324,0.0006432971690698,0.7057373855078877,1735140
RBF_m,config_13,5,disagreement,42,none,self_train_A,False,True,False,none,0.8225,0.804,5,99000,254.8,2224341,93993,0.0,0.0,,,1969732
RBF_m,config_13,5,disagreement,43,none,self_train_A,False,True,False,none,0.8238,0.8069,6,99000,257.4,2243368,93992,0.0,0.0,,,1996627
RBF_m,config_13,1,disagreement,42,none,self_train_A,False,True,False,none,0.7713,0.7493,4,99000,201.2,2036573,97866,0.0,0.0,,,1439705
RBF_m,config_13,5,disagreement,44,none,self_train_A,False,True,False,none,0.8173,0.7981,6,99000,257.6,2216217,94014,0.0,0.0,,,1945732
RBF_m,config_13,1,disagreement,43,none,self_train_A,False,True,False,none,0.7736,0.7543,5,99000,193.6,2019131,97936,0.0,0.0,,,1193163
RBF_m,config_13,1,disagreement,44,none,self_train_A,False,True,False,none,0.7607,0.7409,5,99000,200.5,2080447,97912,0.0,0.0,,,1398594
RBF_m,config_base,5,disagreement,42,none,none,False,False,False,none,0.8249,0.8066,5,99000,164.3,0,0,,,,,0
RBF_m,config_base,5,disagreement,43,none,none,False,False,False,none,0.8276,0.8122,6,99000,167.8,0,0,,,,,0
RBF_m,config_base,5,disagreement,44,none,none,False,False,False,none,0.8204,0.8048,6,99000,163.6,0,0,,,,,0
RBF_m,config_base,1,disagreement,42,none,none,False,False,False,none,0.7728,0.7521,4,99000,131.8,0,0,,,,,0
RBF_m,config_base,1,disagreement,43,none,none,False,False,False,none,0.7738,0.7571,5,99000,131.1,0,0,,,,,0
RBF_m,config_base,1,disagreement,44,none,none,False,False,False,none,0.7638,0.7433,5,99000,132.9,0,0,,,,,0
RBF_f,config_0,5,disagreement,42,capymoa,capymoa,False,True,False,capymoa_sleade,0.7809,0.756,-1,99000,122.4,0,0,,,,,0
RBF_f,config_0,5,disagreement,43,capymoa,capymoa,False,True,False,capymoa_sleade,0.7779,0.7564,-1,99000,123.5,0,0,,,,,0
RBF_f,config_0,5,disagreement,44,capymoa,capymoa,False,True,False,capymoa_sleade,0.7836,0.7622,-1,99000,121.8,0,0,,,,,0
RBF_f,config_0,1,disagreement,42,capymoa,capymoa,False,True,False,capymoa_sleade,0.718,0.6871,-1,99000,123.3,0,0,,,,,0
RBF_f,config_0,1,disagreement,43,capymoa,capymoa,False,True,False,capymoa_sleade,0.7364,0.7097,-1,99000,126.9,0,0,,,,,0
RBF_f,config_0,1,disagreement,44,capymoa,capymoa,False,True,False,capymoa_sleade,0.7337,0.7041,-1,99000,122.7,0,0,,,,,0
RBF_f,config_1,5,disagreement,42,margin,none,False,False,False,margin,0.7795,0.7581,3,99000,166.1,0,0,,,,,0
RBF_f,config_1,5,disagreement,43,margin,none,False,False,False,margin,0.7858,0.7645,4,99000,163.9,0,0,,,,,0
RBF_f,config_1,1,disagreement,42,margin,none,False,False,False,margin,0.7541,0.7301,3,99000,130.4,0,0,,,,,0
RBF_f,config_1,5,disagreement,44,margin,none,False,False,False,margin,0.7809,0.761,5,99000,162.7,0,0,,,,,0
RBF_f,config_1,1,disagreement,43,margin,none,False,False,False,margin,0.7576,0.7352,3,99000,131.4,0,0,,,,,0
RBF_f,config_1,1,disagreement,44,margin,none,False,False,False,margin,0.7535,0.7313,5,99000,129.2,0,0,,,,,0
RBF_f,config_2,5,disagreement,42,mlhat_A,none,False,False,False,mlhat_A,0.7772,0.7552,3,99000,165.2,0,0,,,,,0
RBF_f,config_2,5,disagreement,43,mlhat_A,none,False,False,False,mlhat_A,0.7857,0.7632,4,99000,174.6,0,0,,,,,0
RBF_f,config_2,5,disagreement,44,mlhat_A,none,False,False,False,mlhat_A,0.7761,0.7542,4,99000,164.5,0,0,,,,,0
RBF_f,config_2,1,disagreement,42,mlhat_A,none,False,False,False,mlhat_A,0.7485,0.7247,3,99000,131.9,0,0,,,,,0
RBF_f,config_2,1,disagreement,43,mlhat_A,none,False,False,False,mlhat_A,0.7583,0.733,4,99000,130.7,0,0,,,,,0
RBF_f,config_2,1,disagreement,44,mlhat_A,none,False,False,False,mlhat_A,0.742,0.7174,5,99000,130.4,0,0,,,,,0
RBF_f,config_3,5,disagreement,42,sqrtAM,none,False,False,False,sqrtAM,0.7837,0.7624,3,99000,161.8,0,0,,,,,0
RBF_f,config_3,5,disagreement,43,sqrtAM,none,False,False,False,sqrtAM,0.7856,0.7645,3,99000,162.8,0,0,,,,,0
RBF_f,config_3,1,disagreement,42,sqrtAM,none,False,False,False,sqrtAM,0.7546,0.7308,3,99000,131.8,0,0,,,,,0
RBF_f,config_3,5,disagreement,44,sqrtAM,none,False,False,False,sqrtAM,0.7778,0.7575,4,99000,162.9,0,0,,,,,0
RBF_f,config_3,1,disagreement,43,sqrtAM,none,False,False,False,sqrtAM,0.7597,0.7354,3,99000,132.4,0,0,,,,,0
RBF_f,config_3,1,disagreement,44,sqrtAM,none,False,False,False,sqrtAM,0.7561,0.7333,4,99000,130.8,0,0,,,,,0
RBF_f,config_4,5,disagreement,42,mmr,none,True,False,False,mmr,0.773,0.75,3,99000,175.7,0,0,,,,,0
RBF_f,config_4,5,disagreement,43,mmr,none,True,False,False,mmr,0.7846,0.7636,3,99000,177.3,0,0,,,,,0
RBF_f,config_4,1,disagreement,42,mmr,none,True,False,False,mmr,0.7547,0.7301,3,99000,142.0,0,0,,,,,0
RBF_f,config_4,5,disagreement,44,mmr,none,True,False,False,mmr,0.7784,0.7569,4,99000,176.7,0,0,,,,,0
RBF_f,config_4,1,disagreement,43,mmr,none,True,False,False,mmr,0.7629,0.7393,2,99000,142.7,0,0,,,,,0
RBF_f,config_4,1,disagreement,44,mmr,none,True,False,False,mmr,0.7514,0.729,5,99000,143.0,0,0,,,,,0
RBF_f,config_5,5,disagreement,42,none,self_train_M,False,True,False,none,0.7787,0.7581,3,99000,249.9,1989007,94050,0.0,0.0,,,1843060
RBF_f,config_5,5,disagreement,43,none,self_train_M,False,True,False,none,0.7831,0.7628,4,99000,256.5,2008279,94050,0.0,0.0,,,1968986
RBF_f,config_5,1,disagreement,42,none,self_train_M,False,True,False,none,0.752,0.7279,3,99000,197.1,1873528,98010,0.0,0.0,,,1278535
RBF_f,config_5,5,disagreement,44,none,self_train_M,False,True,False,none,0.7821,0.7628,6,99000,255.7,2032548,94050,0.0,0.0,,,2000578
RBF_f,config_5,1,disagreement,43,none,self_train_M,False,True,False,none,0.7514,0.7273,4,99000,195.8,1894465,98010,0.0,0.0,,,1253748
RBF_f,config_5,1,disagreement,44,none,self_train_M,False,True,False,none,0.7515,0.7294,5,99000,198.1,1854411,98010,0.0,0.0,,,1341884
RBF_f,config_6,5,disagreement,42,none,disagree_c,False,True,False,none,0.7747,0.7539,3,99000,213.9,17362,12555,0.4154150874005545,0.960057438162652,-0.0912205764298854,0.6781785061725042,1679036
RBF_f,config_6,5,disagreement,43,none,disagree_c,False,True,False,none,0.7805,0.7584,4,99000,224.7,20365,14523,0.4334880423541397,0.9601903197677024,-0.0859827072155751,0.6850887336736068,1807826
RBF_f,config_6,5,disagreement,44,none,disagree_c,False,True,False,none,0.7727,0.7525,5,99000,210.3,17756,12415,0.4434354368102285,0.9583472512448878,-0.0946293517866872,0.6691271089572525,1569244
RBF_f,config_6,1,disagreement,42,none,disagree_c,False,True,False,none,0.7374,0.7109,3,99000,166.8,14050,9932,0.4581121339662849,0.9567161614922748,-0.0879993639998748,0.6211824385730402,1047055
RBF_f,config_6,1,disagreement,43,none,disagree_c,False,True,False,none,0.7433,0.7153,4,99000,164.5,14768,10423,0.4568601869467825,0.9581013935069966,-0.1087220556113812,0.6238972565537996,1029078
RBF_f,config_6,1,disagreement,44,none,disagree_c,False,True,False,none,0.7316,0.7084,4,99000,165.6,12410,8894,0.4631437205258862,0.9572730556559992,-0.0874125950724654,0.62370382097982,1063643
RBF_f,config_7,5,disagreement,42,none,train_C,False,True,False,none,0.7788,0.7571,4,99000,247.0,2033033,94050,0.0,0.0,,,1938935
RBF_f,config_7,5,disagreement,43,none,train_C,False,True,False,none,0.7807,0.7601,5,99000,251.8,2037204,94050,0.0,0.0,,,1934879
RBF_f,config_7,1,disagreement,42,none,train_C,False,True,False,none,0.7494,0.7267,3,99000,195.6,1847394,98010,0.0,0.0,,,1244383
RBF_f,config_7,5,disagreement,44,none,train_C,False,True,False,none,0.7792,0.7601,5,99000,252.9,2015680,94050,0.0,0.0,,,2015856
RBF_f,config_7,1,disagreement,43,none,train_C,False,True,False,none,0.7555,0.7325,4,99000,193.2,1899628,98010,0.0,0.0,,,1233330
RBF_f,config_7,1,disagreement,44,none,train_C,False,True,False,none,0.7506,0.73,5,99000,196.1,1863357,98010,0.0,0.0,,,1376804
RBF_f,config_8,5,disagreement,42,none,train_w,False,True,False,none,0.7637,0.7412,3,99000,210.8,67073,28147,0.4318519771940575,0.9621033774654468,-0.0142394415353672,0.7349456487959235,1443238
RBF_f,config_8,5,disagreement,43,none,train_w,False,True,False,none,0.7751,0.7521,4,99000,214.0,69625,29393,0.4322219445335959,0.9630501095566524,-0.0247459192558038,0.7364602233977355,1503637
RBF_f,config_8,5,disagreement,44,none,train_w,False,True,False,none,0.7647,0.7445,5,99000,210.0,70484,29902,0.4352905922440674,0.963606976562793,-0.0132221345075342,0.73519266153562,1451713
RBF_f,config_8,1,disagreement,42,none,train_w,False,True,False,none,0.7199,0.6919,3,99000,167.5,63679,24414,0.4425279005641279,0.9605807762422488,-0.0026569126201118,0.7007902598596663,995540
RBF_f,config_8,1,disagreement,43,none,train_w,False,True,False,none,0.7084,0.6771,4,99000,169.4,79498,24622,0.4660730494809462,0.9615612671778508,0.0116577033616022,0.7037847214072799,801958
RBF_f,config_8,1,disagreement,44,none,train_w,False,True,False,none,0.7083,0.6835,4,99000,173.0,84772,25773,0.470370226622561,0.9641261923905278,0.0239412305720864,0.7162762067247977,1016042
RBF_f,config_9,5,disagreement,42,sqrtAM,train_C,False,True,False,sqrtAM,0.7796,0.7584,3,99000,264.5,2035690,94050,0.0,0.0,,,2433298
RBF_f,config_9,5,disagreement,43,sqrtAM,train_C,False,True,False,sqrtAM,0.7891,0.7681,3,99000,266.8,2037977,94050,0.0,0.0,,,2491963
RBF_f,config_9,1,disagreement,42,sqrtAM,train_C,False,True,False,sqrtAM,0.7549,0.7299,3,99000,217.6,1914728,98010,0.0,0.0,,,2026945
RBF_f,config_9,5,disagreement,44,sqrtAM,train_C,False,True,False,sqrtAM,0.7771,0.755,4,99000,267.9,2137135,94050,0.0,0.0,,,2578319
RBF_f,config_9,1,disagreement,43,sqrtAM,train_C,False,True,False,sqrtAM,0.7619,0.7389,3,99000,220.0,1897784,98010,0.0,0.0,,,2134648
RBF_f,config_9,1,disagreement,44,sqrtAM,train_C,False,True,False,sqrtAM,0.7492,0.7267,4,99000,224.4,1906234,98010,0.0,0.0,,,2174321
RBF_f,config_10,5,disagreement,42,mmr,train_C,True,True,False,mmr,0.7787,0.7573,3,99000,284.7,2044731,94050,0.0,0.0,,,2565405
RBF_f,config_10,5,disagreement,43,mmr,train_C,True,True,False,mmr,0.7858,0.7626,3,99000,293.7,2166238,94050,0.0,0.0,,,2706093
RBF_f,config_10,5,disagreement,44,mmr,train_C,True,True,False,mmr,0.7771,0.7561,5,99000,290.2,2157001,94050,0.0,0.0,,,2644126
RBF_f,config_10,1,disagreement,42,mmr,train_C,True,True,False,mmr,0.7491,0.7254,2,99000,235.7,1843150,98010,0.0,0.0,,,2135757
RBF_f,config_10,1,disagreement,43,mmr,train_C,True,True,False,mmr,0.7601,0.7356,3,99000,244.3,1964855,98010,0.0,0.0,,,2308656
RBF_f,config_10,1,disagreement,44,mmr,train_C,True,True,False,mmr,0.7527,0.7274,4,99000,246.5,2001677,98010,0.0,0.0,,,2332307
RBF_f,config_11,5,disagreement,42,sqrtAM,train_w,False,True,False,sqrtAM,0.7718,0.7515,3,99000,230.2,67339,28158,0.431135747909576,0.9623708852429036,-0.0170491762016301,0.7346969441542422,2179068
RBF_f,config_11,5,disagreement,43,sqrtAM,train_w,False,True,False,sqrtAM,0.7787,0.7576,3,99000,234.0,68350,28875,0.4267998131530511,0.9635080419953658,-0.0156487842606899,0.7405167056321033,2255053
RBF_f,config_11,1,disagreement,42,sqrtAM,train_w,False,True,False,sqrtAM,0.7307,0.7052,2,99000,189.9,75707,25974,0.4685374932798727,0.9649136345806052,0.0233342539135378,0.7133521790943639,1717563
RBF_f,config_11,5,disagreement,44,sqrtAM,train_w,False,True,False,sqrtAM,0.7713,0.7505,3,99000,239.9,68582,29518,0.4379877357259279,0.9647808251964768,-0.0146129313521106,0.7394261291735879,2264630
RBF_f,config_11,1,disagreement,43,sqrtAM,train_w,False,True,False,sqrtAM,0.73,0.7045,3,99000,184.7,77653,24207,0.4837211201209344,0.9649270746111664,0.0398204786765149,0.7109655281909961,1603977
RBF_f,config_11,1,disagreement,44,sqrtAM,train_w,False,True,False,sqrtAM,0.729,0.7055,3,99000,186.9,78115,23827,0.4919774203777048,0.966075611416854,0.0283101397997427,0.7144253456338697,1708816
RBF_f,config_12,5,disagreement,42,mmr,train_w,True,True,False,mmr,0.7717,0.7494,3,99000,252.0,68641,29690,0.4301427223735945,0.9630410835694734,-0.016026766595356,0.7364506633659205,2274848
RBF_f,config_12,5,disagreement,43,mmr,train_w,True,True,False,mmr,0.7768,0.7551,3,99000,251.1,67830,29105,0.4269411915673375,0.962736274066785,-0.0228746348214381,0.7339454420418707,2310323
RBF_f,config_12,1,disagreement,42,mmr,train_w,True,True,False,mmr,0.7326,0.707,2,99000,207.8,70955,25191,0.4694372711941386,0.9632438123223674,0.0236221851648361,0.7092287880502566,1735459
RBF_f,config_12,5,disagreement,44,mmr,train_w,True,True,False,mmr,0.7729,0.7518,5,99000,253.0,62564,28020,0.4285351286132918,0.9637256088448654,-0.0250979979948108,0.7382744633078981,2339807
RBF_f,config_12,1,disagreement,43,mmr,train_w,True,True,False,mmr,0.737,0.7101,2,99000,206.4,71525,22007,0.4864003227359298,0.9646627619027182,0.0301341555293336,0.7102338961331581,1740192
RBF_f,config_12,1,disagreement,44,mmr,train_w,True,True,False,mmr,0.732,0.7073,3,99000,206.7,70271,23971,0.4783288854436813,0.963857578504462,0.0266317088842394,0.7156495325199358,1811250
RBF_f,config_13,5,disagreement,42,none,self_train_A,False,True,False,none,0.7777,0.7556,4,99000,263.2,2138304,93934,0.0,0.0,,,1916718
RBF_f,config_13,5,disagreement,43,none,self_train_A,False,True,False,none,0.7813,0.7587,4,99000,268.1,2178876,93942,0.0,0.0,,,1969698
RBF_f,config_13,1,disagreement,42,none,self_train_A,False,True,False,none,0.7545,0.7311,3,99000,206.5,2014056,97727,0.0,0.0,,,1317053
RBF_f,config_13,5,disagreement,44,none,self_train_A,False,True,False,none,0.7823,0.7622,5,99000,263.4,2129971,93936,0.0,0.0,,,1898854
RBF_f,config_13,1,disagreement,43,none,self_train_A,False,True,False,none,0.7521,0.7267,4,99000,204.5,1991749,97736,0.0,0.0,,,1262477
RBF_f,config_13,1,disagreement,44,none,self_train_A,False,True,False,none,0.7492,0.7266,5,99000,203.9,1996440,97726,0.0,0.0,,,1306476
RBF_f,config_base,5,disagreement,42,none,none,False,False,False,none,0.7799,0.7587,3,99000,171.7,0,0,,,,,0
RBF_f,config_base,5,disagreement,43,none,none,False,False,False,none,0.7814,0.7609,5,99000,171.4,0,0,,,,,0
RBF_f,config_base,5,disagreement,44,none,none,False,False,False,none,0.7823,0.7624,6,99000,166.4,0,0,,,,,0
RBF_f,config_base,1,disagreement,42,none,none,False,False,False,none,0.7524,0.7287,3,99000,134.6,0,0,,,,,0
RBF_f,config_base,1,disagreement,43,none,none,False,False,False,none,0.756,0.7315,4,99000,134.4,0,0,,,,,0
RBF_f,config_base,1,disagreement,44,none,none,False,False,False,none,0.7509,0.7304,5,99000,135.6,0,0,,,,,0
airlines,config_0,5,disagreement,42,capymoa,capymoa,False,True,False,capymoa_sleade,0.634,0.609,-1,538383,310.5,0,0,,,,,0
airlines,config_0,5,disagreement,43,capymoa,capymoa,False,True,False,capymoa_sleade,0.6354,0.6125,-1,538383,312.8,0,0,,,,,0
airlines,config_0,1,disagreement,42,capymoa,capymoa,False,True,False,capymoa_sleade,0.6039,0.5585,-1,538383,284.9,0,0,,,,,0
airlines,config_0,5,disagreement,44,capymoa,capymoa,False,True,False,capymoa_sleade,0.628,0.6076,-1,538383,316.6,0,0,,,,,0
airlines,config_0,1,disagreement,43,capymoa,capymoa,False,True,False,capymoa_sleade,0.6044,0.5671,-1,538383,316.0,0,0,,,,,0
airlines,config_0,1,disagreement,44,capymoa,capymoa,False,True,False,capymoa_sleade,0.5982,0.5608,-1,538383,306.4,0,0,,,,,0
airlines,config_1,5,disagreement,43,margin,none,False,False,False,margin,0.6296,0.6141,3,538383,913.0,0,0,,,,,0
airlines,config_1,5,disagreement,42,margin,none,False,False,False,margin,0.6262,0.6125,4,538383,980.1,0,0,,,,,0
airlines,config_1,1,disagreement,42,margin,none,False,False,False,margin,0.6048,0.5863,0,538383,898.6,0,0,,,,,0
airlines,config_1,5,disagreement,44,margin,none,False,False,False,margin,0.637,0.6227,2,538383,1264.3,0,0,,,,,0
airlines,config_1,1,disagreement,43,margin,none,False,False,False,margin,0.5925,0.5765,0,538383,687.2,0,0,,,,,0
airlines,config_1,1,disagreement,44,margin,none,False,False,False,margin,0.6037,0.5857,0,538383,689.8,0,0,,,,,0
airlines,config_2,5,disagreement,42,mlhat_A,none,False,False,False,mlhat_A,0.6379,0.6018,3,538383,1076.1,0,0,,,,,0
airlines,config_2,5,disagreement,43,mlhat_A,none,False,False,False,mlhat_A,0.6308,0.5947,3,538383,924.3,0,0,,,,,0
airlines,config_2,5,disagreement,44,mlhat_A,none,False,False,False,mlhat_A,0.6316,0.5936,7,538383,891.6,0,0,,,,,0
airlines,config_2,1,disagreement,42,mlhat_A,none,False,False,False,mlhat_A,0.5927,0.5181,0,538383,902.1,0,0,,,,,0
airlines,config_2,1,disagreement,43,mlhat_A,none,False,False,False,mlhat_A,0.5857,0.5119,0,538383,681.9,0,0,,,,,0
airlines,config_2,1,disagreement,44,mlhat_A,none,False,False,False,mlhat_A,0.5944,0.522,0,538383,690.7,0,0,,,,,0
airlines,config_3,5,disagreement,43,sqrtAM,none,False,False,False,sqrtAM,0.6294,0.6171,1,538383,889.4,0,0,,,,,0
airlines,config_3,5,disagreement,42,sqrtAM,none,False,False,False,sqrtAM,0.6314,0.6194,2,538383,1225.2,0,0,,,,,0
Electricity,config_0,5,disagreement,46,capymoa,capymoa,False,True,False,capymoa_sleade,0.7902,0.5189,-1,44312,30.9,0,0,,,,,0
Electricity,config_0,5,disagreement,45,capymoa,capymoa,False,True,False,capymoa_sleade,0.7845,0.5135,-1,44312,31.7,0,0,,,,,0
Electricity,config_0,1,disagreement,45,capymoa,capymoa,False,True,False,capymoa_sleade,0.7374,0.4705,-1,44312,27.7,0,0,,,,,0
Electricity,config_0,1,disagreement,46,capymoa,capymoa,False,True,False,capymoa_sleade,0.7479,0.4806,-1,44312,27.6,0,0,,,,,0
Electricity,config_1,5,disagreement,45,margin,none,False,False,False,margin,0.7956,0.7847,0,44312,105.9,0,0,,,,,0
Electricity,config_1,5,disagreement,46,margin,none,False,False,False,margin,0.7937,0.7833,0,44312,107.0,0,0,,,,,0
Electricity,config_1,1,disagreement,45,margin,none,False,False,False,margin,0.7611,0.739,0,44312,60.1,0,0,,,,,0
Electricity,config_1,1,disagreement,46,margin,none,False,False,False,margin,0.7592,0.7391,0,44312,60.6,0,0,,,,,0
Electricity,config_2,5,disagreement,46,mlhat_A,none,False,False,False,mlhat_A,0.7926,0.5209,2,44312,114.2,0,0,,,,,0
Electricity,config_2,5,disagreement,45,mlhat_A,none,False,False,False,mlhat_A,0.7993,0.526,0,44312,117.3,0,0,,,,,0
Electricity,config_2,1,disagreement,45,mlhat_A,none,False,False,False,mlhat_A,0.7548,0.4884,0,44312,67.2,0,0,,,,,0
Electricity,config_2,1,disagreement,46,mlhat_A,none,False,False,False,mlhat_A,0.7534,0.486,2,44312,67.3,0,0,,,,,0
Electricity,config_3,5,disagreement,45,sqrtAM,none,False,False,False,sqrtAM,0.8003,0.7901,0,44312,124.6,0,0,,,,,0
Electricity,config_3,5,disagreement,46,sqrtAM,none,False,False,False,sqrtAM,0.7967,0.7869,0,44312,124.8,0,0,,,,,0
Electricity,config_3,1,disagreement,45,sqrtAM,none,False,False,False,sqrtAM,0.7573,0.7353,0,44312,80.1,0,0,,,,,0
Electricity,config_3,1,disagreement,46,sqrtAM,none,False,False,False,sqrtAM,0.7591,0.7383,0,44312,80.7,0,0,,,,,0
Electricity,config_4,5,disagreement,45,mmr,none,True,False,False,mmr,0.807,0.7983,0,44312,154.7,0,0,,,,,0
Electricity,config_4,5,disagreement,46,mmr,none,True,False,False,mmr,0.8042,0.7959,0,44312,155.2,0,0,,,,,0
Electricity,config_4,1,disagreement,45,mmr,none,True,False,False,mmr,0.7612,0.7433,0,44312,83.7,0,0,,,,,0
Electricity,config_4,1,disagreement,46,mmr,none,True,False,False,mmr,0.7636,0.7476,0,44312,83.2,0,0,,,,,0
Electricity,config_5,5,disagreement,46,none,self_train_M,False,True,False,none,0.7861,0.516,0,44312,132.7,892464,42096,0.0,0.0,,,559402
Electricity,config_5,5,disagreement,45,none,self_train_M,False,True,False,none,0.7825,0.5124,0,44312,151.3,902968,42096,0.0,0.0,,,710725
Electricity,config_5,1,disagreement,45,none,self_train_M,False,True,False,none,0.7501,0.4825,0,44312,85.6,985251,43868,0.0,0.0,,,589942
Electricity,config_5,1,disagreement,46,none,self_train_M,False,True,False,none,0.7445,0.4799,0,44312,81.8,932934,43868,0.0,0.0,,,536461
Electricity,config_6,5,disagreement,45,none,disagree_c,False,True,False,none,0.7864,0.7738,0,44312,125.9,13383,8570,0.3567133811259527,0.9557802358628796,-0.0090031103779704,0.8115957723372876,1008421
Electricity,config_6,5,disagreement,46,none,disagree_c,False,True,False,none,0.7887,0.5188,0,44312,117.1,12695,8384,0.3580458254642902,0.9569556301015498,-0.0130072200391157,0.8087332948913166,1024846
Electricity,config_6,1,disagreement,45,none,disagree_c,False,True,False,none,0.7452,0.7146,0,44312,76.8,11407,7876,0.3716973268033683,0.9562821377074344,-0.0187311853630657,0.7921977531372748,928899
Electricity,config_6,1,disagreement,46,none,disagree_c,False,True,False,none,0.7474,0.7213,0,44312,76.7,14011,9699,0.3467455566613094,0.956836869553318,-0.030932590259395,0.7867440618652585,935237
Electricity,config_7,5,disagreement,46,none,train_C,False,True,False,none,0.7857,0.5156,0,44312,125.8,891166,42096,0.0,0.0,,,702965
Electricity,config_7,5,disagreement,45,none,train_C,False,True,False,none,0.7833,0.5127,0,44312,131.0,903953,42096,0.0,0.0,,,735014
Electricity,config_7,1,disagreement,46,none,train_C,False,True,False,none,0.7479,0.4803,0,44312,79.3,939853,43868,0.0,0.0,,,438474
Electricity,config_7,1,disagreement,45,none,train_C,False,True,False,none,0.751,0.4824,0,44312,82.8,1002006,43868,0.0,0.0,,,596285
Electricity,config_8,5,disagreement,46,none,train_w,False,True,False,none,0.7833,0.5141,0,44312,117.7,46591,18113,0.3317512862205233,0.9635818708936856,0.0499691704215165,0.8734925971511905,1029971
Electricity,config_8,5,disagreement,45,none,train_w,False,True,False,none,0.7863,0.7737,0,44312,130.4,47944,19052,0.3238351213795544,0.9623114414708756,0.0583805318951528,0.8860019071462463,1151635
Electricity,config_8,1,disagreement,45,none,train_w,False,True,False,none,0.746,0.4774,0,44312,78.7,39125,17240,0.3333885505409178,0.9669023912367112,0.0477813860577473,0.8567000570977247,977946
Electricity,config_8,1,disagreement,46,none,train_w,False,True,False,none,0.7356,0.4702,0,44312,79.1,44209,17660,0.3284861577461228,0.9664679983087784,0.0507862168378226,0.8592009619643549,1026260
Electricity,config_9,5,disagreement,45,sqrtAM,train_C,False,True,False,sqrtAM,0.7945,0.7824,0,44312,143.2,904567,42096,0.0,0.0,,,1535786
Electricity,config_9,5,disagreement,46,sqrtAM,train_C,False,True,False,sqrtAM,0.7943,0.7825,0,44312,141.8,879431,42096,0.0,0.0,,,1465984
Electricity,config_9,1,disagreement,45,sqrtAM,train_C,False,True,False,sqrtAM,0.7553,0.7325,0,44312,94.5,974537,43868,0.0,0.0,,,1309812
Electricity,config_9,1,disagreement,46,sqrtAM,train_C,False,True,False,sqrtAM,0.7485,0.7239,0,44312,91.9,927417,43868,0.0,0.0,,,1254550
Electricity,config_10,5,disagreement,45,mmr,train_C,True,True,False,mmr,0.8049,0.7952,0,44312,147.8,900394,42096,0.0,0.0,,,1509738
Electricity,config_10,5,disagreement,46,mmr,train_C,True,True,False,mmr,0.7989,0.79,0,44312,151.9,872944,42096,0.0,0.0,,,1490695
Electricity,config_10,1,disagreement,45,mmr,train_C,True,True,False,mmr,0.7565,0.7377,0,44312,105.5,996536,43868,0.0,0.0,,,1326240
Electricity,config_10,1,disagreement,46,mmr,train_C,True,True,False,mmr,0.7546,0.7355,0,44312,102.2,941004,43868,0.0,0.0,,,1237890
Electricity,config_11,5,disagreement,46,sqrtAM,train_w,False,True,False,sqrtAM,0.7956,0.7847,0,44312,131.5,48149,18824,0.3337118830465082,0.9661993816933456,0.0601399059043049,0.8795225516754265,1620482
Electricity,config_11,5,disagreement,45,sqrtAM,train_w,False,True,False,sqrtAM,0.7938,0.7831,0,44312,137.4,48501,18920,0.3222468120236646,0.9628935604509234,0.0584747404842805,0.8824925985859682,1661023
Electricity,config_11,1,disagreement,46,sqrtAM,train_w,False,True,False,sqrtAM,0.7523,0.7301,0,44312,90.6,38445,16610,0.3241276186809959,0.9629523469739968,0.035210511741635,0.8557370093395477,1548824
Electricity,config_11,1,disagreement,45,sqrtAM,train_w,False,True,False,sqrtAM,0.7553,0.7341,0,44312,91.3,40078,17801,0.321499336735866,0.96355717912088,0.0398102277186452,0.8582140195362813,1566250
Electricity,config_12,5,disagreement,46,mmr,train_w,True,True,False,mmr,0.7997,0.7902,0,44312,137.0,48471,18471,0.3260708348494562,0.9653371773757174,0.0621469212671217,0.8854768814661823,1654423
Electricity,config_12,5,disagreement,45,mmr,train_w,True,True,False,mmr,0.7991,0.79,0,44312,146.8,51396,19534,0.3266093223247691,0.9640943428594873,0.0625218222631567,0.8831231517250869,1645116
Electricity,config_12,1,disagreement,45,mmr,train_w,True,True,False,mmr,0.7565,0.7387,0,44312,98.6,49795,19946,0.3376259510849248,0.9672615884873146,0.0545129599971619,0.8665985298461193,1579922
Electricity,config_12,1,disagreement,46,mmr,train_w,True,True,False,mmr,0.7539,0.7336,0,44312,96.0,40398,16706,0.3321476809896016,0.9633929749442725,0.0398539779991614,0.8539225748694698,1445542
Electricity,config_13,5,disagreement,45,none,self_train_A,False,True,False,none,0.7774,0.509,0,44312,136.6,945753,41996,0.0,0.0,,,669882
Electricity,config_13,5,disagreement,46,none,self_train_A,False,True,False,none,0.7809,0.5121,0,44312,134.8,926580,42050,0.0,0.0,,,516508
Electricity,config_13,1,disagreement,45,none,self_train_A,False,True,False,none,0.7493,0.481,0,44312,85.6,896215,43817,0.0,0.0,,,577749
Electricity,config_13,1,disagreement,46,none,self_train_A,False,True,False,none,0.749,0.4819,0,44312,84.9,876604,43548,0.0,0.0,,,627573
Electricity,config_base,5,disagreement,45,none,none,False,False,False,none,0.7918,0.7795,0,44312,105.8,0,0,,,,,0
Electricity,config_base,5,disagreement,46,none,none,False,False,False,none,0.7865,0.517,0,44312,107.3,0,0,,,,,0
Electricity,config_base,1,disagreement,45,none,none,False,False,False,none,0.7575,0.4891,0,44312,60.3,0,0,,,,,0
Electricity,config_base,1,disagreement,46,none,none,False,False,False,none,0.7555,0.4876,0,44312,60.6,0,0,,,,,0
AGR_g,config_0,5,disagreement,45,capymoa,capymoa,False,True,False,capymoa_sleade,0.7756,0.7723,-1,99000,99.4,0,0,,,,,0
AGR_g,config_0,5,disagreement,46,capymoa,capymoa,False,True,False,capymoa_sleade,0.7885,0.7849,-1,99000,92.7,0,0,,,,,0
AGR_g,config_0,1,disagreement,45,capymoa,capymoa,False,True,False,capymoa_sleade,0.6987,0.6828,-1,99000,78.2,0,0,,,,,0
AGR_g,config_0,1,disagreement,46,capymoa,capymoa,False,True,False,capymoa_sleade,0.7322,0.7285,-1,99000,77.2,0,0,,,,,0
AGR_g,config_1,5,disagreement,45,margin,none,False,False,False,margin,0.8019,0.7966,4,99000,215.9,0,0,,,,,0
AGR_g,config_1,5,disagreement,46,margin,none,False,False,False,margin,0.7728,0.7672,3,99000,237.0,0,0,,,,,0
AGR_g,config_1,1,disagreement,46,margin,none,False,False,False,margin,0.7229,0.7086,2,99000,173.5,0,0,,,,,0
AGR_g,config_1,1,disagreement,45,margin,none,False,False,False,margin,0.7343,0.722,3,99000,213.4,0,0,,,,,0
AGR_g,config_2,5,disagreement,45,mlhat_A,none,False,False,False,mlhat_A,0.791,0.7801,5,99000,194.2,0,0,,,,,0
AGR_g,config_2,5,disagreement,46,mlhat_A,none,False,False,False,mlhat_A,0.7673,0.7551,6,99000,227.2,0,0,,,,,0
AGR_g,config_2,1,disagreement,45,mlhat_A,none,False,False,False,mlhat_A,0.7263,0.6965,2,99000,216.5,0,0,,,,,0
AGR_g,config_2,1,disagreement,46,mlhat_A,none,False,False,False,mlhat_A,0.7033,0.6672,3,99000,175.3,0,0,,,,,0
AGR_g,config_3,5,disagreement,46,sqrtAM,none,False,False,False,sqrtAM,0.771,0.7665,4,99000,194.1,0,0,,,,,0
AGR_g,config_3,5,disagreement,45,sqrtAM,none,False,False,False,sqrtAM,0.8026,0.7982,4,99000,227.8,0,0,,,,,0
AGR_g,config_3,1,disagreement,46,sqrtAM,none,False,False,False,sqrtAM,0.7226,0.7092,2,99000,176.8,0,0,,,,,0
AGR_g,config_3,1,disagreement,45,sqrtAM,none,False,False,False,sqrtAM,0.7389,0.7282,1,99000,214.1,0,0,,,,,0
AGR_g,config_4,5,disagreement,45,mmr,none,True,False,False,mmr,0.8096,0.8044,5,99000,188.3,0,0,,,,,0
AGR_g,config_4,5,disagreement,46,mmr,none,True,False,False,mmr,0.7841,0.7781,4,99000,240.5,0,0,,,,,0
AGR_g,config_4,1,disagreement,45,mmr,none,True,False,False,mmr,0.7422,0.7298,2,99000,225.3,0,0,,,,,0
AGR_g,config_4,1,disagreement,46,mmr,none,True,False,False,mmr,0.7287,0.7146,2,99000,188.0,0,0,,,,,0
AGR_g,config_5,5,disagreement,45,none,self_train_M,False,True,False,none,0.7906,0.7777,9,99000,247.0,1988182,94050,0.0,0.0,,,1804561
AGR_g,config_5,5,disagreement,46,none,self_train_M,False,True,False,none,0.7664,0.7518,5,99000,281.5,1831277,94050,0.0,0.0,,,1666266
AGR_g,config_5,1,disagreement,46,none,self_train_M,False,True,False,none,0.6936,0.6496,2,99000,201.0,1771776,98010,0.0,0.0,,,1252457
AGR_g,config_5,1,disagreement,45,none,self_train_M,False,True,False,none,0.6903,0.6464,3,99000,264.9,1809213,98010,0.0,0.0,,,1354903
AGR_g,config_6,5,disagreement,45,none,disagree_c,False,True,False,none,0.7734,0.7619,4,99000,225.3,12939,9293,0.2633470030863661,0.9633772262953388,-0.0497116972834841,0.7366192352992487,1596126
AGR_g,config_6,5,disagreement,46,none,disagree_c,False,True,False,none,0.7496,0.7354,4,99000,265.3,11407,8302,0.250835398668957,0.96193504895672,-0.0529801059248078,0.7291970277432134,1498610
AGR_g,config_6,1,disagreement,45,none,disagree_c,False,True,False,none,0.7188,0.695,2,99000,185.0,14721,10512,0.2637144633032363,0.9626782288497636,-0.0435265555643229,0.7162700381189623,1229448
AGR_g,config_6,1,disagreement,46,none,disagree_c,False,True,False,none,0.7136,0.6923,2,99000,211.4,15213,10540,0.2673105926784693,0.9606643138695402,-0.0442941574903994,0.7058309555483893,1095217
AGR_g,config_7,5,disagreement,45,none,train_C,False,True,False,none,0.7917,0.7799,5,99000,263.9,1861774,94050,0.0,0.0,,,1674059
AGR_g,config_7,5,disagreement,46,none,train_C,False,True,False,none,0.7689,0.7544,5,99000,239.9,1787120,94050,0.0,0.0,,,1678217
AGR_g,config_7,1,disagreement,45,none,train_C,False,True,False,none,0.6936,0.651,2,99000,264.8,1807127,98010,0.0,0.0,,,1399564
AGR_g,config_7,1,disagreement,46,none,train_C,False,True,False,none,0.698,0.6512,3,99000,232.8,1774822,98010,0.0,0.0,,,1415812
AGR_g,config_8,5,disagreement,45,none,train_w,False,True,False,none,0.7759,0.7679,5,99000,225.2,35524,16234,0.3581435047705002,0.951153011771358,-0.0147329695177323,0.7947414636281638,1679275
AGR_g,config_8,5,disagreement,46,none,train_w,False,True,False,none,0.7614,0.7512,3,99000,236.1,31944,15293,0.3453399771184154,0.9522568790091528,-0.017776139048958,0.7827312000820642,1616000
AGR_g,config_8,1,disagreement,45,none,train_w,False,True,False,none,0.729,0.7135,2,99000,182.9,48112,21480,0.3145091887388844,0.9527572748474732,-0.0049951445257335,0.775073105954226,1309426
AGR_g,config_8,1,disagreement,46,none,train_w,False,True,False,none,0.7137,0.6983,2,99000,202.4,36079,18014,0.3168007309179695,0.9527856784425002,-0.0097698540380254,0.7553492428467524,1073257
AGR_g,config_9,5,disagreement,45,sqrtAM,train_C,False,True,False,sqrtAM,0.8053,0.7984,8,99000,261.9,1927161,94050,0.0,0.0,,,2617155
AGR_g,config_9,5,disagreement,46,sqrtAM,train_C,False,True,False,sqrtAM,0.7958,0.7899,6,99000,254.6,1824416,94050,0.0,0.0,,,2384212
AGR_g,config_9,1,disagreement,46,sqrtAM,train_C,False,True,False,sqrtAM,0.7179,0.7034,3,99000,213.9,1762476,98010,0.0,0.0,,,1924034
AGR_g,config_9,1,disagreement,45,sqrtAM,train_C,False,True,False,sqrtAM,0.7226,0.7102,2,99000,273.4,1786927,98010,0.0,0.0,,,1919950
AGR_g,config_10,5,disagreement,46,mmr,train_C,True,True,False,mmr,0.8084,0.8011,3,99000,284.7,1822305,94050,0.0,0.0,,,2487799
AGR_g,config_10,5,disagreement,45,mmr,train_C,True,True,False,mmr,0.8119,0.8058,5,99000,324.8,1903619,94050,0.0,0.0,,,2663955
AGR_g,config_10,1,disagreement,46,mmr,train_C,True,True,False,mmr,0.7131,0.698,2,99000,250.3,1770777,98010,0.0,0.0,,,1791605
AGR_g,config_10,1,disagreement,45,mmr,train_C,True,True,False,mmr,0.7285,0.7148,3,99000,294.9,1863424,98010,0.0,0.0,,,2099464
AGR_g,config_11,5,disagreement,45,sqrtAM,train_w,False,True,False,sqrtAM,0.7947,0.7923,6,99000,238.5,37107,17368,0.3590145849054859,0.9506597915216414,-0.0148956293183079,0.7978328103747299,2391118
AGR_g,config_11,5,disagreement,46,sqrtAM,train_w,False,True,False,sqrtAM,0.7964,0.7919,6,99000,277.0,32477,15900,0.3447657242867962,0.9526501603814568,-0.0176101082182055,0.7876533021434522,2315783
AGR_g,config_11,1,disagreement,45,sqrtAM,train_w,False,True,False,sqrtAM,0.7329,0.7258,2,99000,256.1,37475,18008,0.3107916062514677,0.9501911426641548,-0.0135823227234982,0.7673431352523821,1926917
AGR_g,config_11,1,disagreement,46,sqrtAM,train_w,False,True,False,sqrtAM,0.7306,0.7246,2,99000,218.7,33665,16902,0.3274586015891254,0.9517620454481748,-0.0154732825732584,0.762284389944308,1907177
AGR_g,config_12,5,disagreement,45,mmr,train_w,True,True,False,mmr,0.8341,0.8297,10,99000,279.2,40315,19486,0.3584154153384507,0.9507094367724273,-0.0160515494584501,0.8160038013159239,2794654
AGR_g,config_12,5,disagreement,46,mmr,train_w,True,True,False,mmr,0.7898,0.7843,4,99000,292.9,28444,14030,0.3605838566243718,0.9512062027654888,-0.0167775101785995,0.7832598429268931,2250237
AGR_g,config_12,1,disagreement,46,mmr,train_w,True,True,False,mmr,0.7264,0.7191,2,99000,200.1,29763,15403,0.3149757484422656,0.9505984549108448,-0.0166593612179976,0.7545248705792419,1773317
AGR_g,config_12,1,disagreement,45,mmr,train_w,True,True,False,mmr,0.7435,0.7362,2,99000,276.0,34148,16961,0.3313351859283973,0.951800854956208,-0.0125649255247526,0.7696073239967987,2083764
AGR_g,config_13,5,disagreement,46,none,self_train_A,False,True,False,none,0.7707,0.7594,5,99000,252.4,2092726,94048,0.0,0.0,,,1627228
AGR_g,config_13,5,disagreement,45,none,self_train_A,False,True,False,none,0.8006,0.7915,5,99000,282.7,2095367,94031,0.0,0.0,,,1749113
AGR_g,config_13,1,disagreement,46,none,self_train_A,False,True,False,none,0.6983,0.6626,4,99000,235.7,1945610,97985,0.0,0.0,,,1290553
AGR_g,config_13,1,disagreement,45,none,self_train_A,False,True,False,none,0.6956,0.6598,2,99000,265.8,1985570,97922,0.0,0.0,,,1214951
AGR_g,config_base,5,disagreement,45,none,none,False,False,False,none,0.7769,0.7643,4,99000,178.7,0,0,,,,,0
AGR_g,config_base,5,disagreement,46,none,none,False,False,False,none,0.7513,0.7379,4,99000,242.8,0,0,,,,,0
AGR_g,config_base,1,disagreement,45,none,none,False,False,False,none,0.71,0.6693,3,99000,215.4,0,0,,,,,0
AGR_a,config_0,5,disagreement,45,capymoa,capymoa,False,True,False,capymoa_sleade,0.7816,0.7802,-1,99000,89.4,0,0,,,,,0
AGR_g,config_base,1,disagreement,46,none,none,False,False,False,none,0.6941,0.6536,3,99000,184.1,0,0,,,,,0
AGR_a,config_0,5,disagreement,46,capymoa,capymoa,False,True,False,capymoa_sleade,0.7458,0.7445,-1,99000,102.0,0,0,,,,,0
AGR_a,config_0,1,disagreement,45,capymoa,capymoa,False,True,False,capymoa_sleade,0.7016,0.701,-1,99000,77.0,0,0,,,,,0
AGR_a,config_0,1,disagreement,46,capymoa,capymoa,False,True,False,capymoa_sleade,0.6883,0.6883,-1,99000,73.0,0,0,,,,,0
AGR_a,config_1,5,disagreement,45,margin,none,False,False,False,margin,0.793,0.7902,5,99000,229.6,0,0,,,,,0
AGR_a,config_1,5,disagreement,46,margin,none,False,False,False,margin,0.7654,0.7629,3,99000,247.9,0,0,,,,,0
AGR_a,config_1,1,disagreement,45,margin,none,False,False,False,margin,0.693,0.6917,0,99000,154.1,0,0,,,,,0
AGR_a,config_1,1,disagreement,46,margin,none,False,False,False,margin,0.6814,0.6811,0,99000,175.1,0,0,,,,,0
AGR_a,config_2,5,disagreement,45,mlhat_A,none,False,False,False,mlhat_A,0.7824,0.7822,11,99000,225.8,0,0,,,,,0
AGR_a,config_2,5,disagreement,46,mlhat_A,none,False,False,False,mlhat_A,0.7707,0.7702,1,99000,236.4,0,0,,,,,0
AGR_a,config_2,1,disagreement,45,mlhat_A,none,False,False,False,mlhat_A,0.672,0.6712,0,99000,152.0,0,0,,,,,0
AGR_a,config_2,1,disagreement,46,mlhat_A,none,False,False,False,mlhat_A,0.6483,0.6451,0,99000,152.0,0,0,,,,,0
AGR_a,config_3,5,disagreement,45,sqrtAM,none,False,False,False,sqrtAM,0.8052,0.8022,2,99000,229.0,0,0,,,,,0
AGR_a,config_3,5,disagreement,46,sqrtAM,none,False,False,False,sqrtAM,0.7698,0.7667,4,99000,235.1,0,0,,,,,0
AGR_a,config_3,1,disagreement,45,sqrtAM,none,False,False,False,sqrtAM,0.6959,0.6943,0,99000,152.1,0,0,,,,,0
AGR_a,config_3,1,disagreement,46,sqrtAM,none,False,False,False,sqrtAM,0.6802,0.6797,0,99000,177.0,0,0,,,,,0
AGR_a,config_4,5,disagreement,45,mmr,none,True,False,False,mmr,0.798,0.7962,5,99000,233.5,0,0,,,,,0
AGR_a,config_4,5,disagreement,46,mmr,none,True,False,False,mmr,0.7892,0.7871,3,99000,256.3,0,0,,,,,0
AGR_a,config_4,1,disagreement,45,mmr,none,True,False,False,mmr,0.6982,0.6975,0,99000,167.9,0,0,,,,,0
AGR_a,config_4,1,disagreement,46,mmr,none,True,False,False,mmr,0.6845,0.6842,0,99000,189.1,0,0,,,,,0
AGR_a,config_5,5,disagreement,45,none,self_train_M,False,True,False,none,0.728,0.7274,5,99000,259.5,1816499,94050,0.0,0.0,,,1059153
AGR_a,config_5,5,disagreement,46,none,self_train_M,False,True,False,none,0.7492,0.7489,5,99000,276.4,1835494,94050,0.0,0.0,,,973244
AGR_a,config_5,1,disagreement,45,none,self_train_M,False,True,False,none,0.6455,0.6411,0,99000,261.1,1762540,98010,0.0,0.0,,,817322
AGR_a,config_5,1,disagreement,46,none,self_train_M,False,True,False,none,0.6557,0.6521,0,99000,218.5,1673209,98010,0.0,0.0,,,735725
AGR_a,config_6,5,disagreement,45,none,disagree_c,False,True,False,none,0.7444,0.744,4,99000,239.6,13732,10002,0.3498767114400778,0.9587874283075064,-0.0562155612499425,0.7218950057085101,1023574
AGR_a,config_6,5,disagreement,46,none,disagree_c,False,True,False,none,0.755,0.7545,2,99000,262.7,12130,8641,0.3306654424602689,0.957196463598488,-0.0693712101744679,0.6979557095411693,827026
AGR_a,config_6,1,disagreement,45,none,disagree_c,False,True,False,none,0.6774,0.6774,0,99000,241.1,10501,7439,0.263742060622902,0.9589497223582704,-0.0617785789887683,0.6920528517427377,777530
AGR_a,config_6,1,disagreement,46,none,disagree_c,False,True,False,none,0.6696,0.6696,0,99000,197.6,10173,6960,0.2764490617520645,0.9566940210226568,-0.0609655688910893,0.6826373686872279,659108
AGR_a,config_7,5,disagreement,45,none,train_C,False,True,False,none,0.7491,0.7487,2,99000,270.3,1758623,94050,0.0,0.0,,,893793
AGR_a,config_7,5,disagreement,46,none,train_C,False,True,False,none,0.7806,0.7801,7,99000,288.9,1904676,94050,0.0,0.0,,,1216325
AGR_a,config_7,1,disagreement,45,none,train_C,False,True,False,none,0.6468,0.644,0,99000,258.8,1765836,98010,0.0,0.0,,,815821
AGR_a,config_7,1,disagreement,46,none,train_C,False,True,False,none,0.6443,0.6396,0,99000,217.7,1649311,98010,0.0,0.0,,,722558
AGR_a,config_8,5,disagreement,45,none,train_w,False,True,False,none,0.7584,0.7559,0,99000,239.7,44447,20011,0.3816681898944883,0.9493808171868916,-0.0261063087947189,0.757497528469255,817355
AGR_a,config_8,5,disagreement,46,none,train_w,False,True,False,none,0.7593,0.758,4,99000,223.9,43799,21196,0.3927497951223965,0.9511551101676884,-0.0228762884809148,0.7657789921674202,1022459
AGR_a,config_8,1,disagreement,45,none,train_w,False,True,False,none,0.6715,0.6709,0,99000,237.2,38595,18245,0.3683463609853895,0.9501376726764696,-0.021612192044084,0.7486417715095156,766374
AGR_a,config_8,1,disagreement,46,none,train_w,False,True,False,none,0.675,0.6736,0,99000,201.8,36538,17443,0.3660383373270233,0.9507634306779426,-0.0258955891575449,0.7447233567303532,661577
AGR_a,config_9,5,disagreement,45,sqrtAM,train_C,False,True,False,sqrtAM,0.7843,0.7806,4,99000,289.2,1746138,94050,0.0,0.0,,,2005318
AGR_a,config_9,5,disagreement,46,sqrtAM,train_C,False,True,False,sqrtAM,0.774,0.7716,1,99000,264.3,1715236,94050,0.0,0.0,,,1970811
AGR_a,config_9,1,disagreement,46,sqrtAM,train_C,False,True,False,sqrtAM,0.6763,0.6752,0,99000,226.6,1696055,98010,0.0,0.0,,,1288908
AGR_a,config_9,1,disagreement,45,sqrtAM,train_C,False,True,False,sqrtAM,0.6808,0.6796,0,99000,277.5,1749721,98010,0.0,0.0,,,1578334
AGR_a,config_10,5,disagreement,45,mmr,train_C,True,True,False,mmr,0.8008,0.7993,6,99000,318.2,1880433,94050,0.0,0.0,,,2314326
AGR_a,config_10,5,disagreement,46,mmr,train_C,True,True,False,mmr,0.8181,0.817,4,99000,333.6,1812223,94050,0.0,0.0,,,2453063
AGR_a,config_10,1,disagreement,46,mmr,train_C,True,True,False,mmr,0.6821,0.6821,0,99000,246.5,1651309,98010,0.0,0.0,,,1342319
AGR_a,config_10,1,disagreement,45,mmr,train_C,True,True,False,mmr,0.691,0.6906,0,99000,297.2,1752466,98010,0.0,0.0,,,1592352
AGR_a,config_11,5,disagreement,45,sqrtAM,train_w,False,True,False,sqrtAM,0.7925,0.7881,4,99000,264.8,49383,23367,0.393912462028653,0.9493246484949348,-0.0257473661208332,0.7750315061265719,2078425
AGR_a,config_11,5,disagreement,46,sqrtAM,train_w,False,True,False,sqrtAM,0.7783,0.7741,2,99000,279.9,44190,22701,0.4008117324404317,0.95314672685055,-0.0219409476096646,0.7726746136445226,2008707
AGR_a,config_11,1,disagreement,46,sqrtAM,train_w,False,True,False,sqrtAM,0.6877,0.6814,0,99000,215.8,39754,17864,0.3609465746092829,0.9496582312081104,-0.0203946805839171,0.7457935482041812,1428314
AGR_a,config_11,1,disagreement,45,sqrtAM,train_w,False,True,False,sqrtAM,0.6973,0.6918,0,99000,260.3,45214,18714,0.3449910669261345,0.946420628950818,-0.0198681646598923,0.7552016007301788,1642284
AGR_a,config_12,5,disagreement,45,mmr,train_w,True,True,False,mmr,0.8033,0.8004,4,99000,296.2,48181,23769,0.3981879063155775,0.951295741568923,-0.0251695301525901,0.7779962193478958,2179038
AGR_a,config_12,5,disagreement,46,mmr,train_w,True,True,False,mmr,0.7825,0.7781,4,99000,304.5,45272,22860,0.3907679852400218,0.9519232016061622,-0.0215314706862311,0.7727625662906537,2073093
AGR_a,config_12,1,disagreement,45,mmr,train_w,True,True,False,mmr,0.6954,0.6911,0,99000,211.8,36585,17442,0.3491175718868223,0.9464623070015806,-0.0269758888835968,0.7448622852385398,1557537
AGR_a,config_12,1,disagreement,46,mmr,train_w,True,True,False,mmr,0.6832,0.6787,0,99000,231.9,36412,17186,0.3507639234397793,0.9485367557096644,-0.0222107091747422,0.7429464304905984,1518719
AGR_a,config_13,5,disagreement,45,none,self_train_A,False,True,False,none,0.7606,0.7594,2,99000,269.3,2002721,94044,0.0,0.0,,,962542
AGR_a,config_13,5,disagreement,46,none,self_train_A,False,True,False,none,0.7656,0.7653,5,99000,262.1,2062557,94043,0.0,0.0,,,1248019
AGR_a,config_13,1,disagreement,45,none,self_train_A,False,True,False,none,0.6474,0.6448,0,99000,263.3,1877609,97915,0.0,0.0,,,855645
AGR_a,config_13,1,disagreement,46,none,self_train_A,False,True,False,none,0.6539,0.6527,0,99000,221.3,1807304,98010,0.0,0.0,,,718156
AGR_a,config_base,5,disagreement,45,none,none,False,False,False,none,0.7497,0.7496,6,99000,225.0,0,0,,,,,0
AGR_a,config_base,5,disagreement,46,none,none,False,False,False,none,0.7553,0.7553,5,99000,235.1,0,0,,,,,0
AGR_a,config_base,1,disagreement,45,none,none,False,False,False,none,0.6592,0.6572,0,99000,151.3,0,0,,,,,0
AGR_a,config_base,1,disagreement,46,none,none,False,False,False,none,0.6408,0.6361,0,99000,155.6,0,0,,,,,0
LED_a,config_0,5,disagreement,45,capymoa,capymoa,False,True,False,capymoa_sleade,0.6789,0.6745,-1,99000,253.2,0,0,,,,,0
LED_a,config_0,5,disagreement,46,capymoa,capymoa,False,True,False,capymoa_sleade,0.6816,0.6796,-1,99000,259.6,0,0,,,,,0
LED_a,config_0,1,disagreement,45,capymoa,capymoa,False,True,False,capymoa_sleade,0.5944,0.5854,-1,99000,275.6,0,0,,,,,0
LED_a,config_0,1,disagreement,46,capymoa,capymoa,False,True,False,capymoa_sleade,0.6051,0.6005,-1,99000,264.5,0,0,,,,,0
LED_a,config_1,5,disagreement,45,margin,none,False,False,False,margin,0.6605,0.6533,0,99000,230.1,0,0,,,,,0
LED_a,config_1,5,disagreement,46,margin,none,False,False,False,margin,0.6791,0.6753,0,99000,231.7,0,0,,,,,0
LED_a,config_1,1,disagreement,45,margin,none,False,False,False,margin,0.5538,0.5393,0,99000,181.0,0,0,,,,,0
LED_a,config_1,1,disagreement,46,margin,none,False,False,False,margin,0.571,0.5653,0,99000,181.0,0,0,,,,,0
LED_a,config_2,5,disagreement,45,mlhat_A,none,False,False,False,mlhat_A,0.6628,0.661,1,99000,229.0,0,0,,,,,0
LED_a,config_2,5,disagreement,46,mlhat_A,none,False,False,False,mlhat_A,0.6676,0.6672,1,99000,230.8,0,0,,,,,0
LED_a,config_2,1,disagreement,45,mlhat_A,none,False,False,False,mlhat_A,0.5603,0.5505,0,99000,185.5,0,0,,,,,0
LED_a,config_2,1,disagreement,46,mlhat_A,none,False,False,False,mlhat_A,0.5835,0.5813,1,99000,186.9,0,0,,,,,0
LED_a,config_3,5,disagreement,45,sqrtAM,none,False,False,False,sqrtAM,0.6713,0.6659,0,99000,235.4,0,0,,,,,0
LED_a,config_3,5,disagreement,46,sqrtAM,none,False,False,False,sqrtAM,0.6846,0.6818,0,99000,238.4,0,0,,,,,0
LED_a,config_3,1,disagreement,45,sqrtAM,none,False,False,False,sqrtAM,0.5677,0.5558,0,99000,182.8,0,0,,,,,0
LED_a,config_3,1,disagreement,46,sqrtAM,none,False,False,False,sqrtAM,0.5803,0.5757,0,99000,182.7,0,0,,,,,0
LED_a,config_4,5,disagreement,45,mmr,none,True,False,False,mmr,0.6662,0.6632,1,99000,247.0,0,0,,,,,0
LED_a,config_4,5,disagreement,46,mmr,none,True,False,False,mmr,0.6866,0.6839,0,99000,245.1,0,0,,,,,0
LED_a,config_4,1,disagreement,45,mmr,none,True,False,False,mmr,0.5771,0.5664,0,99000,198.4,0,0,,,,,0
LED_a,config_4,1,disagreement,46,mmr,none,True,False,False,mmr,0.593,0.589,0,99000,196.8,0,0,,,,,0
LED_a,config_5,5,disagreement,45,none,self_train_M,False,True,False,none,0.6379,0.6354,1,99000,268.2,1284700,94036,0.0,0.0,,,216000
LED_a,config_5,5,disagreement,46,none,self_train_M,False,True,False,none,0.6297,0.628,1,99000,273.7,1324809,94040,0.0,0.0,,,275825
LED_a,config_5,1,disagreement,45,none,self_train_M,False,True,False,none,0.5271,0.5135,0,99000,201.5,902211,97889,0.0,0.0,,,15530
LED_a,config_5,1,disagreement,46,none,self_train_M,False,True,False,none,0.5287,0.5253,0,99000,207.8,1126952,98005,0.0,0.0,,,89870
LED_a,config_6,5,disagreement,45,none,disagree_c,False,True,False,none,0.6488,0.6475,1,99000,249.3,5793,3439,0.4554176027371996,0.9506895956476604,-0.023283506500477,0.5676076799453171,259415
LED_a,config_6,5,disagreement,46,none,disagree_c,False,True,False,none,0.6526,0.6496,0,99000,251.1,4591,2638,0.5389065328284623,0.9498343836141614,-0.0334326318972395,0.532068659981426,180686
LED_a,config_6,1,disagreement,45,none,disagree_c,False,True,False,none,0.5434,0.5313,0,99000,192.7,931,448,0.5689551955504577,0.9363680136301256,-0.0497152403459075,0.469033783792202,28036
LED_a,config_6,1,disagreement,46,none,disagree_c,False,True,False,none,0.5364,0.5295,0,99000,196.0,1751,1259,0.4599574239555488,0.953346855983764,-0.0576056428015107,0.4905593377177867,102468
LED_a,config_7,5,disagreement,45,none,train_C,False,True,False,none,0.638,0.6354,1,99000,272.4,1283741,94044,0.0,0.0,,,290007
LED_a,config_7,5,disagreement,46,none,train_C,False,True,False,none,0.6564,0.6549,0,99000,262.9,1137914,94046,0.0,0.0,,,137185
LED_a,config_7,1,disagreement,45,none,train_C,False,True,False,none,0.5248,0.5127,0,99000,204.0,939884,97925,0.0,0.0,,,17892
LED_a,config_7,1,disagreement,46,none,train_C,False,True,False,none,0.5228,0.5179,0,99000,207.4,1028243,97923,0.0,0.0,,,106367
LED_a,config_8,5,disagreement,45,none,train_w,False,True,False,none,0.6465,0.6437,1,99000,255.3,112196,28985,0.4973985328490988,0.9613880972655569,0.0991879078737344,0.7151880810973933,260738
LED_a,config_8,5,disagreement,46,none,train_w,False,True,False,none,0.66,0.6566,0,99000,252.7,105516,25659,0.5051824900998334,0.9603201346061302,0.0879830816396888,0.6927779347317528,164411
LED_a,config_8,1,disagreement,45,none,train_w,False,True,False,none,0.5749,0.5637,0,99000,196.4,48098,12058,0.5227918043047961,0.9563332195672504,0.004189624694965,0.5898041665690957,27788
LED_a,config_8,1,disagreement,46,none,train_w,False,True,False,none,0.5529,0.5475,0,99000,197.8,51218,14946,0.4920768957885142,0.9602169894537363,0.0192150626687061,0.6165229430286188,50122
LED_a,config_9,5,disagreement,45,sqrtAM,train_C,False,True,False,sqrtAM,0.6811,0.676,0,99000,277.3,1070340,94014,0.0,0.0,,,733136
LED_a,config_9,5,disagreement,46,sqrtAM,train_C,False,True,False,sqrtAM,0.6701,0.6672,0,99000,285.8,1148676,94041,0.0,0.0,,,1005784
LED_a,config_9,1,disagreement,45,sqrtAM,train_C,False,True,False,sqrtAM,0.5658,0.5546,0,99000,221.8,920695,97947,0.0,0.0,,,602694
LED_a,config_9,1,disagreement,46,sqrtAM,train_C,False,True,False,sqrtAM,0.5546,0.5495,0,99000,226.0,1058395,98004,0.0,0.0,,,617773
LED_a,config_10,5,disagreement,45,mmr,train_C,True,True,False,mmr,0.6746,0.6689,0,99000,307.9,1041178,94022,0.0,0.0,,,1136198
LED_a,config_10,5,disagreement,46,mmr,train_C,True,True,False,mmr,0.6647,0.6621,0,99000,322.3,1134668,94040,0.0,0.0,,,1445528
LED_a,config_10,1,disagreement,45,mmr,train_C,True,True,False,mmr,0.5645,0.5542,0,99000,247.9,928618,97963,0.0,0.0,,,849044
LED_a,config_10,1,disagreement,46,mmr,train_C,True,True,False,mmr,0.5827,0.5775,0,99000,259.3,1087295,98010,0.0,0.0,,,965004
LED_a,config_11,5,disagreement,45,sqrtAM,train_w,False,True,False,sqrtAM,0.673,0.6665,0,99000,267.3,114379,25225,0.5370793432148167,0.963909090185167,0.1136487281096528,0.6819228673037355,706707
LED_a,config_11,5,disagreement,46,sqrtAM,train_w,False,True,False,sqrtAM,0.6832,0.6804,0,99000,273.4,104076,25659,0.4944903805194932,0.9579266902088486,0.0936758781696474,0.6914318419898244,906319
LED_a,config_11,1,disagreement,45,sqrtAM,train_w,False,True,False,sqrtAM,0.5935,0.5814,0,99000,206.5,47770,12623,0.5023875314485936,0.9564097123029468,0.0130843031614387,0.5991799555763825,272250
LED_a,config_11,1,disagreement,46,sqrtAM,train_w,False,True,False,sqrtAM,0.593,0.5889,0,99000,213.8,50687,15016,0.4922299741982641,0.9585805263288943,0.0233556800486811,0.6179305289901156,516259
LED_a,config_12,5,disagreement,45,mmr,train_w,True,True,False,mmr,0.6756,0.6687,0,99000,295.2,117248,25548,0.5418313875836585,0.9668183810284966,0.1197773044569782,0.6838264895267887,975161
LED_a,config_12,5,disagreement,46,mmr,train_w,True,True,False,mmr,0.6807,0.6775,0,99000,305.0,97656,24040,0.4991725829591764,0.959810458727876,0.0811281140594923,0.6818768271054233,1258928
LED_a,config_12,1,disagreement,45,mmr,train_w,True,True,False,mmr,0.603,0.5925,0,99000,235.5,52523,12787,0.5265326743064688,0.957685052872212,0.0196282693306514,0.5973627903575752,625488
LED_a,config_12,1,disagreement,46,mmr,train_w,True,True,False,mmr,0.6084,0.6042,0,99000,235.0,49031,14377,0.4885586947851708,0.9560438870988172,0.0178526050136376,0.6176661091473756,690049
LED_a,config_13,5,disagreement,45,none,self_train_A,False,True,False,none,0.6346,0.6323,1,99000,272.3,1221507,93296,0.0,0.0,,,246539
LED_a,config_13,5,disagreement,46,none,self_train_A,False,True,False,none,0.6459,0.643,0,99000,266.8,1147249,93500,0.0,0.0,,,96745
LED_a,config_13,1,disagreement,45,none,self_train_A,False,True,False,none,0.527,0.5156,0,99000,202.6,872208,95775,0.0,0.0,,,17000
LED_a,config_13,1,disagreement,46,none,self_train_A,False,True,False,none,0.5237,0.5191,0,99000,210.4,921056,95567,0.0,0.0,,,118884
LED_a,config_base,5,disagreement,45,none,none,False,False,False,none,0.6469,0.6441,1,99000,234.5,0,0,,,,,0
LED_a,config_base,5,disagreement,46,none,none,False,False,False,none,0.6504,0.6476,1,99000,235.8,0,0,,,,,0
LED_a,config_base,1,disagreement,45,none,none,False,False,False,none,0.5345,0.523,0,99000,184.2,0,0,,,,,0
LED_a,config_base,1,disagreement,46,none,none,False,False,False,none,0.5478,0.5425,0,99000,195.0,0,0,,,,,0
LED_g,config_0,5,disagreement,45,capymoa,capymoa,False,True,False,capymoa_sleade,0.6594,0.6567,-1,99000,229.1,0,0,,,,,0
LED_g,config_0,5,disagreement,46,capymoa,capymoa,False,True,False,capymoa_sleade,0.6581,0.6553,-1,99000,260.2,0,0,,,,,0
LED_g,config_0,1,disagreement,45,capymoa,capymoa,False,True,False,capymoa_sleade,0.5338,0.5245,-1,99000,286.3,0,0,,,,,0
LED_g,config_0,1,disagreement,46,capymoa,capymoa,False,True,False,capymoa_sleade,0.5464,0.5387,-1,99000,258.1,0,0,,,,,0
LED_g,config_1,5,disagreement,45,margin,none,False,False,False,margin,0.6267,0.618,2,99000,246.2,0,0,,,,,0
LED_g,config_1,5,disagreement,46,margin,none,False,False,False,margin,0.6408,0.6358,2,99000,230.8,0,0,,,,,0
LED_g,config_1,1,disagreement,45,margin,none,False,False,False,margin,0.4963,0.4807,0,99000,181.0,0,0,,,,,0
LED_g,config_1,1,disagreement,46,margin,none,False,False,False,margin,0.5125,0.5053,0,99000,180.7,0,0,,,,,0
LED_g,config_2,5,disagreement,45,mlhat_A,none,False,False,False,mlhat_A,0.6326,0.6301,1,99000,229.5,0,0,,,,,0
LED_g,config_2,5,disagreement,46,mlhat_A,none,False,False,False,mlhat_A,0.6371,0.6354,1,99000,230.3,0,0,,,,,0
LED_g,config_2,1,disagreement,45,mlhat_A,none,False,False,False,mlhat_A,0.5032,0.4945,0,99000,187.9,0,0,,,,,0
LED_g,config_2,1,disagreement,46,mlhat_A,none,False,False,False,mlhat_A,0.5024,0.4986,1,99000,181.2,0,0,,,,,0
LED_g,config_3,5,disagreement,45,sqrtAM,none,False,False,False,sqrtAM,0.6368,0.6304,2,99000,227.4,0,0,,,,,0
LED_g,config_3,5,disagreement,46,sqrtAM,none,False,False,False,sqrtAM,0.6491,0.6452,0,99000,230.4,0,0,,,,,0
LED_g,config_3,1,disagreement,45,sqrtAM,none,False,False,False,sqrtAM,0.5142,0.5019,0,99000,180.9,0,0,,,,,0
LED_g,config_3,1,disagreement,46,sqrtAM,none,False,False,False,sqrtAM,0.5268,0.5207,0,99000,182.2,0,0,,,,,0
LED_g,config_4,5,disagreement,45,mmr,none,True,False,False,mmr,0.6389,0.6322,0,99000,240.6,0,0,,,,,0
LED_g,config_4,5,disagreement,46,mmr,none,True,False,False,mmr,0.6507,0.6471,0,99000,242.4,0,0,,,,,0
LED_g,config_4,1,disagreement,45,mmr,none,True,False,False,mmr,0.5264,0.5149,0,99000,191.5,0,0,,,,,0
LED_g,config_4,1,disagreement,46,mmr,none,True,False,False,mmr,0.5394,0.5336,0,99000,192.8,0,0,,,,,0
LED_g,config_5,5,disagreement,45,none,self_train_M,False,True,False,none,0.5695,0.566,1,99000,261.9,1182308,94038,0.0,0.0,,,181368
LED_g,config_5,5,disagreement,46,none,self_train_M,False,True,False,none,0.6022,0.5982,0,99000,259.5,1086617,94033,0.0,0.0,,,92691
LED_g,config_5,1,disagreement,45,none,self_train_M,False,True,False,none,0.4158,0.4028,0,99000,202.4,899586,97956,0.0,0.0,,,25770
LED_g,config_5,1,disagreement,46,none,self_train_M,False,True,False,none,0.4003,0.3945,0,99000,207.7,1015536,97960,0.0,0.0,,,81333
LED_g,config_6,5,disagreement,45,none,disagree_c,False,True,False,none,0.6083,0.6048,1,99000,245.7,5015,3064,0.4446369099627985,0.9515384879843968,-0.0500397294632002,0.5156264765021491,230991
LED_g,config_6,5,disagreement,46,none,disagree_c,False,True,False,none,0.6119,0.6073,0,99000,243.9,2771,1603,0.5163420153807731,0.9491905075971616,-0.054274796757994,0.4948759463976697,107934
LED_g,config_6,1,disagreement,45,none,disagree_c,False,True,False,none,0.4717,0.4603,0,99000,188.2,867,394,0.5675883670384773,0.9359265004176028,-0.0711205425519296,0.4269359682988745,23966
LED_g,config_6,1,disagreement,46,none,disagree_c,False,True,False,none,0.4736,0.4682,0,99000,192.0,1391,1081,0.5186462461259121,0.9555516993480176,-0.0867161976091501,0.448515340330499,91889
LED_g,config_7,5,disagreement,45,none,train_C,False,True,False,none,0.5826,0.5794,1,99000,264.1,1212610,94044,0.0,0.0,,,226219
LED_g,config_7,5,disagreement,46,none,train_C,False,True,False,none,0.5865,0.5815,0,99000,262.9,1081611,94048,0.0,0.0,,,104319
LED_g,config_7,1,disagreement,45,none,train_C,False,True,False,none,0.418,0.4059,0,99000,202.6,871399,97917,0.0,0.0,,,13705
LED_g,config_7,1,disagreement,46,none,train_C,False,True,False,none,0.4065,0.4039,0,99000,206.9,1029532,97968,0.0,0.0,,,97006
LED_g,config_8,5,disagreement,45,none,train_w,False,True,False,none,0.6056,0.5999,1,99000,248.0,85910,22795,0.4924094196812646,0.9607669413827186,0.0662898999701721,0.6627083159107303,219314
LED_g,config_8,5,disagreement,46,none,train_w,False,True,False,none,0.622,0.6175,4,99000,247.6,84253,20935,0.505639532419821,0.9604809456744228,0.0703713413876283,0.6583351568295006,164581
LED_g,config_8,1,disagreement,45,none,train_w,False,True,False,none,0.491,0.4733,0,99000,192.2,33514,8792,0.528188914653173,0.956528399854049,-0.0096643406974975,0.5546580232162931,25451
LED_g,config_8,1,disagreement,46,none,train_w,False,True,False,none,0.4932,0.4891,0,99000,194.5,36968,10113,0.5090554223883335,0.9582908806182192,-0.007557799273365,0.5678233501365653,48672
LED_g,config_9,5,disagreement,45,sqrtAM,train_C,False,True,False,sqrtAM,0.632,0.6247,0,99000,270.5,1032109,93989,0.0,0.0,,,551753
LED_g,config_9,5,disagreement,46,sqrtAM,train_C,False,True,False,sqrtAM,0.6195,0.6153,0,99000,279.2,1062829,94041,0.0,0.0,,,702758
LED_g,config_9,1,disagreement,45,sqrtAM,train_C,False,True,False,sqrtAM,0.4507,0.4386,0,99000,209.1,889340,97749,0.0,0.0,,,282646
LED_g,config_9,1,disagreement,46,sqrtAM,train_C,False,True,False,sqrtAM,0.4364,0.4316,0,99000,220.8,996460,97945,0.0,0.0,,,448136
LED_g,config_10,5,disagreement,45,mmr,train_C,True,True,False,mmr,0.6442,0.6374,0,99000,299.1,1073268,94027,0.0,0.0,,,888135
LED_g,config_10,5,disagreement,46,mmr,train_C,True,True,False,mmr,0.6285,0.6241,1,99000,301.6,1084544,94040,0.0,0.0,,,1017667
LED_g,config_10,1,disagreement,45,mmr,train_C,True,True,False,mmr,0.4656,0.454,0,99000,238.3,869622,97616,0.0,0.0,,,462792
LED_g,config_10,1,disagreement,46,mmr,train_C,True,True,False,mmr,0.4687,0.4634,0,99000,240.0,1029353,98002,0.0,0.0,,,641008
LED_g,config_11,5,disagreement,45,sqrtAM,train_w,False,True,False,sqrtAM,0.6298,0.624,1,99000,260.7,78229,19809,0.5203471708172819,0.9645718595917604,0.0674457330688836,0.644475816977906,567832
LED_g,config_11,5,disagreement,46,sqrtAM,train_w,False,True,False,sqrtAM,0.6421,0.638,1,99000,264.6,81384,19982,0.5120150759404184,0.961519858534062,0.0649030156336985,0.6504149343371216,728475
LED_g,config_11,1,disagreement,45,sqrtAM,train_w,False,True,False,sqrtAM,0.5293,0.516,0,99000,198.7,34044,8898,0.523632855364435,0.9584302662515296,-0.0046818682510822,0.552594900585699,178328
LED_g,config_11,1,disagreement,46,sqrtAM,train_w,False,True,False,sqrtAM,0.5193,0.5132,0,99000,204.6,37774,10250,0.5091209600159926,0.9584114429683362,0.0017229105927693,0.5699025871304642,295069
LED_g,config_12,5,disagreement,45,mmr,train_w,True,True,False,mmr,0.6517,0.6449,2,99000,287.6,103714,23086,0.52574896558982,0.9638477503898591,0.093181182296633,0.6641953902368032,1003155
LED_g,config_12,5,disagreement,46,mmr,train_w,True,True,False,mmr,0.6526,0.6482,0,99000,287.7,83325,20277,0.5025914037201883,0.9601974966126006,0.0672377228234926,0.6515585254827614,981670
LED_g,config_12,1,disagreement,45,mmr,train_w,True,True,False,mmr,0.5261,0.5135,0,99000,222.2,33331,8647,0.5296624861240051,0.9556116888712496,-0.0060031951004272,0.5555863722212607,398004
LED_g,config_12,1,disagreement,46,mmr,train_w,True,True,False,mmr,0.5261,0.5184,0,99000,224.2,34841,10033,0.5124502531069042,0.959096153440827,0.0017420510950362,0.5666392360350844,450348
LED_g,config_13,5,disagreement,45,none,self_train_A,False,True,False,none,0.6016,0.5978,1,99000,260.8,1074822,92860,0.0,0.0,,,212250
LED_g,config_13,5,disagreement,46,none,self_train_A,False,True,False,none,0.6087,0.6049,3,99000,257.7,1044317,93140,0.0,0.0,,,103118
LED_g,config_13,1,disagreement,45,none,self_train_A,False,True,False,none,0.4359,0.4243,0,99000,199.2,667895,92123,0.0,0.0,,,20595
LED_g,config_13,1,disagreement,46,none,self_train_A,False,True,False,none,0.4108,0.4051,0,99000,202.4,675302,89314,0.0,0.0,,,84109
LED_g,config_base,5,disagreement,45,none,none,False,False,False,none,0.6142,0.6103,1,99000,230.7,0,0,,,,,0
LED_g,config_base,5,disagreement,46,none,none,False,False,False,none,0.6151,0.6104,0,99000,230.7,0,0,,,,,0
LED_g,config_base,1,disagreement,45,none,none,False,False,False,none,0.4689,0.46,0,99000,180.8,0,0,,,,,0
RBF_m,config_0,5,disagreement,45,capymoa,capymoa,False,True,False,capymoa_sleade,0.8279,0.8142,-1,99000,118.2,0,0,,,,,0
RBF_m,config_0,5,disagreement,46,capymoa,capymoa,False,True,False,capymoa_sleade,0.8163,0.8023,-1,99000,120.5,0,0,,,,,0
LED_g,config_base,1,disagreement,46,none,none,False,False,False,none,0.4779,0.4709,0,99000,203.8,0,0,,,,,0
RBF_m,config_0,1,disagreement,45,capymoa,capymoa,False,True,False,capymoa_sleade,0.7549,0.7355,-1,99000,125.3,0,0,,,,,0
RBF_m,config_0,1,disagreement,46,capymoa,capymoa,False,True,False,capymoa_sleade,0.7205,0.6984,-1,99000,130.2,0,0,,,,,0
RBF_m,config_1,5,disagreement,45,margin,none,False,False,False,margin,0.8187,0.8021,4,99000,169.4,0,0,,,,,0
RBF_m,config_1,5,disagreement,46,margin,none,False,False,False,margin,0.8244,0.8081,4,99000,170.2,0,0,,,,,0
RBF_m,config_1,1,disagreement,45,margin,none,False,False,False,margin,0.7586,0.7383,3,99000,133.4,0,0,,,,,0
RBF_m,config_1,1,disagreement,46,margin,none,False,False,False,margin,0.7738,0.7548,4,99000,133.1,0,0,,,,,0
RBF_m,config_2,5,disagreement,45,mlhat_A,none,False,False,False,mlhat_A,0.817,0.7996,4,99000,166.8,0,0,,,,,0
RBF_m,config_2,5,disagreement,46,mlhat_A,none,False,False,False,mlhat_A,0.8243,0.8083,5,99000,170.2,0,0,,,,,0
RBF_m,config_2,1,disagreement,45,mlhat_A,none,False,False,False,mlhat_A,0.7541,0.733,3,99000,133.3,0,0,,,,,0
RBF_m,config_2,1,disagreement,46,mlhat_A,none,False,False,False,mlhat_A,0.7694,0.7497,5,99000,133.8,0,0,,,,,0
RBF_m,config_3,5,disagreement,45,sqrtAM,none,False,False,False,sqrtAM,0.8196,0.8032,5,99000,166.1,0,0,,,,,0
RBF_m,config_3,5,disagreement,46,sqrtAM,none,False,False,False,sqrtAM,0.8266,0.8112,5,99000,167.3,0,0,,,,,0
RBF_m,config_3,1,disagreement,45,sqrtAM,none,False,False,False,sqrtAM,0.7598,0.7412,3,99000,135.9,0,0,,,,,0
RBF_m,config_3,1,disagreement,46,sqrtAM,none,False,False,False,sqrtAM,0.778,0.7581,4,99000,132.1,0,0,,,,,0
RBF_m,config_4,5,disagreement,45,mmr,none,True,False,False,mmr,0.8201,0.8032,4,99000,181.0,0,0,,,,,0
RBF_m,config_4,5,disagreement,46,mmr,none,True,False,False,mmr,0.8254,0.8095,4,99000,183.4,0,0,,,,,0
RBF_m,config_4,1,disagreement,45,mmr,none,True,False,False,mmr,0.7576,0.7347,2,99000,144.8,0,0,,,,,0
RBF_m,config_4,1,disagreement,46,mmr,none,True,False,False,mmr,0.7757,0.7564,4,99000,145.5,0,0,,,,,0
RBF_m,config_5,5,disagreement,45,none,self_train_M,False,True,False,none,0.8103,0.7933,5,99000,260.9,2119216,94050,0.0,0.0,,,1952499
RBF_m,config_5,5,disagreement,46,none,self_train_M,False,True,False,none,0.8191,0.8021,5,99000,254.4,2067876,94050,0.0,0.0,,,1832556
RBF_m,config_5,1,disagreement,45,none,self_train_M,False,True,False,none,0.7516,0.7293,4,99000,195.0,1835344,98010,0.0,0.0,,,1185841
RBF_m,config_5,1,disagreement,46,none,self_train_M,False,True,False,none,0.7685,0.7471,5,99000,198.7,1900945,98010,0.0,0.0,,,1267935
RBF_m,config_6,5,disagreement,45,none,disagree_c,False,True,False,none,0.7978,0.7801,5,99000,207.4,14214,10463,0.4232605089364172,0.9590107858692588,-0.1134316147677127,0.6553291169395837,1302461
RBF_m,config_6,5,disagreement,46,none,disagree_c,False,True,False,none,0.8157,0.8003,6,99000,216.3,18979,13749,0.4179681463776822,0.9611948596543322,-0.1103636532231802,0.6874165123678804,1710234
RBF_m,config_6,1,disagreement,45,none,disagree_c,False,True,False,none,0.7382,0.7148,3,99000,166.0,12679,8936,0.4572048819113176,0.9556121852316988,-0.100445359034746,0.6087520860522913,949479
RBF_m,config_6,1,disagreement,46,none,disagree_c,False,True,False,none,0.7587,0.7352,5,99000,162.8,12809,7928,0.4367806259203053,0.9512761770416104,-0.1076841331962166,0.6156264139116179,858864
RBF_m,config_7,5,disagreement,45,none,train_C,False,True,False,none,0.8169,0.7998,5,99000,263.2,2141876,94050,0.0,0.0,,,1954437
RBF_m,config_7,5,disagreement,46,none,train_C,False,True,False,none,0.8195,0.8038,5,99000,256.8,2100872,94050,0.0,0.0,,,1952803
RBF_m,config_7,1,disagreement,45,none,train_C,False,True,False,none,0.7493,0.7276,4,99000,194.0,1819780,98010,0.0,0.0,,,1165957
RBF_m,config_7,1,disagreement,46,none,train_C,False,True,False,none,0.769,0.7499,5,99000,197.1,1908379,98010,0.0,0.0,,,1281833
RBF_m,config_8,5,disagreement,45,none,train_w,False,True,False,none,0.7821,0.7633,5,99000,199.3,66756,27624,0.4300811043985175,0.9612745121348812,-0.0201460841351774,0.7289241344248527,1220520
RBF_m,config_8,5,disagreement,46,none,train_w,False,True,False,none,0.8132,0.7955,5,99000,217.1,63209,27789,0.4169380886393005,0.962468074308887,-0.038046676180085,0.7428189612806414,1555511
RBF_m,config_8,1,disagreement,45,none,train_w,False,True,False,none,0.7009,0.6732,3,99000,170.8,46883,19485,0.4278440614002157,0.956788610496561,-0.0357676646309205,0.6769560755026529,733500
RBF_m,config_8,1,disagreement,46,none,train_w,False,True,False,none,0.7258,0.705,4,99000,177.8,63196,24246,0.4513515329013597,0.9597957091240394,-0.0068821730477108,0.7042905397246674,1011058
RBF_m,config_9,5,disagreement,45,sqrtAM,train_C,False,True,False,sqrtAM,0.8157,0.7992,4,99000,279.4,2188893,94050,0.0,0.0,,,2505498
RBF_m,config_9,5,disagreement,46,sqrtAM,train_C,False,True,False,sqrtAM,0.8216,0.8055,7,99000,279.7,2112918,94050,0.0,0.0,,,2508041
RBF_m,config_9,1,disagreement,45,sqrtAM,train_C,False,True,False,sqrtAM,0.7568,0.7339,3,99000,222.6,1961828,98010,0.0,0.0,,,2067452
RBF_m,config_9,1,disagreement,46,sqrtAM,train_C,False,True,False,sqrtAM,0.776,0.7572,4,99000,222.5,1863645,98010,0.0,0.0,,,2053922
RBF_m,config_10,5,disagreement,45,mmr,train_C,True,True,False,mmr,0.8159,0.7977,4,99000,292.4,2178057,94050,0.0,0.0,,,2635234
RBF_m,config_10,5,disagreement,46,mmr,train_C,True,True,False,mmr,0.8228,0.8053,6,99000,292.4,2149803,94050,0.0,0.0,,,2583391
RBF_m,config_10,1,disagreement,45,mmr,train_C,True,True,False,mmr,0.7593,0.7396,2,99000,236.8,1784246,98010,0.0,0.0,,,1986915
RBF_m,config_10,1,disagreement,46,mmr,train_C,True,True,False,mmr,0.772,0.7533,5,99000,262.3,1861871,98010,0.0,0.0,,,2155422
RBF_m,config_11,5,disagreement,45,sqrtAM,train_w,False,True,False,sqrtAM,0.7967,0.7787,4,99000,345.8,62518,25794,0.4274642442402223,0.9613177188251348,-0.0286633197638878,0.7233640115712786,1992205
RBF_m,config_11,5,disagreement,46,sqrtAM,train_w,False,True,False,sqrtAM,0.8203,0.8053,5,99000,359.1,64319,28078,0.415675200524105,0.9621332292152504,-0.0315912574314406,0.7413841899104798,2221690
RBF_m,config_11,1,disagreement,45,sqrtAM,train_w,False,True,False,sqrtAM,0.7434,0.723,2,99000,287.9,51692,21862,0.4395663917636215,0.9602183416001596,-0.0294650458455692,0.6873492587136771,1569299
RBF_m,config_11,1,disagreement,46,sqrtAM,train_w,False,True,False,sqrtAM,0.7654,0.7454,4,99000,291.0,66299,25911,0.4338529112550253,0.9602502808555112,-0.0108526609483418,0.7104590521852147,1736826
RBF_m,config_12,5,disagreement,45,mmr,train_w,True,True,False,mmr,0.8054,0.7866,3,99000,381.7,55330,24282,0.4205916470319775,0.9600293473107494,-0.0410061054666546,0.7237168995225624,2140657
RBF_m,config_12,5,disagreement,46,mmr,train_w,True,True,False,mmr,0.8054,0.7871,5,99000,384.9,61628,26081,0.4300174763660883,0.961186136343792,-0.0277046492807143,0.731721960690103,2095528
RBF_m,config_12,1,disagreement,45,mmr,train_w,True,True,False,mmr,0.7473,0.7246,2,99000,321.3,55209,22833,0.4335244196114661,0.959493317679562,-0.0283248008487408,0.689198321343361,1693668
RBF_m,config_12,1,disagreement,46,mmr,train_w,True,True,False,mmr,0.7642,0.7432,4,99000,329.9,71695,24397,0.4662952610524061,0.959718430991713,0.0006526757075289,0.7168350966498388,1989100
RBF_m,config_13,5,disagreement,45,none,self_train_A,False,True,False,none,0.814,0.7967,5,99000,413.7,2190367,93973,0.0,0.0,,,1956580
RBF_m,config_13,5,disagreement,46,none,self_train_A,False,True,False,none,0.8216,0.8049,5,99000,407.4,2212390,93962,0.0,0.0,,,1875982
RBF_m,config_13,1,disagreement,45,none,self_train_A,False,True,False,none,0.7528,0.731,4,99000,313.6,1907709,97864,0.0,0.0,,,1182981
RBF_m,config_base,5,disagreement,45,none,none,False,False,False,none,0.814,0.7961,5,99000,222.5,0,0,,,,,0
RBF_m,config_13,1,disagreement,46,none,self_train_A,False,True,False,none,0.7709,0.7491,5,99000,270.8,2084829,97947,0.0,0.0,,,1273777
RBF_m,config_base,1,disagreement,45,none,none,False,False,False,none,0.7573,0.7367,4,99000,210.2,0,0,,,,,0
RBF_m,config_base,5,disagreement,46,none,none,False,False,False,none,0.8223,0.8063,6,99000,264.3,0,0,,,,,0
RBF_f,config_0,5,disagreement,45,capymoa,capymoa,False,True,False,capymoa_sleade,0.7817,0.7595,-1,99000,170.3,0,0,,,,,0
RBF_f,config_0,5,disagreement,46,capymoa,capymoa,False,True,False,capymoa_sleade,0.7719,0.7494,-1,99000,169.3,0,0,,,,,0
RBF_m,config_base,1,disagreement,46,none,none,False,False,False,none,0.7711,0.7522,5,99000,236.1,0,0,,,,,0
RBF_f,config_0,1,disagreement,45,capymoa,capymoa,False,True,False,capymoa_sleade,0.7441,0.7222,-1,99000,169.7,0,0,,,,,0
RBF_f,config_0,1,disagreement,46,capymoa,capymoa,False,True,False,capymoa_sleade,0.7122,0.6871,-1,99000,171.0,0,0,,,,,0
RBF_f,config_1,5,disagreement,45,margin,none,False,False,False,margin,0.784,0.7627,4,99000,286.9,0,0,,,,,0
RBF_f,config_1,5,disagreement,46,margin,none,False,False,False,margin,0.7828,0.7625,5,99000,288.4,0,0,,,,,0
RBF_f,config_1,1,disagreement,45,margin,none,False,False,False,margin,0.7515,0.7295,3,99000,235.1,0,0,,,,,0
RBF_f,config_1,1,disagreement,46,margin,none,False,False,False,margin,0.7542,0.7294,5,99000,240.5,0,0,,,,,0
RBF_f,config_2,5,disagreement,45,mlhat_A,none,False,False,False,mlhat_A,0.7764,0.7556,4,99000,315.8,0,0,,,,,0
RBF_f,config_2,5,disagreement,46,mlhat_A,none,False,False,False,mlhat_A,0.7792,0.758,5,99000,320.5,0,0,,,,,0
RBF_f,config_2,1,disagreement,45,mlhat_A,none,False,False,False,mlhat_A,0.7477,0.7247,3,99000,257.3,0,0,,,,,0
RBF_f,config_2,1,disagreement,46,mlhat_A,none,False,False,False,mlhat_A,0.7472,0.7221,6,99000,256.6,0,0,,,,,0
RBF_f,config_3,5,disagreement,45,sqrtAM,none,False,False,False,sqrtAM,0.78,0.7597,4,99000,322.5,0,0,,,,,0
RBF_f,config_3,5,disagreement,46,sqrtAM,none,False,False,False,sqrtAM,0.7833,0.7618,6,99000,329.1,0,0,,,,,0
RBF_f,config_3,1,disagreement,45,sqrtAM,none,False,False,False,sqrtAM,0.7562,0.7336,3,99000,263.5,0,0,,,,,0
RBF_f,config_3,1,disagreement,46,sqrtAM,none,False,False,False,sqrtAM,0.7575,0.734,7,99000,258.9,0,0,,,,,0
RBF_f,config_4,5,disagreement,45,mmr,none,True,False,False,mmr,0.7781,0.7573,3,99000,339.0,0,0,,,,,0
RBF_f,config_4,5,disagreement,46,mmr,none,True,False,False,mmr,0.7807,0.7591,3,99000,343.4,0,0,,,,,0
RBF_f,config_4,1,disagreement,45,mmr,none,True,False,False,mmr,0.7468,0.7238,3,99000,274.7,0,0,,,,,0
RBF_f,config_4,1,disagreement,46,mmr,none,True,False,False,mmr,0.7562,0.7318,3,99000,274.7,0,0,,,,,0
RBF_f,config_5,5,disagreement,45,none,self_train_M,False,True,False,none,0.7782,0.7575,5,99000,486.7,2102536,94050,0.0,0.0,,,2101397
RBF_f,config_5,5,disagreement,46,none,self_train_M,False,True,False,none,0.7824,0.7617,6,99000,492.5,1998100,94050,0.0,0.0,,,1886374
RBF_f,config_5,1,disagreement,45,none,self_train_M,False,True,False,none,0.7484,0.7267,4,99000,380.1,1942097,98010,0.0,0.0,,,1361969
RBF_f,config_5,1,disagreement,46,none,self_train_M,False,True,False,none,0.7529,0.7297,6,99000,376.5,1844920,98010,0.0,0.0,,,1267162
RBF_f,config_6,5,disagreement,45,none,disagree_c,False,True,False,none,0.7752,0.7545,4,99000,415.8,18137,13447,0.4344119731947591,0.9614580976590296,-0.0915876927145509,0.6800778260494424,1729532
RBF_f,config_6,5,disagreement,46,none,disagree_c,False,True,False,none,0.7782,0.7566,6,99000,420.6,20187,14578,0.4302694404945967,0.9612365759459356,-0.0866718151804171,0.6826266659302148,1756857
RBF_f,config_6,1,disagreement,45,none,disagree_c,False,True,False,none,0.729,0.7044,4,99000,316.5,10203,7588,0.4651792552116573,0.9582813709288708,-0.1109919960863246,0.6185512151578351,989280
RBF_f,config_6,1,disagreement,46,none,disagree_c,False,True,False,none,0.7386,0.712,6,99000,322.1,15596,11268,0.4483414454471833,0.957659346782167,-0.1020491639674364,0.6233762799231305,1087386
RBF_f,config_7,5,disagreement,45,none,train_C,False,True,False,none,0.7808,0.7608,4,99000,483.0,2048762,94050,0.0,0.0,,,2003822
RBF_f,config_7,5,disagreement,46,none,train_C,False,True,False,none,0.784,0.7632,6,99000,484.2,2013163,94050,0.0,0.0,,,1902416
RBF_f,config_7,1,disagreement,45,none,train_C,False,True,False,none,0.7509,0.7291,4,99000,348.9,1889878,98010,0.0,0.0,,,1269738
RBF_f,config_7,1,disagreement,46,none,train_C,False,True,False,none,0.7552,0.7321,6,99000,345.3,1862457,98010,0.0,0.0,,,1213096
RBF_f,config_8,5,disagreement,45,none,train_w,False,True,False,none,0.7631,0.7417,4,99000,325.1,71773,28487,0.4396994329288249,0.963381614929026,-0.0144020369083915,0.7340265291007897,1409674
RBF_f,config_8,5,disagreement,46,none,train_w,False,True,False,none,0.7701,0.7479,6,99000,317.1,65878,28571,0.4310031848583072,0.9635716955353332,-0.0176511360173298,0.7370917758496215,1537126
RBF_f,config_8,1,disagreement,45,none,train_w,False,True,False,none,0.6933,0.6651,3,99000,232.2,77336,25604,0.4675559495412221,0.9640259142679553,0.0259699947749282,0.7101249977470953,858384
RBF_f,config_8,1,disagreement,46,none,train_w,False,True,False,none,0.7076,0.6816,6,99000,212.4,85806,27446,0.4794860331371405,0.9654549639355196,0.0222298228329308,0.7105761290711955,893420
RBF_f,config_9,5,disagreement,45,sqrtAM,train_C,False,True,False,sqrtAM,0.7763,0.7547,4,99000,291.4,2105124,94050,0.0,0.0,,,2559413
RBF_f,config_9,5,disagreement,46,sqrtAM,train_C,False,True,False,sqrtAM,0.7848,0.7645,6,99000,284.4,2154512,94050,0.0,0.0,,,2601388
RBF_f,config_9,1,disagreement,45,sqrtAM,train_C,False,True,False,sqrtAM,0.7508,0.7283,3,99000,228.9,1975353,98010,0.0,0.0,,,2162138
RBF_f,config_9,1,disagreement,46,sqrtAM,train_C,False,True,False,sqrtAM,0.7549,0.7284,6,99000,233.3,1969430,98010,0.0,0.0,,,2225017
RBF_f,config_10,5,disagreement,45,mmr,train_C,True,True,False,mmr,0.7787,0.7576,3,99000,307.9,2152283,94050,0.0,0.0,,,2627090
RBF_f,config_10,5,disagreement,46,mmr,train_C,True,True,False,mmr,0.778,0.7556,4,99000,312.2,2151164,94050,0.0,0.0,,,2699793
RBF_f,config_10,1,disagreement,45,mmr,train_C,True,True,False,mmr,0.749,0.7252,2,99000,243.6,1876652,98010,0.0,0.0,,,2148922
RBF_f,config_10,1,disagreement,46,mmr,train_C,True,True,False,mmr,0.7556,0.7304,3,99000,243.6,1848725,98010,0.0,0.0,,,2260553
RBF_f,config_11,5,disagreement,45,sqrtAM,train_w,False,True,False,sqrtAM,0.7633,0.7412,4,99000,232.9,62941,27037,0.433653305445119,0.9619255517118068,-0.0246834054085801,0.7260793582272626,2112612
RBF_f,config_11,5,disagreement,46,sqrtAM,train_w,False,True,False,sqrtAM,0.7742,0.7522,7,99000,242.7,70877,29353,0.4368808635683756,0.9628906748024404,-0.0174524257901312,0.7367893039487478,2250012
RBF_f,config_11,1,disagreement,45,sqrtAM,train_w,False,True,False,sqrtAM,0.728,0.7009,3,99000,191.3,76766,24505,0.4835520146959772,0.9631136614339704,0.0091332137562702,0.7092969323754602,1693324
RBF_f,config_11,1,disagreement,46,sqrtAM,train_w,False,True,False,sqrtAM,0.7451,0.7194,5,99000,193.3,68187,25442,0.4506828718143165,0.9604042089020588,-0.005701669250669,0.707544984645347,1773918
RBF_f,config_12,5,disagreement,45,mmr,train_w,True,True,False,mmr,0.7534,0.7287,3,99000,252.7,66959,27568,0.4374295366087018,0.9626983247897132,-0.0168525305604125,0.7251354493206275,2132565
RBF_f,config_12,5,disagreement,46,mmr,train_w,True,True,False,mmr,0.779,0.7572,3,99000,262.2,65060,28513,0.4284633171297601,0.964300080538714,-0.0231891363319746,0.7381743941673096,2338335
RBF_f,config_12,1,disagreement,45,mmr,train_w,True,True,False,mmr,0.7389,0.7146,2,99000,210.4,62927,24282,0.4511464366595118,0.9614428696326428,-0.0062949903866998,0.7029488238511513,1828580
RBF_f,config_12,1,disagreement,46,mmr,train_w,True,True,False,mmr,0.7486,0.7237,3,99000,217.8,87464,27114,0.4635335012408297,0.9605954859421824,0.019894092737914,0.7157390120195769,1971840
RBF_f,config_13,5,disagreement,45,none,self_train_A,False,True,False,none,0.7792,0.7574,4,99000,264.8,2164882,93963,0.0,0.0,,,1978001
RBF_f,config_13,5,disagreement,46,none,self_train_A,False,True,False,none,0.7807,0.7586,6,99000,269.4,2122263,93933,0.0,0.0,,,1876316
RBF_f,config_13,1,disagreement,45,none,self_train_A,False,True,False,none,0.7494,0.7279,4,99000,206.1,2029115,97845,0.0,0.0,,,1324228
RBF_f,config_13,1,disagreement,46,none,self_train_A,False,True,False,none,0.75,0.7266,6,99000,207.3,2007877,97913,0.0,0.0,,,1243890
RBF_f,config_base,5,disagreement,45,none,none,False,False,False,none,0.7814,0.7607,5,99000,169.1,0,0,,,,,0
RBF_f,config_base,5,disagreement,46,none,none,False,False,False,none,0.7854,0.7651,7,99000,173.7,0,0,,,,,0
RBF_f,config_base,1,disagreement,45,none,none,False,False,False,none,0.753,0.7317,4,99000,136.9,0,0,,,,,0
RBF_f,config_base,1,disagreement,46,none,none,False,False,False,none,0.7539,0.7295,6,99000,144.4,0,0,,,,,0
airlines,config_0,5,disagreement,45,capymoa,capymoa,False,True,False,capymoa_sleade,0.631,0.6071,-1,538383,301.3,0,0,,,,,0
airlines,config_0,5,disagreement,46,capymoa,capymoa,False,True,False,capymoa_sleade,0.6349,0.6135,-1,538383,325.8,0,0,,,,,0
airlines,config_0,1,disagreement,45,capymoa,capymoa,False,True,False,capymoa_sleade,0.6022,0.5635,-1,538383,313.4,0,0,,,,,0
airlines,config_0,1,disagreement,46,capymoa,capymoa,False,True,False,capymoa_sleade,0.6004,0.5631,-1,538383,299.7,0,0,,,,,0
airlines,config_1,5,disagreement,45,margin,none,False,False,False,margin,0.6441,0.63,2,538383,1043.3,0,0,,,,,0
airlines,config_1,5,disagreement,46,margin,none,False,False,False,margin,0.6221,0.6103,1,538383,1057.0,0,0,,,,,0
airlines,config_1,1,disagreement,46,margin,none,False,False,False,margin,0.6035,0.5856,0,538383,705.1,0,0,,,,,0
airlines,config_1,1,disagreement,45,margin,none,False,False,False,margin,0.6099,0.5921,0,538383,811.3,0,0,,,,,0
airlines,config_2,5,disagreement,45,mlhat_A,none,False,False,False,mlhat_A,0.6309,0.5899,3,538383,980.5,0,0,,,,,0
airlines,config_2,5,disagreement,46,mlhat_A,none,False,False,False,mlhat_A,0.6419,0.6079,4,538383,1068.5,0,0,,,,,0
airlines,config_2,1,disagreement,45,mlhat_A,none,False,False,False,mlhat_A,0.5985,0.5281,0,538383,809.2,0,0,,,,,0
airlines,config_2,1,disagreement,46,mlhat_A,none,False,False,False,mlhat_A,0.5874,0.5101,0,538383,710.1,0,0,,,,,0
airlines,config_3,5,disagreement,45,sqrtAM,none,False,False,False,sqrtAM,0.6288,0.6173,3,538383,983.4,0,0,,,,,0
airlines,config_3,5,disagreement,44,sqrtAM,none,False,False,False,sqrtAM,0.6382,0.6254,2,538383,1080.8,0,0,,,,,0
airlines,config_3,1,disagreement,42,sqrtAM,none,False,False,False,sqrtAM,0.6064,0.5889,0,538383,721.4,0,0,,,,,0
airlines,config_3,5,disagreement,46,sqrtAM,none,False,False,False,sqrtAM,0.6207,0.6105,2,538383,949.7,0,0,,,,,0
airlines,config_3,1,disagreement,44,sqrtAM,none,False,False,False,sqrtAM,0.6045,0.5875,0,538383,708.8,0,0,,,,,0
airlines,config_3,1,disagreement,43,sqrtAM,none,False,False,False,sqrtAM,0.5945,0.5796,0,538383,918.5,0,0,,,,,0
airlines,config_3,1,disagreement,45,sqrtAM,none,False,False,False,sqrtAM,0.6108,0.594,0,538383,915.6,0,0,,,,,0
airlines,config_3,1,disagreement,46,sqrtAM,none,False,False,False,sqrtAM,0.6039,0.5864,0,538383,919.4,0,0,,,,,0
airlines,config_4,5,disagreement,43,mmr,none,True,False,False,mmr,0.631,0.6173,3,538383,1005.5,0,0,,,,,0
airlines,config_4,5,disagreement,42,mmr,none,True,False,False,mmr,0.6324,0.6196,2,538383,1270.8,0,0,,,,,0
airlines,config_4,5,disagreement,44,mmr,none,True,False,False,mmr,0.6361,0.6221,2,538383,1061.3,0,0,,,,,0
airlines,config_4,5,disagreement,45,mmr,none,True,False,False,mmr,0.6235,0.6122,1,538383,1153.6,0,0,,,,,0
airlines,config_4,5,disagreement,46,mmr,none,True,False,False,mmr,0.6254,0.6127,1,538383,1127.8,0,0,,,,,0
airlines,config_4,1,disagreement,42,mmr,none,True,False,False,mmr,0.606,0.5877,0,538383,985.4,0,0,,,,,0
airlines,config_4,1,disagreement,43,mmr,none,True,False,False,mmr,0.5941,0.5786,0,538383,774.4,0,0,,,,,0
airlines,config_4,1,disagreement,44,mmr,none,True,False,False,mmr,0.604,0.5857,0,538383,985.8,0,0,,,,,0
airlines,config_4,1,disagreement,45,mmr,none,True,False,False,mmr,0.6099,0.5924,0,538383,782.6,0,0,,,,,0
airlines,config_4,1,disagreement,46,mmr,none,True,False,False,mmr,0.6034,0.5852,0,538383,786.3,0,0,,,,,0
airlines,config_5,5,disagreement,42,none,self_train_M,False,True,False,none,0.6387,0.587,6,538383,1274.8,8283981,511458,0.0,0.0,,,9197951
airlines,config_5,5,disagreement,43,none,self_train_M,False,True,False,none,0.6396,0.5886,5,538383,1306.1,8127674,510437,0.0,0.0,,,8887117
airlines,config_5,5,disagreement,44,none,self_train_M,False,True,False,none,0.6435,0.5948,5,538383,1288.9,8174403,511453,0.0,0.0,,,8065092
airlines,config_5,5,disagreement,45,none,self_train_M,False,True,False,none,0.6398,0.5874,4,538383,1377.7,8343666,511363,0.0,0.0,,,8619161
airlines,config_5,5,disagreement,46,none,self_train_M,False,True,False,none,0.6401,0.5863,8,538383,1269.0,8468138,508342,0.0,0.0,,,10137822
airlines,config_5,1,disagreement,42,none,self_train_M,False,True,False,none,0.5778,0.4325,0,538383,998.2,5255587,532997,0.0,0.0,,,3250112
airlines,config_5,1,disagreement,43,none,self_train_M,False,True,False,none,0.5786,0.4436,0,538383,863.6,4979032,527446,0.0,0.0,,,4017339
airlines,config_5,1,disagreement,44,none,self_train_M,False,True,False,none,0.5929,0.4756,0,538383,897.5,5013859,532887,0.0,0.0,,,4074474
airlines,config_5,1,disagreement,45,none,self_train_M,False,True,False,none,0.5955,0.4907,0,538383,841.2,5898134,532421,0.0,0.0,,,2987678
airlines,config_5,1,disagreement,46,none,self_train_M,False,True,False,none,0.5865,0.4644,0,538383,843.2,4736207,501977,0.0,0.0,,,4919245
airlines,config_6,5,disagreement,42,none,disagree_c,False,True,False,none,0.6139,0.5504,10,538383,1170.5,73453,55578,0.3119124058474681,0.9568206176409472,0.1552570118023151,0.7630695951690337,7968504
airlines,config_6,5,disagreement,43,none,disagree_c,False,True,False,none,0.631,0.5921,6,538383,1115.5,76566,56097,0.3091681601759322,0.9550520758738716,0.09978563691682,0.7453268121727356,6886829
airlines,config_6,5,disagreement,44,none,disagree_c,False,True,False,none,0.6062,0.5462,8,538383,1220.5,74259,52884,0.3110166648914407,0.95373647963707,0.1431329259255374,0.757669110133475,7450634
airlines,config_6,5,disagreement,45,none,disagree_c,False,True,False,none,0.6408,0.5992,4,538383,1260.7,89070,64589,0.3165599665561585,0.9556083359457748,0.0806434590460986,0.7567615850326689,7623723
airlines,config_6,1,disagreement,42,none,disagree_c,False,True,False,none,0.586,0.4813,0,538383,1101.7,135909,91941,0.2745010388111881,0.9551319962810024,0.206437798168088,0.7620001637557005,7650515
airlines,config_6,5,disagreement,46,none,disagree_c,False,True,False,none,0.6365,0.5915,6,538383,1523.0,84539,62487,0.3385013506984418,0.9549483588674412,0.1090017679596608,0.759883935354986,7941852
airlines,config_6,1,disagreement,43,none,disagree_c,False,True,False,none,0.5834,0.4894,0,538383,881.2,150396,94844,0.318083506873854,0.9519404404542368,0.2140950884418128,0.7607681759327415,7651614
airlines,config_6,1,disagreement,44,none,disagree_c,False,True,False,none,0.5946,0.5025,0,538383,890.9,124472,82462,0.3662181108691867,0.9554753762637138,0.2049133796822289,0.7630028375657486,7481664
airlines,config_6,1,disagreement,45,none,disagree_c,False,True,False,none,0.5908,0.4953,0,538383,1008.1,127661,87266,0.3101601757554628,0.9561027602993042,0.1795153185536205,0.75698850697737,7418906
airlines,config_6,1,disagreement,46,none,disagree_c,False,True,False,none,0.5906,0.4895,0,538383,1141.5,107670,75373,0.3245568726270469,0.953638352179579,0.2397419798564474,0.7783956011375179,9055729
airlines,config_7,5,disagreement,43,none,train_C,False,True,False,none,0.6388,0.5935,4,538383,1132.6,7701684,510021,0.0,0.0,,,8244814
airlines,config_7,5,disagreement,42,none,train_C,False,True,False,none,0.6396,0.5907,8,538383,1191.3,7875548,511368,0.0,0.0,,,8905245
airlines,config_7,5,disagreement,45,none,train_C,False,True,False,none,0.6412,0.5945,7,538383,1337.0,7962309,511310,0.0,0.0,,,8637267
airlines,config_7,5,disagreement,44,none,train_C,False,True,False,none,0.6357,0.5804,9,538383,1513.5,8312039,511376,0.0,0.0,,,9444072
airlines,config_7,1,disagreement,42,none,train_C,False,True,False,none,0.5911,0.4808,0,538383,849.4,5143029,532354,0.0,0.0,,,2616188
airlines,config_7,5,disagreement,46,none,train_C,False,True,False,none,0.6422,0.5947,5,538383,1278.8,7773057,507505,0.0,0.0,,,8622728
airlines,config_7,1,disagreement,43,none,train_C,False,True,False,none,0.5827,0.4611,0,538383,968.4,4754879,522197,0.0,0.0,,,2619322
airlines,config_7,1,disagreement,44,none,train_C,False,True,False,none,0.5953,0.5012,0,538383,878.2,5022314,531801,0.0,0.0,,,4121335
airlines,config_7,1,disagreement,45,none,train_C,False,True,False,none,0.6075,0.5259,0,538383,863.9,5366708,530207,0.0,0.0,,,2205494
airlines,config_7,1,disagreement,46,none,train_C,False,True,False,none,0.5948,0.4919,0,538383,844.8,4674857,501737,0.0,0.0,,,3597927
airlines,config_8,5,disagreement,42,none,train_w,False,True,False,none,0.639,0.6089,1,538383,1260.2,299933,120893,0.523883045624575,0.9624895344203956,0.1210829014119091,0.7827731079336945,6905132
airlines,config_8,5,disagreement,43,none,train_w,False,True,False,none,0.6398,0.6109,3,538383,1207.7,289149,118569,0.5119746833490156,0.9616585912148564,0.1218047228436333,0.7839340759158197,7145794
airlines,config_8,5,disagreement,44,none,train_w,False,True,False,none,0.6371,0.6074,4,538383,1225.2,294195,120486,0.5096872367567112,0.9619391995562872,0.1198906795373259,0.7873058274193617,7205966
airlines,config_8,5,disagreement,45,none,train_w,False,True,False,none,0.644,0.6165,4,538383,1308.9,267011,116809,0.5091447892299252,0.9597468405637783,0.1043390023728681,0.7828759431174661,7076167
airlines,config_8,1,disagreement,42,none,train_w,False,True,False,none,0.6042,0.5741,0,538383,924.6,279441,112051,0.5275356072592432,0.9662485104376556,0.1450294860184106,0.7848534621445964,7276758
airlines,config_8,5,disagreement,46,none,train_w,False,True,False,none,0.6074,0.569,4,538383,1395.6,357613,128559,0.6377140653322738,0.9615463273952988,0.1887427418304874,0.7967591649987441,7852633
airlines,config_8,1,disagreement,43,none,train_w,False,True,False,none,0.5954,0.5587,0,538383,1044.8,270179,110455,0.4954624708860359,0.9641581179910028,0.1497062792884037,0.7792035479287623,7022924
airlines,config_8,1,disagreement,44,none,train_w,False,True,False,none,0.609,0.5699,0,538383,924.2,273594,116574,0.4690633175132361,0.965494493331871,0.1390500459535199,0.7719874921048286,6846202
airlines,config_8,1,disagreement,45,none,train_w,False,True,False,none,0.609,0.5814,0,538383,1114.0,291109,124895,0.4761956312713985,0.9617789306706008,0.1180560184736194,0.7677607153267881,5115314
airlines,config_8,1,disagreement,46,none,train_w,False,True,False,none,0.6048,0.5719,0,538383,1063.7,227718,99720,0.5295452579912898,0.961264279268404,0.1372622231522741,0.7747467084000567,7109554
airlines,config_9,5,disagreement,42,sqrtAM,train_C,False,True,False,sqrtAM,0.6439,0.6215,5,538383,1283.3,7935615,511389,0.0,0.0,,,9850804
airlines,config_9,5,disagreement,43,sqrtAM,train_C,False,True,False,sqrtAM,0.6353,0.6153,5,538383,1281.6,7791070,510329,0.0,0.0,,,8517868
airlines,config_9,5,disagreement,44,sqrtAM,train_C,False,True,False,sqrtAM,0.6274,0.6086,6,538383,1369.5,7645773,511302,0.0,0.0,,,9974465
airlines,config_9,5,disagreement,45,sqrtAM,train_C,False,True,False,sqrtAM,0.6437,0.6235,5,538383,1394.6,8055343,511312,0.0,0.0,,,9127123
airlines,config_9,1,disagreement,42,sqrtAM,train_C,False,True,False,sqrtAM,0.6152,0.5695,0,538383,991.6,4998521,532386,0.0,0.0,,,9740746
airlines,config_9,5,disagreement,46,sqrtAM,train_C,False,True,False,sqrtAM,0.6498,0.6299,3,538383,1338.6,7912270,507540,0.0,0.0,,,10421781
airlines,config_9,1,disagreement,43,sqrtAM,train_C,False,True,False,sqrtAM,0.6002,0.5646,0,538383,900.4,4595827,522355,0.0,0.0,,,6263469
airlines,config_9,1,disagreement,44,sqrtAM,train_C,False,True,False,sqrtAM,0.6104,0.5666,0,538383,1168.9,5063072,532113,0.0,0.0,,,9022547
airlines,config_9,1,disagreement,45,sqrtAM,train_C,False,True,False,sqrtAM,0.6183,0.5709,0,538383,1152.1,5547803,530643,0.0,0.0,,,4438431
airlines,config_9,1,disagreement,46,sqrtAM,train_C,False,True,False,sqrtAM,0.6111,0.5772,0,538383,967.9,4956153,503363,0.0,0.0,,,10092396
airlines,config_10,5,disagreement,42,mmr,train_C,True,True,False,mmr,0.634,0.6123,7,538383,1758.8,8179942,511427,0.0,0.0,,,10506784
airlines,config_10,5,disagreement,43,mmr,train_C,True,True,False,mmr,0.6433,0.6219,7,538383,1740.0,8081497,510277,0.0,0.0,,,10369501
airlines,config_10,5,disagreement,44,mmr,train_C,True,True,False,mmr,0.6372,0.6166,5,538383,1439.1,7744058,511349,0.0,0.0,,,10088944
airlines,config_10,5,disagreement,45,mmr,train_C,True,True,False,mmr,0.6398,0.6182,5,538383,1646.6,8314557,511326,0.0,0.0,,,10078861
airlines,config_10,5,disagreement,46,mmr,train_C,True,True,False,mmr,0.6484,0.6256,4,538383,1471.4,8292287,507863,0.0,0.0,,,11762133
airlines,config_10,1,disagreement,42,mmr,train_C,True,True,False,mmr,0.6113,0.5758,0,538383,1052.6,4822049,532171,0.0,0.0,,,9014042
airlines,config_10,1,disagreement,43,mmr,train_C,True,True,False,mmr,0.6039,0.5665,0,538383,1183.1,4961130,524553,0.0,0.0,,,7841726
airlines,config_10,1,disagreement,44,mmr,train_C,True,True,False,mmr,0.6089,0.5771,0,538383,1123.9,5049391,531996,0.0,0.0,,,9191061
airlines,config_10,1,disagreement,45,mmr,train_C,True,True,False,mmr,0.6138,0.5791,0,538383,1123.0,5399021,530110,0.0,0.0,,,5543990
airlines,config_10,1,disagreement,46,mmr,train_C,True,True,False,mmr,0.613,0.5721,0,538383,1425.4,4774958,503124,0.0,0.0,,,10750541
airlines,config_11,5,disagreement,42,sqrtAM,train_w,False,True,False,sqrtAM,0.636,0.6293,5,538383,1200.4,290651,112132,0.5175362770184457,0.961737828017176,0.1114895244425571,0.7711303006280914,7253084
airlines,config_11,5,disagreement,43,sqrtAM,train_w,False,True,False,sqrtAM,0.6176,0.6125,4,538383,1187.1,319806,119778,0.560463867537502,0.9624977007507844,0.1410163373346311,0.7843323194660194,8133124
airlines,config_11,5,disagreement,44,sqrtAM,train_w,False,True,False,sqrtAM,0.6349,0.6287,5,538383,1392.4,300369,116893,0.5114887055489623,0.9617789763811097,0.10401836594146041,0.7704285778823351,7081483
airlines,config_11,5,disagreement,45,sqrtAM,train_w,False,True,False,sqrtAM,0.62,0.6149,3,538383,1456.0,321589,125070,0.583681408640442,0.9595577450499293,0.15485052795765147,0.7838865887497943,7957051
airlines,config_11,1,disagreement,42,sqrtAM,train_w,False,True,False,sqrtAM,0.596,0.5907,0,538383,1213.8,263852,107539,0.49913536377586837,0.9642686160275649,0.14630221432395313,0.778737786863061,8264465
